code,mean_forward_speed_kmph
AL011851,9.842744227964808
AL011852,18.861590171449624
AL011853,
AL011854,18.063246948555694
AL011855,
AL011856,14.731293867324972
AL011857,19.47764081065824
AL011858,
AL011859,
AL011860,13.124250767301296
AL011861,18.436591386083823
AL011862,9.73188670705166
AL011863,15.597703182071058
AL011864,49.24425308472279
AL011865,
AL011866,9.510435770732558
AL011867,13.139055900594354
AL011868,26.947203242435926
AL011869,21.82505723873796
AL011870,
AL011871,19.973761278998598
AL011872,13.013983756718853
AL011873,32.506713077259505
AL011874,17.54696105133794
AL011875,21.509888555103707
AL011876,18.88480651209413
AL011877,32.727752866788464
AL011878,19.795318661082803
AL011879,26.569252315676454
AL011880,10.335057572112333
AL011881,13.431013079358982
AL011882,36.467200487240916
AL011883,30.08824185861132
AL011884,33.6749798726715
AL011885,24.15231556089953
AL011886,21.644446710083532
AL011887,21.86085561269756
AL011888,9.110709476739757
AL011889,18.84538398889787
AL011890,10.272915669852472
AL011891,16.121333459828183
AL011892,13.916092989402255
AL011893,23.529026553549656
AL011894,10.498225291011304
AL011895,9.546772672451407
AL011896,26.4298462581611
AL011897,27.982088600587023
AL011898,25.05100390246998
AL011899,15.234144430603344
AL011900,26.94958572619978
AL011901,20.51683564878717
AL011902,32.35704607948759
AL011903,32.15261347573407
AL011904,12.950301707764172
AL011905,28.63098312588385
AL011906,17.577388720046887
AL011907,30.864480871485643
AL011908,15.426514484532582
AL011909,4.634918063819982
AL011910,24.030045646244698
AL011911,23.7827124060839
AL011912,15.707308430050569
AL011913,17.083358424014662
AL011914,19.739330165381478
AL011915,19.539548431980855
AL011916,27.770787121298937
AL011917,22.919014827359867
AL011918,30.842530548625284
AL011919,13.177784988027001
AL011920,26.2291383637183
AL011921,13.806975325446068
AL011922,22.61122842751428
AL011923,21.749664909770473
AL011924,20.608311697231564
AL011925,28.989552565045155
AL011926,21.36562697432364
AL011927,40.203662348843515
AL011928,16.61270402455998
AL011929,28.256153177340284
AL011930,21.531965344667725
AL011931,16.489257450676988
AL011932,19.914878291052084
AL011933,16.793355618963528
AL011934,17.803190242826403
AL011935,25.993128457582255
AL011936,27.13425540876112
AL011937,27.67881656751794
AL011938,21.60815860126993
AL011939,19.117828458939126
AL011940,15.752597350034398
AL011941,8.316418867267519
AL011942,24.63867496692685
AL011943,12.10429852856543
AL011944,26.02729476900876
AL011945,21.582832402927632
AL011946,11.355350041804854
AL011947,17.28041348085907
AL011948,14.436063788996968
AL011949,38.33918917860174
AL011950,26.123588396144672
AL011951,23.617642830933512
AL011952,51.37580041861407
AL011953,11.157010676616174
AL011954,44.350461327729576
AL011955,14.135359563194044
AL011956,23.929741459848298
AL011957,21.813427210793396
AL011958,23.270120730504186
AL011959,17.05888352959375
AL011960,18.835701659571303
AL011961,27.62380773520075
AL011962,19.36014302335554
AL011963,31.104468235589888
AL011964,21.105727021265466
AL011965,35.76871253297351
AL011966,16.607110978889242
AL011967,7.311878235336928
AL011968,12.003670631443022
AL011970,16.179605298740793
AL011971,32.16230348889639
AL011972,15.225032038616904
AL011973,16.677253242895997
AL011974,10.045155960296617
AL011975,14.520200576757361
AL011976,29.010799046214217
AL011977,19.50637945123338
AL011978,19.940565623661172
AL011979,14.778764738798646
AL011980,14.10722885858746
AL011981,17.91064862730489
AL011982,9.668929642379117
AL011983,25.91738461990334
AL011984,11.089050425557552
AL011985,28.684810595227827
AL011986,20.687242899973306
AL011987,12.563337784512528
AL011988,38.50586199502176
AL011989,6.713043453985942
AL011990,17.012347331777715
AL011991,27.108556891895784
AL011992,10.077230887569293
AL011993,34.70362720364591
AL011994,11.074103393057047
AL011995,34.34728425623042
AL011996,36.97765205711475
AL011997,36.41698643892435
AL011998,26.041714246416497
AL011999,9.309776922473867
AL012000,5.8306985268457465
AL012001,14.626516592306094
AL012002,37.133931473560494
AL012003,24.448855313463863
AL012004,31.81347542416483
AL012005,26.524354744093117
AL012006,37.994633623458455
AL012007,14.129687327617605
AL012008,8.666210228769097
AL012009,24.441970624651702
AL012010,14.847132079172109
AL012011,10.534487359732346
AL012012,16.824520247280333
AL012013,37.80087599073756
AL012014,20.21098896554841
AL012015,15.182905435106905
AL012016,37.67935788921724
AL012017,24.151932827043545
AL012018,22.963128955686358
AL012019,14.923251503597326
AL012020,20.81386126795314
AL012021,22.007595416715382
AL012022,30.240333952462617
AL012023,34.5438568202948
AL012024,16.114259904983353
AL021851,
AL021852,22.411056496111126
AL021853,
AL021854,
AL021855,57.20768489611329
AL021856,24.62359837911572
AL021857,19.729932733591472
AL021858,
AL021859,15.229518501662447
AL021860,27.027444972007956
AL021861,17.46458616821237
AL021862,34.807943783483275
AL021863,23.601972162330277
AL021864,
AL021865,
AL021866,32.41329056919844
AL021867,31.777064521724608
AL021868,26.467559231509334
AL021869,17.511065103263412
AL021870,28.110575066836734
AL021871,18.747193179267303
AL021872,19.06052019620344
AL021873,22.603783271622188
AL021874,25.799632308718582
AL021875,26.371712668417874
AL021876,29.090866989615837
AL021877,14.532804914875477
AL021878,16.780883026242375
AL021879,31.950093759882876
AL021880,19.086061048134216
AL021881,16.08983408977554
AL021882,22.674959731380362
AL021883,32.37031902143255
AL021884,20.29654815659751
AL021885,34.20721270196895
AL021886,22.42872622672988
AL021887,15.942896827139629
AL021888,14.60092814535357
AL021889,26.163535748509915
AL021890,18.906486568200556
AL021891,19.71734407388421
AL021892,29.3094029015846
AL021893,21.89936249893391
AL021894,8.41746141375137
AL021895,21.725582219430994
AL021896,16.602137406935224
AL021897,23.51424352492289
AL021898,15.182435308301605
AL021899,19.457576867595197
AL021900,23.05284479413037
AL021901,23.60955227193116
AL021902,18.184958159024887
AL021903,24.928779410572684
AL021904,28.76802699719171
AL021905,12.195092970221326
AL021906,17.209284741533097
AL021907,18.222719702588268
AL021908,20.715770807397686
AL021909,12.879822921417764
AL021910,5.710021446927278
AL021911,11.806819402422038
AL021912,15.213399602197507
AL021913,32.56462513587079
AL021915,24.66132346255091
AL021916,11.51554100670367
AL021917,26.403034509936273
AL021918,35.90841009024013
AL021919,15.185363326957713
AL021920,22.551771252271628
AL021921,7.383624927193103
AL021922,25.401645485312635
AL021923,12.929901598894334
AL021924,31.59835973975434
AL021925,24.878493245607824
AL021926,19.659060455492618
AL021927,23.410787159548658
AL021928,19.804214001865503
AL021929,14.810400264863375
AL021930,21.29226485731906
AL021931,19.552302942772613
AL021932,18.964727782419253
AL021933,21.676526208544054
AL021934,30.128852541732034
AL021935,21.881720324519193
AL021936,14.237401422688421
AL021937,18.956460008901153
AL021938,32.02178816849271
AL021939,15.99675008697756
AL021940,10.43716057075582
AL021941,25.06719243878935
AL021942,20.43873855992805
AL021943,22.61337640133753
AL021944,32.42467822199312
AL021945,10.737985354593931
AL021946,23.163799925551984
AL021947,16.979731072888953
AL021948,10.774979181887897
AL021949,38.51850218390987
AL021950,16.958837350584773
AL021951,18.911614107761146
AL021952,24.925085127185923
AL021953,21.375003508015737
AL021954,19.207861589794586
AL021955,22.121257820457483
AL021956,18.04767936615296
AL021957,24.80733606684756
AL021958,36.76860498780605
AL021959,6.0432142635195785
AL021960,24.556554838996718
AL021961,28.18787631445365
AL021962,30.693554136375305
AL021963,25.904457648579996
AL021964,29.459588515990394
AL021965,31.91983346269216
AL021966,27.010075126455856
AL021968,23.105534211846788
AL021970,20.911644314767244
AL021971,17.55566819697213
AL021972,16.51866442823642
AL021973,22.963558444887834
AL021974,53.74801379855198
AL021975,21.691606951010026
AL021976,30.805301069365797
AL021977,23.251575462216053
AL021978,11.29158359348009
AL021979,22.31185646156849
AL021980,9.643745982323903
AL021981,15.808593750031983
AL021982,52.9825853446529
AL021983,27.594610185864138
AL021984,12.878514938644816
AL021985,16.428353779878158
AL021986,16.63115156726882
AL021987,22.292009641502574
AL021988,10.181808021581398
AL021989,7.856766120293727
AL021990,30.351300730811833
AL021991,6.208842972379218
AL021992,22.423674326963408
AL021993,13.154411938100944
AL021994,15.94801726959474
AL021995,21.508951869392796
AL021996,34.99107446375834
AL021997,20.08818183109214
AL021998,26.123606345173474
AL021999,19.61630775608044
AL022000,30.759478383751585
AL022001,30.823843933435654
AL022002,10.763504308907455
AL022003,31.13501504611283
AL022004,26.862324820609125
AL022005,13.156366266450055
AL022006,32.22455916160437
AL022007,29.525680836684614
AL022008,22.960346577331418
AL022009,22.22663755638171
AL022010,21.497055723637754
AL022011,17.127113966912102
AL022012,22.74607818374939
AL022013,15.922623832989752
AL022014,30.143922184161042
AL022015,19.701694037521673
AL022016,19.732028231373935
AL022017,36.55431936772959
AL022018,25.740107597029187
AL022019,11.28579007501403
AL022020,31.73801391535443
AL022021,39.64572934647268
AL022022,29.753124099688232
AL022023,10.85903702605677
AL022024,28.908691394417108
AL031851,
AL031852,18.153227932287212
AL031853,34.68699111937055
AL031854,28.416487946675144
AL031855,
AL031856,24.31195463443264
AL031857,0.0
AL031858,41.5124005285572
AL031859,20.25540726329552
AL031860,
AL031861,21.82979580895785
AL031862,21.165408827201702
AL031863,27.48324792694603
AL031864,26.256425282805825
AL031865,11.573764574330976
AL031866,28.259880858481267
AL031867,
AL031868,10.065034575849895
AL031869,17.050284133101453
AL031870,32.656526070739645
AL031871,11.83700925667468
AL031872,13.551479969117683
AL031873,37.37237184240215
AL031874,24.90637583272216
AL031875,21.72368590155968
AL031876,32.23575315365981
AL031877,19.59056703532358
AL031878,30.889043063109202
AL031879,23.02224775414358
AL031880,22.88262992763889
AL031881,19.146109089943682
AL031882,14.345137439518128
AL031883,18.264693084275486
AL031884,28.081193874191605
AL031885,26.2905053443876
AL031886,23.981502752826227
AL031887,18.20841389139945
AL031888,26.724134917585076
AL031889,12.024970154990934
AL031890,37.237352188157956
AL031891,18.521972177526905
AL031892,23.34805165075579
AL031893,27.77549678213888
AL031894,26.620897828956803
AL031895,22.352874916603763
AL031896,31.120739712783035
AL031897,32.63382129687215
AL031898,27.10066225785482
AL031899,17.67103155874877
AL031900,16.537492285603577
AL031901,20.0976637585234
AL031902,31.699237352879734
AL031903,13.484014489359865
AL031904,10.580119352078658
AL031905,15.476845755909709
AL031906,22.049198947307804
AL031907,41.085220308541935
AL031908,17.24981292564455
AL031909,14.87699809110274
AL031910,17.85227606379008
AL031911,13.655751833580872
AL031912,13.057911898302258
AL031913,21.177212676946922
AL031915,13.845534452019642
AL031916,20.831198697663357
AL031917,36.896223210760034
AL031918,19.58453105637884
AL031919,24.712847743663776
AL031920,11.049810303052432
AL031921,30.684730551013644
AL031922,9.909606922926018
AL031923,16.009332524172073
AL031924,24.67371262295032
AL031925,22.378052330434453
AL031926,18.870359047438807
AL031927,19.787554165351683
AL031928,17.820472948962983
AL031929,24.249766904524353
AL031930,6.996478551525055
AL031931,20.493683093878882
AL031932,22.25242919179261
AL031933,17.852677342939675
AL031934,22.732954473359154
AL031935,27.147874018795132
AL031936,13.08775126571759
AL031937,17.462226584950567
AL031938,35.88651406401224
AL031939,23.676931817180012
AL031940,16.007524753216657
AL031941,14.923534550768995
AL031942,17.722144355476313
AL031943,28.552804854150146
AL031944,27.278592622975033
AL031945,22.86261768402611
AL031946,24.891774075512682
AL031947,11.847861497668108
AL031948,28.886928266892404
AL031949,17.7559960376698
AL031950,19.61632621578055
AL031951,30.4310047214972
AL031952,30.236357995435316
AL031953,29.958638625851805
AL031954,21.065729121748223
AL031955,27.438137105866012
AL031956,28.723235587477998
AL031957,14.219856756080487
AL031958,34.45914928491375
AL031959,45.84814541130866
AL031960,29.797005233158796
AL031961,24.23635356113488
AL031962,20.74940971780173
AL031963,33.829705742372425
AL031964,15.594357722376076
AL031965,17.867444610372964
AL031966,26.33181524258826
AL031967,14.212816707064919
AL031968,35.996616887237295
AL031969,19.507549923027973
AL031970,25.031401585730734
AL031971,8.271235442178751
AL031972,13.317147234013204
AL031973,8.043590568994375
AL031974,33.09516405266268
AL031975,27.30117154786341
AL031976,49.49350765860401
AL031977,12.832584591671356
AL031978,37.19578407465137
AL031979,23.712601721790307
AL031980,26.391541305828927
AL031981,24.88399029724702
AL031982,20.766978178004674
AL031983,15.218836214007894
AL031984,40.98563587020759
AL031985,32.270071918685645
AL031986,22.60837380810083
AL031987,10.392816930747532
AL031988,33.49076927391018
AL031989,25.43007789265444
AL031990,17.230234866829488
AL031991,24.69199691373799
AL031992,15.135880301118501
AL031993,30.753996136111247
AL031994,19.68992458247151
AL031995,30.076208813836935
AL031996,28.654668886566938
AL031997,45.19141614074073
AL031998,15.482215792969205
AL031999,10.311114964323501
AL032000,26.218396938319213
AL032001,13.098662255545236
AL032002,10.537883582913063
AL032003,22.47665380910255
AL032004,37.212020425436826
AL032005,26.324074749546053
AL032006,29.70860007417903
AL032007,40.69874866946783
AL032008,23.680914940467776
AL032009,39.70153309481113
AL032010,25.29500932656209
AL032011,45.49378481498292
AL032012,28.687471417403284
AL032013,46.511898891160286
AL032014,38.95718178060447
AL032015,25.518539177848318
AL032016,48.14957801649889
AL032017,26.56234410624311
AL032018,23.071076555406954
AL032019,23.26658595583255
AL032020,19.489340503452432
AL032021,31.800512061914546
AL032022,13.369928431424597
AL032023,29.27939315357199
AL032024,15.468055085788938
AL041851,29.025737021728503
AL041852,15.937305155653203
AL041853,36.61169393019236
AL041854,8.181201237819824
AL041855,23.701395398301468
AL041856,
AL041857,30.554811385876
AL041858,27.030268127824762
AL041859,53.69640943803173
AL041860,10.622321103822108
AL041861,
AL041862,
AL041863,29.001309639326763
AL041864,0.0
AL041865,23.857179619949445
AL041866,
AL041867,19.451629044325337
AL041868,20.794477732137214
AL041869,20.982845803674575
AL041870,34.53083178914699
AL041871,25.814676805144693
AL041872,27.774323905842326
AL041873,33.429012441156026
AL041874,10.474381069494862
AL041875,17.034885385978697
AL041876,22.349668027579764
AL041877,20.00315549181307
AL041878,26.035158795831485
AL041879,13.818459789388452
AL041880,16.10978585390085
AL041881,30.718788172943665
AL041882,20.939856121397646
AL041883,37.491467306509435
AL041884,10.903019238276155
AL041885,28.42951030351981
AL041886,29.719360134197544
AL041887,23.53321875849366
AL041888,19.15606303730931
AL041889,14.759672635693546
AL041890,18.921313773677376
AL041891,29.502313110261724
AL041892,26.336744449139037
AL041893,27.854008791535904
AL041894,19.900670085067638
AL041895,20.98281807173913
AL041896,26.236400427993075
AL041897,9.113020179887023
AL041898,23.92546713726389
AL041899,23.39287837077643
AL041900,17.072881251494458
AL041901,17.12415271730398
AL041902,21.466796242718683
AL041903,25.511309662973364
AL041904,10.940798109309362
AL041905,21.675332529445186
AL041906,27.453600141907614
AL041907,33.41202111700061
AL041908,8.380632714039457
AL041909,21.378137165806944
AL041910,26.210534729289087
AL041911,18.261002084655537
AL041912,9.502735724051956
AL041913,12.478379316158039
AL041915,22.130691262874603
AL041916,15.064842040886477
AL041917,19.415464940890576
AL041918,6.737908273628173
AL041919,16.372988995582922
AL041920,8.826334535971617
AL041921,19.843808863552844
AL041922,9.124694812103625
AL041923,36.23347160141214
AL041924,24.933200654767422
AL041925,17.128835520622175
AL041926,15.003591973755778
AL041927,25.52772638007227
AL041928,26.16782773111085
AL041929,19.40090912078096
AL041931,17.921871135999442
AL041932,24.19899823999989
AL041933,20.950236317097556
AL041934,23.17044158587173
AL041935,15.53409058495627
AL041936,23.58791832909429
AL041937,26.065093790647147
AL041938,21.97900763317369
AL041939,17.079234538158865
AL041940,17.032023302383756
AL041941,23.73957060087437
AL041942,13.158434075718404
AL041943,15.779084802703743
AL041944,23.035764019640673
AL041945,30.242158495296177
AL041946,37.38291559423361
AL041947,22.071536225572405
AL041948,19.83961545778141
AL041949,25.605885460311438
AL041950,22.03801088343245
AL041951,21.96133587978623
AL041952,27.47012902762296
AL041953,33.919089019177946
AL041954,15.63936323888066
AL041955,18.962146074177603
AL041956,37.564716573433074
AL041957,20.56685902788532
AL041958,22.44043587103767
AL041959,19.095385560561404
AL041960,33.427495668900605
AL041961,34.61568669232162
AL041962,23.81064388936701
AL041963,9.992476428921918
AL041964,23.543858190647807
AL041965,20.688730752614653
AL041966,11.036321614208953
AL041970,21.76015319303411
AL041971,38.58951546214144
AL041972,16.299026784652664
AL041973,24.529377964416735
AL041974,11.684374701641797
AL041975,27.260366575399427
AL041976,8.482113046443898
AL041977,31.33683064184223
AL041978,15.1908257473991
AL041979,21.56449814758302
AL041980,30.164592904007627
AL041981,21.414427620691193
AL041982,19.44468657283071
AL041983,19.36335478304453
AL041984,16.29663518345283
AL041985,20.80609766655806
AL041986,18.9636199114946
AL041987,32.77546044668286
AL041988,11.785441280115764
AL041989,18.83425074349119
AL041990,18.722918699177953
AL041991,19.934045978922867
AL041992,26.85334309719108
AL041993,23.06888638237246
AL041994,30.73742590169399
AL041995,12.376894388689099
AL041996,21.053086629110187
AL041997,19.654724232639538
AL041998,30.26376849531045
AL041999,21.076839715576156
AL042000,11.482375982811385
AL042001,31.74524924275646
AL042002,22.346466456098415
AL042003,25.135491046069422
AL042004,17.582417939575432
AL042005,19.778042307918998
AL042006,19.810564902259248
AL042007,32.356425368686615
AL042008,18.68246302537702
AL042009,22.06575556310008
AL042010,27.656564545901716
AL042011,20.371665295709853
AL042012,10.428843605288037
AL042013,24.91230982023886
AL042014,32.01907429213135
AL042015,19.912107258711906
AL042016,14.339425243459116
AL042017,32.233673234810226
AL042018,25.237796878210585
AL042019,16.317008500970648
AL042020,18.7031644070346
AL042021,26.971802156206845
AL042023,27.159410930701423
AL042024,24.914159472353244
AL051851,0.0
AL051852,32.52085189355841
AL051853,
AL051854,22.465956978944234
AL051855,13.516452294876554
AL051856,24.39162656024453
AL051858,21.052573257910847
AL051859,39.39588754682282
AL051860,23.064504778202274
AL051861,72.59285222380213
AL051862,22.060337281491893
AL051863,25.995707414017218
AL051864,30.048476897679624
AL051865,
AL051866,23.928956939684824
AL051867,
AL051869,10.349391690107938
AL051870,47.335097492536526
AL051871,22.19809709475857
AL051872,23.651125049801493
AL051873,18.535085938773815
AL051874,32.326198418018905
AL051875,26.34606001585109
AL051876,13.81458527621463
AL051877,17.785757915908892
AL051878,18.770228866997407
AL051879,22.46142362802073
AL051880,15.563236187405042
AL051881,18.96407776491448
AL051882,25.227007429382226
AL051885,16.25885161626216
AL051886,23.366598165798937
AL051887,18.394883434595343
AL051888,23.36114306910444
AL051889,24.906039515297827
AL051891,18.760622715333103
AL051892,17.973115715514734
AL051893,36.0818412352446
AL051894,22.395691252311664
AL051895,26.293050732011178
AL051896,23.47120459963207
AL051897,20.99090924854086
AL051898,16.203669304571736
AL051899,24.915114888657403
AL051900,25.029293195399237
AL051901,19.27959622312464
AL051902,22.932081514915453
AL051903,16.99999039225134
AL051904,33.65624059729975
AL051905,16.86308184179823
AL051906,17.14590616377255
AL051907,15.835154672367825
AL051908,18.698599536455326
AL051909,21.191011670927693
AL051910,15.425233055658897
AL051911,12.926132631261263
AL051912,14.258793385811114
AL051913,11.553739594322256
AL051915,25.809961440897002
AL051916,10.653143310103705
AL051918,22.775887982039244
AL051919,16.813364223272472
AL051920,16.373736091542263
AL051921,29.487898829696015
AL051922,14.038053996573442
AL051923,24.647512359033918
AL051924,26.27985364578499
AL051926,9.833841906030125
AL051927,26.400083875311225
AL051928,40.521131629364845
AL051929,26.968018558277038
AL051931,16.737300137401522
AL051932,15.000650563996972
AL051933,16.864095803660817
AL051934,10.4760003203327
AL051935,24.33661492220554
AL051936,14.14104343722483
AL051937,34.77380081230919
AL051938,21.820695208687212
AL051939,26.949268914325863
AL051940,25.62741709484381
AL051941,26.2399147151423
AL051942,18.922109785622474
AL051943,38.58109208736931
AL051944,14.38085411307875
AL051945,10.310828598832039
AL051946,15.11662803988508
AL051947,12.984517420899913
AL051948,16.875480942413464
AL051949,21.723616956927692
AL051950,12.932727972354167
AL051951,26.34185263507671
AL051952,22.717759621344683
AL051953,15.668033618454198
AL051954,11.222630633983783
AL051955,19.743161618213925
AL051956,11.240880541379108
AL051957,23.472939168005226
AL051958,25.194218902397704
AL051959,11.730126318910346
AL051960,30.445548791320395
AL051961,22.65722001427033
AL051962,28.008689082054904
AL051963,22.60758106664958
AL051964,22.31795910815478
AL051965,11.693140924694363
AL051966,26.56329856776205
AL051968,33.50027762788113
AL051969,23.57869927035298
AL051970,29.408547815024985
AL051971,11.384955259828226
AL051972,12.80900803295581
AL051973,26.24419353278533
AL051974,32.20814549913675
AL051975,17.724316725868707
AL051976,29.654669378038477
AL051977,14.036343464826613
AL051978,13.247556763958892
AL051979,27.416370178985453
AL051980,39.38739892886093
AL051981,20.398561780628402
AL051982,13.737783289464017
AL051983,18.01048519497984
AL051984,36.9903459374523
AL051985,21.37620900667073
AL051986,21.561721198607465
AL051987,26.530986171737865
AL051988,62.84613563920959
AL051989,32.4514672098575
AL051990,23.68817213789897
AL051991,33.516129634798695
AL051992,12.994032749815705
AL051993,17.299044341328553
AL051994,14.59191812869548
AL051995,22.45778070563403
AL051996,23.189106013370615
AL051997,17.19848431432473
AL051998,36.08176527375287
AL051999,12.8018815915585
AL052000,14.820773402559665
AL052001,30.360453509404845
AL052002,10.116334243924815
AL052003,18.055609744999426
AL052004,39.88724714394884
AL052005,26.38838928038447
AL052006,25.784355088528535
AL052007,19.0212847953162
AL052008,16.077882328413555
AL052009,16.826993826574064
AL052010,12.354943623473586
AL052011,21.979732032237454
AL052012,25.820723182446116
AL052013,20.048351829695356
AL052014,18.00086569817615
AL052015,28.390919940757005
AL052016,21.45393821837011
AL052017,28.789965622550522
AL052018,37.13446499390464
AL052019,20.759991161820643
AL052020,49.5301592901976
AL052021,35.425112430456565
AL052022,16.931466045146053
AL052023,20.04300163472472
AL052024,30.615109174299654
AL061851,19.07146534908172
AL061853,16.630396060315853
AL061856,5.900036854741711
AL061858,23.225459157155775
AL061859,29.27358456240195
AL061860,16.33072999447295
AL061861,28.40261118003303
AL061862,0.7017154080240249
AL061863,26.688048587294638
AL061865,
AL061866,28.788795529642528
AL061867,17.74028179152485
AL061869,46.924380571496904
AL061870,11.697688165720459
AL061871,18.44746408382791
AL061874,29.8340825007956
AL061875,24.437989220459293
AL061877,24.83298729606491
AL061878,17.598028314512124
AL061879,24.089953900705176
AL061880,29.44689589580155
AL061881,22.83009537769236
AL061882,14.385581999529204
AL061885,10.002807557547065
AL061886,22.28325147235037
AL061887,33.12636808026474
AL061888,31.883251897819612
AL061889,23.32032443569059
AL061891,27.479997005199923
AL061892,13.706760371199035
AL061893,26.029791055289284
AL061894,16.454569879318214
AL061895,20.832183814719688
AL061896,17.849775964400212
AL061897,19.298251648259768
AL061898,14.246581815621761
AL061899,36.47610517003056
AL061900,33.78367535107018
AL061901,17.96744296971848
AL061903,41.00706386442053
AL061904,31.730802429672828
AL061906,14.274400391170797
AL061908,24.91663038700012
AL061909,23.6344207934989
AL061911,16.042523617402484
AL061912,14.727253962066102
AL061913,13.814256459377335
AL061915,22.50949791701672
AL061916,29.43332703408291
AL061918,20.450566299051033
AL061921,19.916222105957193
AL061923,26.90329089301583
AL061924,9.829034495829488
AL061926,11.68546279768381
AL061927,22.746918823907393
AL061928,26.330150636644674
AL061931,25.669014197963776
AL061932,24.657287776618972
AL061933,25.366933666349606
AL061934,18.508410073279578
AL061935,12.879664553583778
AL061936,29.36174880252916
AL061937,29.159045938712396
AL061938,29.084443120952148
AL061939,16.25057207794706
AL061940,19.447424788402824
AL061941,13.580192330693102
AL061942,17.636225660359617
AL061943,9.234806170240416
AL061944,22.803009018047373
AL061945,18.045989358762075
AL061946,24.11632741446201
AL061947,23.013694191549316
AL061948,34.83144397037681
AL061949,18.08618382889051
AL061950,23.98360309616813
AL061951,28.665963926983437
AL061952,25.655629416758902
AL061953,30.5798873460047
AL061954,21.649370593231314
AL061955,32.0190511319859
AL061956,13.010284288092524
AL061957,17.279846078455993
AL061958,20.308564123500837
AL061959,35.083390104467746
AL061960,15.100345786508175
AL061961,35.34171049350109
AL061962,28.080651206906737
AL061963,21.08611944820387
AL061964,25.459963850811732
AL061965,37.13057050124021
AL061966,30.11031475849079
AL061968,7.0904183921248105
AL061969,35.34932331857692
AL061971,19.502352926300293
AL061972,19.695548043510954
AL061973,23.081720288529034
AL061974,14.960402529851669
AL061975,11.51250175273762
AL061976,23.21328319579635
AL061977,16.132066894156832
AL061978,34.24840266603021
AL061979,23.689621310198426
AL061980,31.936738326231243
AL061981,26.764664770839655
AL061982,35.53738160170874
AL061983,14.979288095561301
AL061984,13.794780071619986
AL061985,24.2625645828259
AL061986,27.849568717380812
AL061987,22.811191777633805
AL061988,21.17508807640414
AL061989,22.079835820455187
AL061990,11.502342546400413
AL061991,19.75763901016486
AL061992,17.79891764342615
AL061993,15.602385433405953
AL061994,30.040213145251187
AL061995,10.602299632366607
AL061996,21.882515722270902
AL061997,23.377508793318434
AL061998,12.695259532867656
AL061999,15.015146338021498
AL062000,21.23338743160631
AL062001,24.270683156959898
AL062002,9.711853211554335
AL062003,36.16537969486548
AL062004,20.862633752198114
AL062005,19.0302747943836
AL062006,20.050480401392928
AL062007,27.791425890444877
AL062008,14.639695434036472
AL062009,24.372506216529747
AL062010,30.831368600481905
AL062011,33.35436001757256
AL062012,27.428504817626912
AL062013,16.629626787763204
AL062014,23.97250583521916
AL062015,17.91059983846032
AL062016,22.16770662579539
AL062017,16.802192768894407
AL062018,18.851474803399395
AL062019,15.927715421303835
AL062020,19.03291802306249
AL062021,22.905791871606993
AL062022,17.508668455247637
AL062023,13.376037486144572
AL062024,16.853724017422586
AL071853,
AL071859,13.9187047076205
AL071860,24.26049932886924
AL071861,
AL071863,7.51805710229213
AL071865,21.8921298123898
AL071866,46.85506599602281
AL071867,15.57716678767169
AL071869,24.796941462793026
AL071870,
AL071871,17.358388008640397
AL071874,13.009471684646838
AL071877,32.804886746715084
AL071878,17.22288603018802
AL071879,32.38822112605029
AL071880,44.15071951531212
AL071881,26.071369138677728
AL071885,22.048935696876054
AL071886,42.425189805416615
AL071887,28.444112226990352
AL071888,33.87784287986599
AL071889,23.851988603739173
AL071891,24.573482997007545
AL071892,17.892960746072365
AL071893,21.68956615871298
AL071894,26.416587455753966
AL071896,14.959896977006757
AL071898,24.953568077945217
AL071899,16.58097221318427
AL071900,30.125943564046043
AL071901,27.826852372507872
AL071903,21.29145852559981
AL071906,22.94827860530951
AL071908,10.939367398730878
AL071909,18.178857392431574
AL071912,7.817729439520176
AL071916,23.020333270505024
AL071921,14.827477386469324
AL071923,26.534400304608216
AL071924,26.28197967146817
AL071926,19.44158489406567
AL071927,15.860355938049592
AL071931,25.144395417453108
AL071932,23.420516419142626
AL071933,16.024185137734808
AL071934,25.960969283089465
AL071935,15.496508332699525
AL071936,11.938774138711356
AL071937,12.568160791901882
AL071938,17.395732098635406
AL071940,24.874109932951594
AL071942,13.87142318033755
AL071943,20.94937872828641
AL071944,33.71482752655671
AL071945,25.259346570726322
AL071946,23.742596693872432
AL071947,23.87491260546907
AL071948,23.65698036040092
AL071949,15.247202096449351
AL071950,30.050119137840202
AL071951,45.01300426609512
AL071952,10.846198841841748
AL071953,45.77552219432176
AL071954,55.76501225844633
AL071955,12.44685169836899
AL071956,21.76532875219691
AL071957,25.31225904040292
AL071958,24.57305331951778
AL071959,38.61883771672654
AL071960,16.771195300167147
AL071961,21.342544852902012
AL071962,15.063962811124593
AL071963,23.936020003434617
AL071964,25.61419085922412
AL071965,20.70016573982078
AL071966,19.83809486242284
AL071969,61.407716310264355
AL071970,27.750081795980655
AL071971,7.688378102044461
AL071972,40.093888169453365
AL071973,43.481941041179454
AL071974,41.115823086032975
AL071975,16.54999109673121
AL071976,21.06184852365011
AL071977,18.698176941641687
AL071978,33.6044147051391
AL071979,28.46776316816535
AL071980,29.167165842860975
AL071981,27.823893784921292
AL071982,25.376607497938583
AL071984,26.238843168745014
AL071985,23.599925897145223
AL071986,20.56341407952188
AL071987,29.912752066464826
AL071988,17.02223100864557
AL071989,27.588599135745746
AL071990,45.02970746680742
AL071991,33.52771378657862
AL071992,12.920555508281838
AL071993,49.76337198047022
AL071994,9.692580288925924
AL071995,28.64191287682197
AL071996,18.63973741843429
AL071997,21.554417696699367
AL071998,22.168492752053428
AL071999,11.065503795219602
AL072000,31.976177706023442
AL072001,19.653595147251785
AL072002,16.21547962798833
AL072003,13.978354465520463
AL072004,31.29509558523536
AL072005,20.34624117080117
AL072006,27.35766401512909
AL072007,20.385063753891238
AL072008,19.38047626164595
AL072009,19.723283209315458
AL072010,33.099223077868366
AL072011,28.926724382224116
AL072012,28.746201617682125
AL072013,13.849702977709073
AL072014,26.68534225162617
AL072015,26.459259926021364
AL072016,24.087996756895784
AL072017,21.319927182331455
AL072018,19.137020556939774
AL072019,13.070455171066456
AL072020,23.430172837065655
AL072021,27.194972905995535
AL072022,24.771949741973735
AL072023,17.440413650274927
AL072024,16.992821251185884
AL081853,9.519704293655606
AL081859,24.124217962738584
AL081861,37.97787665375926
AL081863,38.925076125850694
AL081867,
AL081869,
AL081870,43.1741481776038
AL081871,48.50062306847498
AL081877,56.27930959090752
AL081878,36.34049973753265
AL081879,45.670757416199855
AL081880,20.53239287898943
AL081885,24.44933914078566
AL081886,18.946120033025018
AL081887,42.115351368116336
AL081888,20.189270344047053
AL081889,26.099409011099016
AL081891,24.15484608453822
AL081892,19.96903614355568
AL081893,17.427816956272256
AL081898,18.617926046238008
AL081899,21.083827772739742
AL081901,27.468778112969833
AL081903,11.434001596494182
AL081906,14.461465076464997
AL081908,17.030676456933687
AL081909,17.165656789542503
AL081916,31.35129154206742
AL081923,47.03828541218132
AL081924,35.44068337521591
AL081926,16.964418526844163
AL081927,27.376221820400076
AL081931,21.5321985688511
AL081932,27.242661630671318
AL081933,22.78005522574027
AL081934,20.268755438254935
AL081935,13.0462030809591
AL081936,13.272463863863074
AL081937,32.523678123321076
AL081938,20.60692054410039
AL081940,7.495702649110582
AL081942,28.86732279984211
AL081943,60.748623618693514
AL081944,18.101093692506705
AL081945,30.359980107572728
AL081947,13.427314419695008
AL081948,28.079756728934168
AL081949,17.96934902353469
AL081950,13.55099976804422
AL081951,12.385104558746338
AL081952,13.635397497654974
AL081953,12.700366228310974
AL081954,30.625231497644183
AL081955,29.23765680213731
AL081956,28.039912580838116
AL081957,31.03939175040343
AL081958,31.647640719730436
AL081959,17.56159504279552
AL081960,27.055934393195326
AL081961,31.755668832214248
AL081963,17.356743937314903
AL081964,22.223106287602324
AL081965,29.08178484250728
AL081966,4.993099817250747
AL081968,18.35820384646667
AL081969,33.04296796635006
AL081970,31.25051733141163
AL081971,23.758466292217605
AL081972,5.527518076907156
AL081973,13.683719593379314
AL081974,24.738186144547836
AL081975,11.416980425571543
AL081976,15.818545129084468
AL081977,21.699445607586117
AL081978,11.130469286980766
AL081979,37.40813409465699
AL081980,33.89528865600341
AL081981,22.181150297232346
AL081982,24.927609295686402
AL081984,28.225722899708042
AL081985,32.821871874565865
AL081986,37.52959280452175
AL081987,33.872778883502555
AL081988,29.223551752690202
AL081989,16.630199687826295
AL081990,22.02128713091327
AL081991,39.990633300398095
AL081992,20.01881805671201
AL081993,18.210425890801467
AL081994,10.1592722534771
AL081995,8.595465250409509
AL081996,23.984406824520825
AL081997,18.91220443925833
AL081998,12.579850763402613
AL081999,27.18713942278047
AL082000,27.546897972748017
AL082001,25.626180611029135
AL082002,37.38561056157352
AL082003,30.563192021726188
AL082004,21.16516188707855
AL082005,17.16798054881341
AL082006,28.943121879135923
AL082007,14.166521673796392
AL082008,24.35933240744349
AL082009,21.879034262198772
AL082010,30.91705617209796
AL082011,19.16602051764562
AL082012,29.152750999679814
AL082013,10.939610384404654
AL082014,30.99537314711534
AL082015,9.521324197669395
AL082016,12.665011013812917
AL082017,30.753622402643146
AL082018,27.876236211499418
AL082019,26.984418475719632
AL082020,14.103085384826734
AL082021,16.28995213918273
AL082022,20.537119550962682
AL082023,21.418698362933277
AL091863,10.00877440465313
AL091867,25.365104331316125
AL091869,
AL091870,24.796346831501587
AL091878,24.827415806678232
AL091880,23.9828289225516
AL091886,6.253037349026563
AL091887,18.012086396538347
AL091888,17.043937709616902
AL091889,37.07893015310161
AL091891,21.792717755856504
AL091892,16.455743980421612
AL091893,20.209799457865124
AL091898,19.086828868053363
AL091899,32.56705290288906
AL091901,9.104664559218458
AL091903,29.790878430389096
AL091906,22.26556408397986
AL091908,7.535895713860882
AL091909,16.99746194103574
AL091916,24.387804046483442
AL091923,19.27139432870834
AL091924,14.4134505747877
AL091926,20.19366123748788
AL091931,20.430539318550434
AL091932,21.332079471438004
AL091933,23.565939791985375
AL091934,25.778958965444584
AL091936,22.05606355838956
AL091937,34.9601574216959
AL091938,17.670124671061405
AL091940,36.013234195465785
AL091942,13.543288441373456
AL091943,22.07550693312408
AL091944,40.59814634016879
AL091945,31.548723575383054
AL091947,19.059201439935975
AL091948,27.252605213715942
AL091949,9.38927718181638
AL091950,9.914627492062152
AL091951,36.70235967207191
AL091952,8.611676958023885
AL091953,25.50369929870233
AL091954,44.207915628821176
AL091955,18.52900949940756
AL091956,19.065140590121793
AL091958,29.254533431066278
AL091959,32.59554678339454
AL091961,13.943485151158962
AL091963,12.987558489977307
AL091964,20.97188029815555
AL091965,18.565549399525302
AL091966,16.81609918817451
AL091968,20.71837182183002
AL091969,27.88276174767899
AL091970,26.027494770609387
AL091971,29.646367309597036
AL091972,23.77627734981354
AL091973,23.902057951814356
AL091974,23.58019789152863
AL091975,26.845130780220476
AL091976,22.073743326222026
AL091977,15.945675916048819
AL091978,20.465581494575908
AL091979,28.52912271785962
AL091980,36.40445005286487
AL091981,26.587426805985842
AL091984,8.146271193633698
AL091985,30.89294061373641
AL091986,23.508838425548163
AL091987,23.089906549673454
AL091988,26.358852894449118
AL091989,19.15022291768928
AL091990,22.542314028462588
AL091991,33.11325219900575
AL091992,17.006605398847558
AL091993,39.0934151437792
AL091994,9.693707442417944
AL091995,18.910183931757437
AL091996,28.918535235839567
AL091997,34.70308424161991
AL091998,27.161357652488604
AL091999,24.196674411295145
AL092000,15.330697398426134
AL092001,30.50790100685656
AL092002,15.048577277101336
AL092003,19.249688455764034
AL092004,23.8701059494446
AL092005,21.184914226978545
AL092006,26.81849982164787
AL092007,14.99443325764185
AL092008,27.457379534843625
AL092009,24.96871764481429
AL092010,22.478768142228166
AL092011,27.205304921475037
AL092012,22.729971175917207
AL092013,16.16989920577572
AL092014,12.738834329365766
AL092015,12.461930662634622
AL092016,16.100585864505913
AL092017,19.73454791510639
AL092018,20.861734656885908
AL092019,18.010901634991058
AL092020,30.325763277775298
AL092021,25.922857898072373
AL092022,18.989249545612903
AL092023,31.98598545320399
AL092024,28.11730740034712
AL101869,56.27495550795159
AL101870,
AL101878,21.048919618042905
AL101880,18.09692451300828
AL101886,14.867087258682632
AL101887,37.006575602302476
AL101891,43.3965816771788
AL101893,19.811878189476545
AL101898,19.43273069499996
AL101899,24.41284155301954
AL101901,29.975558941770363
AL101903,19.51210298250281
AL101906,16.49974295422055
AL101908,26.252538351807395
AL101909,18.75597946914343
AL101916,20.80781130377004
AL101924,14.489997381228969
AL101926,20.78601983668807
AL101931,37.90695888942725
AL101932,10.206308950737588
AL101933,11.422301722069916
AL101934,21.796291756642503
AL101936,30.05637259425633
AL101937,20.986757034681222
AL101942,19.11306155876018
AL101943,10.963886981860817
AL101944,21.031639760365454
AL101945,23.940398985913568
AL101947,31.644015145092006
AL101948,30.702685495752622
AL101949,21.245613475042436
AL101950,28.728098185959695
AL101951,7.537675676008281
AL101952,15.530788164246133
AL101953,20.219515332677847
AL101954,9.624076683037014
AL101955,25.31061576888036
AL101956,14.601696827856493
AL101958,28.95527574858031
AL101959,23.456590905170813
AL101961,24.91661538155038
AL101963,25.810948403751123
AL101964,15.982292242102465
AL101965,20.25744132937533
AL101966,28.16658454347828
AL101968,24.04643580417457
AL101970,14.526701755101247
AL101971,20.710639421897667
AL101972,16.231609935342554
AL101973,18.26931046549403
AL101974,18.919316309096537
AL101975,16.02607121321714
AL101976,21.574741723902182
AL101977,38.33139545300451
AL101978,29.116089485223405
AL101979,15.409513232653204
AL101980,36.24435086810073
AL101981,26.734485992184748
AL101984,17.703420984923717
AL101985,17.991946449020947
AL101986,15.450357749652724
AL101987,20.777950021937038
AL101988,26.777263433413076
AL101989,22.280518816768463
AL101990,20.402912241680042
AL101991,24.586489229530393
AL101992,32.415527998770656
AL101993,46.31410581212798
AL101994,12.41752703134617
AL101995,22.754926089589784
AL101996,35.042087461582156
AL101998,23.37759013685467
AL101999,17.422612420158377
AL102000,19.26356746566119
AL102001,22.58308694629255
AL102002,20.331259397075407
AL102003,29.303781810439222
AL102004,17.165354399920414
AL102005,16.12614331061976
AL102006,23.93565565734131
AL102007,16.301090469203277
AL102008,18.456282007604948
AL102009,19.080095324357366
AL102010,19.880657372560997
AL102011,14.5250231125008
AL102012,25.231716064889817
AL102013,10.58829807983905
AL102015,14.489763268734226
AL102016,39.21981516627886
AL102018,15.959202211586334
AL102019,18.535423773920154
AL102020,14.201139460632085
AL102021,14.626279665986209
AL102022,14.525352170585597
AL102023,19.557003858499485
AL102024,19.548252411857746
AL111870,9.71112582096454
AL111878,24.522098553004678
AL111880,31.325852047969946
AL111886,11.830577802723917
AL111887,22.559019588195728
AL111893,35.621483017510656
AL111898,16.999425147482846
AL111901,26.073694136928374
AL111906,12.989695863877657
AL111909,23.972741212327005
AL111916,27.299099956426453
AL111924,16.150592033861344
AL111926,18.083845264134087
AL111931,5.091611402761396
AL111932,13.380068317773306
AL111933,19.64147170647155
AL111934,12.285703373208626
AL111936,19.745324087931987
AL111937,21.653123264183968
AL111942,16.599660884697993
AL111944,11.47324155173344
AL111945,39.08600902279617
AL111949,16.61975422036604
AL111950,15.37634095671217
AL111951,14.25212140731602
AL111952,17.122325985661348
AL111953,42.665535857319426
AL111954,11.189753147596049
AL111955,38.68738232695722
AL111956,22.170243027896426
AL111958,27.4313918491006
AL111959,27.734030831770387
AL111961,10.099307641268046
AL111964,16.107214085148886
AL111966,23.668732808664803
AL111967,27.820766479717022
AL111970,22.49180374325886
AL111971,8.414565679243896
AL111972,16.804366430431624
AL111973,14.11422636838882
AL111974,27.64398756774625
AL111975,10.538301901180866
AL111976,25.172168075875746
AL111977,23.249704340989894
AL111978,10.289507262655238
AL111979,25.442305569245743
AL111980,14.50015993170335
AL111981,27.001261735017763
AL111984,3.8521074382081366
AL111985,16.13847705022014
AL111987,15.103310958507198
AL111988,16.975419516409364
AL111989,31.186969771747453
AL111990,5.666497944029739
AL111991,21.160030895046894
AL111994,23.429914696266497
AL111995,11.448368570219165
AL111996,9.020430432613646
AL111998,38.19177800419633
AL111999,9.021653834085956
AL112000,23.3320088263147
AL112001,30.898542612114483
AL112002,28.068606930191333
AL112003,22.491004780820845
AL112004,15.74829921209002
AL112005,14.646190446479299
AL112007,15.500693526952688
AL112008,25.417072845939252
AL112009,15.875604641406444
AL112010,25.61842454762751
AL112011,23.8847986122868
AL112012,32.08213723408552
AL112013,16.213103873247743
AL112015,18.778684701200884
AL112016,10.699679606389152
AL112017,22.12033744040484
AL112018,7.0319794781229295
AL112019,11.507935000845148
AL112020,25.24745649945079
AL112021,38.30620457982196
AL112022,11.42944605340672
AL112023,13.358009960311334
AL112024,13.497463668646386
AL121878,15.858672846019394
AL121886,18.11310614065334
AL121887,15.801969005323773
AL121893,24.558725374085512
AL121901,20.509359529278733
AL121909,20.647649220842673
AL121916,19.64843208452452
AL121931,13.693094942067281
AL121932,24.354398291686206
AL121933,21.118802766046795
AL121934,27.80514264457471
AL121936,23.467834506810533
AL121944,21.26159026486889
AL121949,21.577643819324603
AL121950,21.325333998133257
AL121951,19.33620538717061
AL121953,30.985658166255234
AL121954,19.56128932217357
AL121955,17.294941372715307
AL121956,8.209791371279106
AL121958,42.02998152274893
AL121959,20.6476016398194
AL121961,30.141707890204167
AL121964,10.457923301457868
AL121966,13.87851286519682
AL121967,25.257649913444574
AL121968,19.61771394699862
AL121969,16.1536977937821
AL121970,18.693562521545456
AL121971,21.982876221422423
AL121972,18.55380317139306
AL121973,35.99934844417756
AL121974,38.67784956155099
AL121975,21.83816432072067
AL121976,12.368952363834302
AL121977,15.664345579629686
AL121978,25.425090449879235
AL121979,12.784719375764942
AL121980,21.671815841004314
AL121981,14.727400933327635
AL121984,22.024445807928082
AL121985,16.75471989585891
AL121987,44.27390176395757
AL121988,35.163252698825566
AL121989,25.077320146092283
AL121990,13.975156933311018
AL121991,31.60567476513748
AL121994,18.391523872000434
AL121995,21.912712590277764
AL121996,27.23883537039345
AL121998,41.612718933507445
AL121999,7.789111277289408
AL122000,33.807995174379336
AL122001,32.40799740493887
AL122002,13.169158371645322
AL122003,13.447683229010838
AL122004,33.4501348365096
AL122005,19.16209348452963
AL122007,20.6137477706802
AL122008,24.161486050096887
AL122010,21.373248732104127
AL122011,33.05563626931767
AL122012,23.62431428339879
AL122013,13.501429987710562
AL122015,36.94285325101174
AL122016,26.72487135290882
AL122017,15.486017664504008
AL122018,30.698534129230524
AL122019,19.757737928975097
AL122020,32.25607619145297
AL122021,31.768487581912986
AL122022,15.8695024944014
AL122023,13.553835614932602
AL122024,35.219403470805965
AL131887,22.363504161785176
AL131901,17.611794048339505
AL131916,24.444504864365328
AL131931,18.58140286669675
AL131932,25.535059002681493
AL131933,12.940658612116824
AL131934,14.826429086404978
AL131936,20.05998028231998
AL131944,24.754384973807593
AL131949,22.29631605779494
AL131950,16.306062174378074
AL131953,16.571015646985273
AL131954,18.929837909119144
AL131955,25.443394956911582
AL131959,24.621634736406662
AL131964,22.122104540205715
AL131966,13.522237684730918
AL131967,13.386401310842626
AL131968,18.65781690904525
AL131969,19.433216896514526
AL131970,17.89573832059451
AL131971,21.289611011048297
AL131972,17.498828932721246
AL131973,13.199881904876838
AL131974,25.496004373704967
AL131975,20.670379324163072
AL131976,9.767141947765166
AL131977,48.01307064639658
AL131978,27.594486244003203
AL131979,27.391348997445903
AL131980,16.798921390492055
AL131981,15.47374149644277
AL131984,12.401000366782744
AL131985,23.83086204130239
AL131987,22.086134924638493
AL131988,14.823441020917338
AL131989,20.29566951374804
AL131990,12.712851413284612
AL131995,26.51393420410509
AL131996,10.621299952506481
AL131998,26.93312872291089
AL131999,32.66485782216159
AL132000,32.4056326439439
AL132001,23.85282521885933
AL132002,22.3608952324754
AL132003,21.35965335792473
AL132004,18.882221058604905
AL132005,22.332854711489922
AL132007,9.485079595966731
AL132008,13.76058715717791
AL132010,20.20492544712626
AL132011,11.837785963156776
AL132012,14.668252007120527
AL132013,11.62221422649387
AL132016,16.35827815262508
AL132017,7.335232795107955
AL132018,19.878750313738696
AL132019,29.841780638154603
AL132020,30.05968235833079
AL132021,35.80936895248974
AL132022,26.908651137087475
AL132023,23.62524533064519
AL132024,15.902626892319992
AL141887,25.572086968245628
AL141916,16.40471487602918
AL141932,22.039236431776434
AL141933,21.220484729504882
AL141936,10.935953602810725
AL141944,3.728032882217775
AL141949,24.29126307456383
AL141950,16.057827485765596
AL141953,22.823045178981573
AL141954,23.05041929339339
AL141959,26.61059303749807
AL141966,19.136774178500396
AL141967,12.100164306687935
AL141968,22.876325029956263
AL141970,18.868282348390434
AL141971,10.603292745692357
AL141972,49.04258169276957
AL141973,49.31743839828108
AL141974,22.09083386202275
AL141975,27.24630984744949
AL141976,12.812574750523083
AL141977,10.127161895151833
AL141978,9.638841937798498
AL141979,21.643885130948956
AL141980,23.774429441213464
AL141981,25.56144151521875
AL141984,20.12329792171463
AL141985,8.917696015169923
AL141987,16.640727005226804
AL141988,30.29855854527824
AL141989,17.872143867254284
AL141990,25.76103761432333
AL141995,23.747634973759077
AL141998,25.692086078441566
AL141999,24.82215062297622
AL142000,24.184063829960436
AL142001,23.41014980985391
AL142002,14.386634993756704
AL142003,13.976791706965825
AL142004,20.216268786063637
AL142005,25.177824776360367
AL142007,18.02640659267953
AL142008,18.830503165701117
AL142010,10.232688372645217
AL142011,31.967777979339335
AL142012,16.8163732143961
AL142013,30.169955641617968
AL142016,17.580041058292547
AL142017,20.830140059115813
AL142018,39.36492023353405
AL142019,20.158638271859203
AL142020,19.10820574866435
AL142021,14.568495097383323
AL142022,9.942835919457696
AL142023,16.738531464480552
AL142024,22.311926356336095
AL151887,23.47558632925723
AL151916,23.173544451892575
AL151932,23.744051739522593
AL151933,30.950938234705987
AL151936,25.52273938376339
AL151949,41.13301997817368
AL151950,16.22507343001633
AL151954,12.12459689490001
AL151966,12.046617765601772
AL151967,24.595549692712133
AL151968,43.126860305405955
AL151969,25.144715731552903
AL151970,22.49339267166645
AL151971,15.394086930643235
AL151972,16.583527236615
AL151973,38.9578994920062
AL151974,16.99481136635086
AL151975,32.11704603049922
AL151976,17.148978538456685
AL151977,29.196640175494217
AL151978,30.560046021315973
AL151979,11.029226670537104
AL151980,5.90484192676359
AL151981,34.797869025101946
AL151984,22.969546507782724
AL151988,28.089741475560494
AL151989,9.204793881966427
AL151990,16.027613506442943
AL151995,16.283255708605967
AL151999,16.847820461129725
AL152000,11.232480486246077
AL152001,16.300768784084774
AL152003,22.71306813368397
AL152004,28.36832793125351
AL152005,26.75560637889782
AL152007,23.960863728845197
AL152008,21.626047991617998
AL152010,27.13626087932751
AL152011,7.065415569644364
AL152012,21.786096075203456
AL152013,11.596456403868192
AL152016,18.016903123277864
AL152017,23.42835242078806
AL152018,13.777507385898634
AL152019,21.271804007944635
AL152020,19.16781245528895
AL152021,24.547083935611113
AL152022,18.500200195170923
AL152023,30.429790076227857
AL152024,19.76077167383347
AL161887,39.39318452661905
AL161933,16.165840327744306
AL161936,10.98438662688509
AL161949,11.998223474147611
AL161950,16.993152023102567
AL161954,12.266663958711595
AL161966,35.08821192121145
AL161967,13.288972391728445
AL161968,26.081511410479383
AL161969,41.150907068542715
AL161970,12.950537061951529
AL161971,30.310320628208448
AL161972,24.432163126648547
AL161973,19.510869638848472
AL161974,18.244676316762693
AL161975,5.236669673467892
AL161976,12.263364473926508
AL161978,22.755784622066507
AL161979,25.75151580929667
AL161980,12.510867778225304
AL161981,27.41723799659831
AL161984,17.354157045269233
AL161988,30.57738803598592
AL161990,11.704532711525001
AL161995,16.33056805426167
AL161999,14.855578942287961
AL162000,44.234912268602976
AL162001,19.131433187274936
AL162003,30.0940718800918
AL162004,11.792951751711731
AL162005,21.370433754856055
AL162007,24.686138709853676
AL162008,12.996954825821424
AL162010,19.71772372494897
AL162011,24.602445832475016
AL162012,2.734692971655897
AL162016,11.227957395127213
AL162017,32.56446714725717
AL162018,33.60796338955306
AL162019,31.85363428037118
AL162020,26.71414581403671
AL162021,18.14068251190986
AL162022,34.813748383408964
AL162023,16.478591085398147
AL162024,15.487221941572619
AL171887,17.34274711805505
AL171933,23.628529215378002
AL171936,20.593047826088036
AL171966,16.466133576169376
AL171967,12.799040572220216
AL171969,11.159380119078833
AL171971,23.265636672032592
AL171972,23.225839100302103
AL171973,16.453498954024184
AL171974,16.198582417636068
AL171975,19.398851039765606
AL171976,17.628450885403087
AL171978,21.528624340688726
AL171979,8.647513173008894
AL171980,15.024149271826756
AL171981,18.684999150118355
AL171984,28.59564370530021
AL171988,16.39359880065283
AL171995,18.751895636142063
AL172000,25.995103137525533
AL172001,15.352327003571565
AL172003,7.370094650571972
AL172005,16.27209439342255
AL172007,25.13804172869986
AL172008,13.185329486939343
AL172010,23.811046265804144
AL172011,20.032091392717106
AL172012,30.987006377591857
AL172017,23.81838106209323
AL172019,52.329090699618796
AL172020,22.02698263854122
AL172021,20.834536939582417
AL172022,24.22318864279596
AL172023,14.169148195908273
AL172024,24.1223913012816
AL181887,33.85327036540887
AL181933,11.156959736470402
AL181967,17.48502655935343
AL181970,22.075168888553826
AL181971,20.21407031077569
AL181972,13.367977640660625
AL181974,24.097742524875276
AL181975,16.55986058604614
AL181976,20.701305939921266
AL181978,15.903541596255291
AL181979,54.611050868489784
AL181980,26.172134928403526
AL181981,31.206020369472782
AL181984,21.796392870836744
AL181988,31.982458258404847
AL181995,32.49192162458119
AL182000,26.243101935928546
AL182003,16.39854215027068
AL182005,19.965172034851957
AL182010,15.445563631240486
AL182011,9.571218402507348
AL182012,19.132512749834426
AL182017,25.034375475829137
AL182019,26.725631699126282
AL182020,19.68872806382872
AL182021,27.258665763221504
AL182023,19.215216639732876
AL182024,15.443261325613822
AL191887,20.933686258918144
AL191933,25.830176861735403
AL191967,11.507441172328898
AL191969,8.347106046455432
AL191970,17.245205543142156
AL191971,29.89394645349725
AL191972,11.41572845581617
AL191974,23.583903418967328
AL191975,17.411178379322585
AL191976,19.341233630337868
AL191978,17.671305117666453
AL191979,11.240127334813906
AL191981,25.992631886488596
AL191984,27.89145216280535
AL191988,12.102027722463962
AL191995,10.336288661379953
AL192000,32.305838146321925
AL192003,16.53641398720472
AL192005,13.039660918626542
AL192010,12.706213161573045
AL192011,17.567188735127232
AL192012,25.841927092947873
AL192017,20.183934701156122
AL192019,28.72074140392657
AL192020,12.816949706405994
AL192021,15.798644584451463
AL192023,18.170755493354765
AL192024,14.194866970237504
AL201933,14.199129543813191
AL201969,11.063256235693
AL201970,29.945154029125874
AL201971,11.421784548184903
AL201974,7.312538211774865
AL201975,17.63498829523898
AL201976,12.513175074670519
AL201978,26.67328364956946
AL201979,20.3419680485595
AL201981,30.69436462411831
AL201984,22.113050481979055
AL201995,17.860932837405088
AL202003,28.53863654504103
AL202005,15.35661279527395
AL202010,43.52960395054642
AL202011,11.157066065506886
AL202019,34.82195607004829
AL202020,24.53818152915412
AL202021,20.89080585212866
AL202023,17.55466842421954
AL211967,11.467007510646791
AL211969,35.68511904767947
AL211970,7.5827517332824454
AL211971,38.999346002197264
AL211975,15.848683743581958
AL211976,28.905991671290227
AL211978,17.56897483247023
AL211981,19.128088462099278
AL211995,30.40544973287968
AL212003,22.994846790714547
AL212005,39.03339331898521
AL212010,22.631908691890867
AL212020,15.429337788525206
AL212021,22.5528192561085
AL212023,14.679929684543932
AL221969,12.982344297021651
AL221970,8.450542846508295
AL221971,10.549085605779705
AL221975,15.205064189220773
AL221978,18.628444622003897
AL221981,14.972811052240043
AL222005,22.815052030527877
AL222020,12.415280929487455
AL231967,25.709637477491164
AL231969,25.609141194716596
AL231970,32.92301003111808
AL231975,29.18858708164967
AL231978,38.569240462365926
AL232005,18.39850237574726
AL232020,25.489325195614935
AL241967,20.39144239350467
AL241969,17.433162094338197
AL241978,18.716754555610656
AL242005,20.081862315999437
AL242020,22.37982884445657
AL251967,19.263642536941912
AL251969,25.86134044400751
AL252005,20.944597849267762
AL252020,11.760481746744443
AL261969,11.899747728820307
AL262005,32.22203619530403
AL262020,22.094187612664467
AL271967,13.559859354665262
AL271969,37.21016261569953
AL272005,7.830013391544389
AL272020,23.547086792187237
AL281967,12.917584334432421
AL281969,25.227230918192973
AL282005,16.15234438071701
AL282020,30.175560812926804
AL291969,3.730457159302419
AL292005,26.454056364553903
AL292020,19.920452660225433
AL301969,11.79305298298977
AL302005,15.878632524910957
AL302020,16.504937519113167
AL312005,11.725922912998838
AL312020,14.472220710570491
