code,min_pressure_mb
AL011851,
AL011852,961.0
AL011853,
AL011854,
AL011855,
AL011856,934.0
AL011857,
AL011858,
AL011859,
AL011860,
AL011861,
AL011862,
AL011863,
AL011864,
AL011865,
AL011866,
AL011867,
AL011868,
AL011869,
AL011870,
AL011871,999.0
AL011872,
AL011873,
AL011874,
AL011875,
AL011876,970.0
AL011877,
AL011878,
AL011879,
AL011880,
AL011881,
AL011882,
AL011883,
AL011884,
AL011885,981.0
AL011886,
AL011887,
AL011888,
AL011889,
AL011890,
AL011891,
AL011892,
AL011893,
AL011894,
AL011895,
AL011896,
AL011897,
AL011898,
AL011899,
AL011900,936.0
AL011901,
AL011902,
AL011903,
AL011904,
AL011905,
AL011906,
AL011907,
AL011908,
AL011909,
AL011910,
AL011911,
AL011912,
AL011913,
AL011914,
AL011915,990.0
AL011916,990.0
AL011917,
AL011918,955.0
AL011919,995.0
AL011920,
AL011921,980.0
AL011922,1006.0
AL011923,1006.0
AL011924,
AL011925,
AL011926,967.0
AL011927,950.0
AL011928,971.0
AL011929,982.0
AL011930,
AL011931,
AL011932,
AL011933,1001.0
AL011934,966.0
AL011935,1006.0
AL011936,996.0
AL011937,996.0
AL011938,
AL011939,
AL011940,
AL011941,1001.0
AL011942,
AL011943,967.0
AL011944,
AL011945,
AL011946,
AL011947,
AL011948,
AL011949,963.0
AL011950,953.0
AL011951,
AL011952,
AL011953,994.0
AL011954,1005.0
AL011955,
AL011956,1001.0
AL011957,996.0
AL011958,
AL011959,993.0
AL011960,1000.0
AL011961,976.0
AL011962,984.0
AL011963,969.0
AL011964,992.0
AL011965,1005.0
AL011966,970.0
AL011967,1004.0
AL011968,992.0
AL011970,993.0
AL011971,1000.0
AL011972,991.0
AL011973,
AL011974,
AL011975,
AL011976,994.0
AL011977,
AL011978,1002.0
AL011979,
AL011980,
AL011981,
AL011982,985.0
AL011983,
AL011984,
AL011985,996.0
AL011986,999.0
AL011987,
AL011988,1002.0
AL011989,
AL011990,
AL011991,1000.0
AL011992,1002.0
AL011993,999.0
AL011994,993.0
AL011995,982.0
AL011996,992.0
AL011997,1003.0
AL011998,1002.0
AL011999,1006.0
AL012000,1008.0
AL012001,1000.0
AL012002,992.0
AL012003,994.0
AL012004,957.0
AL012005,989.0
AL012006,969.0
AL012007,998.0
AL012008,1004.0
AL012009,1006.0
AL012010,946.0
AL012011,993.0
AL012012,995.0
AL012013,992.0
AL012014,973.0
AL012015,998.0
AL012016,978.0
AL012017,986.0
AL012018,990.0
AL012019,1006.0
AL012020,989.0
AL012021,1004.0
AL012022,984.0
AL012023,976.0
AL012024,992.0
AL021851,
AL021852,
AL021853,
AL021854,
AL021855,
AL021856,
AL021857,961.0
AL021858,
AL021859,
AL021860,
AL021861,
AL021862,
AL021863,
AL021864,
AL021865,
AL021866,
AL021867,969.0
AL021868,
AL021869,
AL021870,
AL021871,
AL021872,
AL021873,962.0
AL021874,
AL021875,982.0
AL021876,980.0
AL021877,
AL021878,
AL021879,971.0
AL021880,931.0
AL021881,
AL021882,949.0
AL021883,963.0
AL021884,957.0
AL021885,958.0
AL021886,
AL021887,
AL021888,
AL021889,
AL021890,
AL021891,
AL021892,
AL021893,
AL021894,
AL021895,
AL021896,956.0
AL021897,
AL021898,
AL021899,979.0
AL021900,
AL021901,
AL021902,
AL021903,958.0
AL021904,
AL021905,
AL021906,979.0
AL021907,
AL021908,989.0
AL021909,972.0
AL021910,
AL021911,
AL021912,
AL021913,
AL021915,940.0
AL021916,950.0
AL021917,
AL021918,968.0
AL021919,927.0
AL021920,975.0
AL021921,
AL021922,939.0
AL021923,
AL021924,
AL021925,
AL021926,
AL021927,
AL021928,
AL021929,924.0
AL021930,933.0
AL021931,1000.0
AL021932,935.0
AL021933,
AL021934,
AL021935,
AL021936,1000.0
AL021937,
AL021938,
AL021939,985.0
AL021940,972.0
AL021941,985.0
AL021942,
AL021943,
AL021944,
AL021945,
AL021946,1005.0
AL021947,977.0
AL021948,
AL021949,954.0
AL021950,979.0
AL021951,973.0
AL021952,983.0
AL021953,
AL021954,
AL021955,944.0
AL021956,991.0
AL021957,946.0
AL021958,1004.0
AL021959,985.0
AL021960,995.0
AL021961,945.0
AL021962,
AL021963,958.0
AL021964,1006.0
AL021965,
AL021966,984.0
AL021968,990.0
AL021970,1003.0
AL021971,
AL021972,977.0
AL021973,
AL021974,1000.0
AL021975,981.0
AL021976,
AL021977,
AL021978,
AL021979,1005.0
AL021980,
AL021981,
AL021982,984.0
AL021983,
AL021984,
AL021985,1002.0
AL021986,990.0
AL021987,987.0
AL021988,1001.0
AL021989,999.0
AL021990,995.0
AL021991,
AL021992,1007.0
AL021993,1000.0
AL021994,1015.0
AL021995,989.0
AL021996,960.0
AL021997,1000.0
AL021998,954.0
AL021999,1004.0
AL022000,1008.0
AL022001,1010.0
AL022002,1007.0
AL022003,1008.0
AL022004,1001.0
AL022005,1002.0
AL022006,998.0
AL022007,990.0
AL022008,952.0
AL022009,1003.0
AL022010,1005.0
AL022011,995.0
AL022012,992.0
AL022013,1003.0
AL022014,1012.0
AL022015,997.0
AL022016,1006.0
AL022017,1007.0
AL022018,991.0
AL022019,993.0
AL022020,1005.0
AL022021,992.0
AL022022,964.0
AL022023,998.0
AL022024,932.0
AL031851,
AL031852,
AL031853,924.0
AL031854,938.0
AL031855,
AL031856,
AL031857,
AL031858,979.0
AL031859,
AL031860,
AL031861,
AL031862,
AL031863,975.0
AL031864,
AL031865,
AL031866,
AL031867,
AL031868,
AL031869,
AL031870,1004.0
AL031871,952.0
AL031872,
AL031873,
AL031874,
AL031875,978.0
AL031876,
AL031877,
AL031878,963.0
AL031879,964.0
AL031880,980.0
AL031881,
AL031882,
AL031883,
AL031884,979.0
AL031885,
AL031886,
AL031887,
AL031888,
AL031889,
AL031890,
AL031891,961.0
AL031892,
AL031893,
AL031894,948.0
AL031895,
AL031896,
AL031897,
AL031898,
AL031899,930.0
AL031900,
AL031901,
AL031902,
AL031903,976.0
AL031904,
AL031905,
AL031906,
AL031907,
AL031908,
AL031909,
AL031910,
AL031911,972.0
AL031912,
AL031913,
AL031915,
AL031916,980.0
AL031917,
AL031918,
AL031919,
AL031920,
AL031921,959.0
AL031922,
AL031923,
AL031924,963.0
AL031925,
AL031926,955.0
AL031927,
AL031928,
AL031929,1005.0
AL031930,
AL031931,
AL031932,979.0
AL031933,
AL031934,979.0
AL031935,892.0
AL031936,987.0
AL031937,
AL031938,
AL031939,
AL031940,972.0
AL031941,990.0
AL031942,950.0
AL031943,
AL031944,985.0
AL031945,
AL031946,
AL031947,984.0
AL031948,
AL031949,
AL031950,974.0
AL031951,996.0
AL031952,1000.0
AL031953,973.0
AL031954,
AL031955,969.0
AL031956,954.0
AL031957,998.0
AL031958,947.0
AL031959,974.0
AL031960,976.0
AL031961,927.0
AL031962,995.0
AL031963,990.0
AL031964,1000.0
AL031965,942.0
AL031966,994.0
AL031967,1006.0
AL031968,995.0
AL031969,
AL031970,1008.0
AL031971,
AL031972,
AL031973,
AL031974,
AL031975,
AL031976,
AL031977,
AL031978,
AL031979,
AL031980,
AL031981,999.0
AL031982,989.0
AL031983,962.0
AL031984,
AL031985,980.0
AL031986,
AL031987,1007.0
AL031988,1005.0
AL031989,1005.0
AL031990,973.0
AL031991,950.0
AL031992,1015.0
AL031993,1002.0
AL031994,999.0
AL031995,991.0
AL031996,985.0
AL031997,986.0
AL031998,1000.0
AL031999,944.0
AL032000,950.0
AL032001,990.0
AL032002,999.0
AL032003,997.0
AL032004,941.0
AL032005,991.0
AL032006,1000.0
AL032007,964.0
AL032008,998.0
AL032009,943.0
AL032010,1005.0
AL032011,994.0
AL032012,974.0
AL032013,1003.0
AL032014,996.0
AL032015,1003.0
AL032016,987.0
AL032017,991.0
AL032018,969.0
AL032019,1013.0
AL032020,982.0
AL032021,1003.0
AL032022,1011.0
AL032023,996.0
AL032024,1005.0
AL041851,
AL041852,
AL041853,
AL041854,
AL041855,997.0
AL041856,
AL041857,
AL041858,
AL041859,
AL041860,
AL041861,
AL041862,
AL041863,
AL041864,
AL041865,
AL041866,
AL041867,
AL041868,
AL041869,
AL041870,948.0
AL041871,962.0
AL041872,
AL041873,
AL041874,
AL041875,
AL041876,
AL041877,
AL041878,972.0
AL041879,
AL041880,972.0
AL041881,
AL041882,1005.0
AL041883,
AL041884,
AL041885,
AL041886,990.0
AL041887,
AL041888,
AL041889,
AL041890,
AL041891,
AL041892,
AL041893,952.0
AL041894,985.0
AL041895,
AL041896,960.0
AL041897,
AL041898,965.0
AL041899,
AL041900,
AL041901,973.0
AL041902,970.0
AL041903,990.0
AL041904,
AL041905,945.0
AL041906,950.0
AL041907,
AL041908,
AL041909,959.0
AL041910,
AL041911,
AL041912,
AL041913,976.0
AL041915,982.0
AL041916,960.0
AL041917,928.0
AL041918,
AL041919,
AL041920,
AL041921,979.0
AL041922,
AL041923,
AL041924,965.0
AL041925,980.0
AL041926,957.0
AL041927,967.0
AL041928,929.0
AL041929,
AL041931,
AL041932,
AL041933,
AL041934,
AL041935,
AL041936,
AL041937,
AL041938,979.0
AL041939,
AL041940,961.0
AL041941,
AL041942,
AL041943,
AL041944,973.0
AL041945,
AL041946,975.0
AL041947,938.0
AL041948,1007.0
AL041949,974.0
AL041950,953.0
AL041951,968.0
AL041952,969.0
AL041953,929.0
AL041954,
AL041955,967.0
AL041956,1000.0
AL041957,945.0
AL041958,948.0
AL041959,995.0
AL041960,995.0
AL041961,961.0
AL041962,950.0
AL041963,996.0
AL041964,1006.0
AL041965,974.0
AL041966,989.0
AL041970,944.0
AL041971,974.0
AL041972,
AL041973,986.0
AL041974,
AL041975,980.0
AL041976,
AL041977,
AL041978,1005.0
AL041979,986.0
AL041980,899.0
AL041981,
AL041982,
AL041983,986.0
AL041984,
AL041985,987.0
AL041986,
AL041987,
AL041988,987.0
AL041989,984.0
AL041990,1000.0
AL041991,1009.0
AL041992,922.0
AL041993,1007.0
AL041994,979.0
AL041995,999.0
AL041996,989.0
AL041997,1003.0
AL041998,960.0
AL041999,942.0
AL042000,1009.0
AL042001,997.0
AL042002,997.0
AL042003,979.0
AL042004,964.0
AL042005,930.0
AL042006,1001.0
AL042007,905.0
AL042008,963.0
AL042009,1005.0
AL042010,1005.0
AL042011,997.0
AL042012,990.0
AL042013,1002.0
AL042014,963.0
AL042015,960.0
AL042016,1007.0
AL042017,1009.0
AL042018,998.0
AL042019,1007.0
AL042020,1000.0
AL042021,1009.0
AL042023,1004.0
AL042024,979.0
AL051851,
AL051852,
AL051853,
AL051854,
AL051855,
AL051856,969.0
AL051858,
AL051859,
AL051860,
AL051861,
AL051862,
AL051863,
AL051864,
AL051865,
AL051866,
AL051867,
AL051869,
AL051870,969.0
AL051871,
AL051872,
AL051873,959.0
AL051874,
AL051875,
AL051876,958.0
AL051877,
AL051878,970.0
AL051879,
AL051880,977.0
AL051881,970.0
AL051882,
AL051885,999.0
AL051886,925.0
AL051887,
AL051888,999.0
AL051889,
AL051891,
AL051892,
AL051893,
AL051894,
AL051895,
AL051896,
AL051897,
AL051898,
AL051899,939.0
AL051900,
AL051901,
AL051902,
AL051903,
AL051904,
AL051905,
AL051906,977.0
AL051907,
AL051908,
AL051909,1004.0
AL051910,924.0
AL051911,
AL051912,
AL051913,
AL051915,
AL051916,
AL051918,
AL051919,
AL051920,
AL051921,
AL051922,
AL051923,
AL051924,980.0
AL051926,
AL051927,
AL051928,984.0
AL051929,
AL051931,
AL051932,
AL051933,975.0
AL051934,998.0
AL051935,955.0
AL051936,964.0
AL051937,
AL051938,
AL051939,
AL051940,
AL051941,962.0
AL051942,
AL051943,
AL051944,
AL051945,963.0
AL051946,
AL051947,
AL051948,983.0
AL051949,
AL051950,960.0
AL051951,992.0
AL051952,
AL051953,1007.0
AL051954,999.0
AL051955,1004.0
AL051956,1000.0
AL051957,1003.0
AL051958,983.0
AL051959,980.0
AL051960,930.0
AL051961,919.0
AL051962,958.0
AL051963,999.0
AL051964,938.0
AL051965,1000.0
AL051966,1008.0
AL051968,985.0
AL051969,
AL051970,
AL051971,
AL051972,
AL051973,
AL051974,1006.0
AL051975,
AL051976,
AL051977,926.0
AL051978,1005.0
AL051979,
AL051980,
AL051981,
AL051982,994.0
AL051983,994.0
AL051984,1000.0
AL051985,953.0
AL051986,980.0
AL051987,1000.0
AL051988,994.0
AL051989,968.0
AL051990,980.0
AL051991,
AL051992,965.0
AL051993,960.0
AL051994,1005.0
AL051995,973.0
AL051996,933.0
AL051997,984.0
AL051998,964.0
AL051999,962.0
AL052000,1007.0
AL052001,994.0
AL052002,1002.0
AL052003,1000.0
AL052004,1009.0
AL052005,929.0
AL052006,999.0
AL052007,995.0
AL052008,996.0
AL052009,1006.0
AL052010,1007.0
AL052011,1003.0
AL052012,973.0
AL052013,1006.0
AL052014,1000.0
AL052015,1001.0
AL052016,979.0
AL052017,1005.0
AL052018,999.0
AL052019,910.0
AL052020,1005.0
AL052021,991.0
AL052022,972.0
AL052023,986.0
AL052024,967.0
AL061851,
AL061853,
AL061856,
AL061858,
AL061859,938.0
AL061860,
AL061861,
AL061862,
AL061863,
AL061865,
AL061866,938.0
AL061867,
AL061869,950.0
AL061870,959.0
AL061871,
AL061874,980.0
AL061875,
AL061877,
AL061878,
AL061879,
AL061880,987.0
AL061881,975.0
AL061882,
AL061885,
AL061886,
AL061887,972.0
AL061888,985.0
AL061889,
AL061891,
AL061892,
AL061893,954.0
AL061894,931.0
AL061895,
AL061896,
AL061897,
AL061898,
AL061899,
AL061900,
AL061901,
AL061903,
AL061904,
AL061906,953.0
AL061908,
AL061909,
AL061911,
AL061912,
AL061913,1003.0
AL061915,931.0
AL061916,932.0
AL061918,
AL061921,941.0
AL061923,983.0
AL061924,1005.0
AL061926,
AL061927,
AL061928,
AL061931,
AL061932,
AL061933,948.0
AL061934,
AL061935,988.0
AL061936,
AL061937,951.0
AL061938,940.0
AL061939,
AL061940,1004.0
AL061941,1004.0
AL061942,
AL061943,
AL061944,992.0
AL061945,990.0
AL061946,977.0
AL061947,987.0
AL061948,
AL061949,996.0
AL061950,946.0
AL061951,937.0
AL061952,958.0
AL061953,989.0
AL061954,955.0
AL061955,967.0
AL061956,999.0
AL061957,1000.0
AL061958,1000.0
AL061959,1007.0
AL061960,974.0
AL061961,995.0
AL061962,998.0
AL061963,990.0
AL061964,942.0
AL061965,977.0
AL061966,950.0
AL061968,
AL061969,1001.0
AL061971,977.0
AL061972,
AL061973,1005.0
AL061974,992.0
AL061975,
AL061976,999.0
AL061977,995.0
AL061978,980.0
AL061979,997.0
AL061980,975.0
AL061981,996.0
AL061982,950.0
AL061983,999.0
AL061984,1004.0
AL061985,
AL061986,
AL061987,
AL061988,994.0
AL061989,
AL061990,1003.0
AL061991,944.0
AL061992,965.0
AL061993,1000.0
AL061994,1006.0
AL061995,1002.0
AL061996,946.0
AL061997,1008.0
AL061998,990.0
AL061999,1004.0
AL062000,1008.0
AL062001,968.0
AL062002,998.0
AL062003,1010.0
AL062004,935.0
AL062005,997.0
AL062006,985.0
AL062007,929.0
AL062008,986.0
AL062009,1004.0
AL062010,942.0
AL062011,1004.0
AL062012,1002.0
AL062013,1001.0
AL062014,955.0
AL062015,986.0
AL062016,1004.0
AL062017,1001.0
AL062018,937.0
AL062019,1002.0
AL062020,998.0
AL062021,991.0
AL062022,948.0
AL062023,998.0
AL062024,972.0
AL071853,
AL071859,
AL071860,
AL071861,
AL071863,
AL071865,975.0
AL071866,
AL071867,
AL071869,979.0
AL071870,
AL071871,
AL071874,
AL071877,
AL071878,938.0
AL071879,
AL071880,
AL071881,
AL071885,
AL071886,
AL071887,
AL071888,970.0
AL071889,
AL071891,1004.0
AL071892,
AL071893,
AL071894,955.0
AL071896,
AL071898,938.0
AL071899,
AL071900,
AL071901,
AL071903,
AL071906,
AL071908,
AL071909,
AL071912,965.0
AL071916,
AL071921,
AL071923,994.0
AL071924,
AL071926,930.0
AL071927,
AL071931,987.0
AL071932,
AL071933,
AL071934,
AL071935,964.0
AL071936,1009.0
AL071937,1002.0
AL071938,996.0
AL071940,984.0
AL071942,
AL071943,997.0
AL071944,918.0
AL071945,
AL071946,1002.0
AL071947,
AL071948,
AL071949,
AL071950,960.0
AL071951,
AL071952,998.0
AL071953,962.0
AL071954,994.0
AL071955,996.0
AL071956,974.0
AL071957,975.0
AL071958,1001.0
AL071959,994.0
AL071960,1000.0
AL071961,948.0
AL071962,991.0
AL071963,933.0
AL071964,969.0
AL071965,991.0
AL071966,1004.0
AL071969,996.0
AL071970,
AL071971,
AL071972,
AL071973,
AL071974,1007.0
AL071975,963.0
AL071976,957.0
AL071977,993.0
AL071978,
AL071979,
AL071980,989.0
AL071981,
AL071982,
AL071984,1007.0
AL071985,
AL071986,
AL071987,1000.0
AL071988,982.0
AL071989,968.0
AL071990,1007.0
AL071991,998.0
AL071992,1001.0
AL071993,966.0
AL071994,997.0
AL071995,929.0
AL071996,1005.0
AL071997,946.0
AL071998,937.0
AL071999,1006.0
AL072000,991.0
AL072001,962.0
AL072002,1013.0
AL072003,1016.0
AL072004,985.0
AL072005,1005.0
AL072006,963.0
AL072007,1004.0
AL072008,941.0
AL072009,958.0
AL072010,927.0
AL072011,1000.0
AL072012,1004.0
AL072013,1003.0
AL072014,983.0
AL072015,1000.0
AL072016,955.0
AL072017,981.0
AL072018,996.0
AL072019,1000.0
AL072020,997.0
AL072021,967.0
AL072022,931.0
AL072023,998.0
AL072024,1004.0
AL081853,
AL081859,989.0
AL081861,999.0
AL081863,
AL081867,
AL081869,
AL081870,
AL081871,
AL081877,
AL081878,982.0
AL081879,968.0
AL081880,928.0
AL081885,
AL081886,
AL081887,963.0
AL081888,
AL081889,
AL081891,
AL081892,
AL081893,
AL081898,1008.0
AL081899,
AL081901,
AL081903,
AL081906,953.0
AL081908,
AL081909,
AL081916,986.0
AL081923,992.0
AL081924,999.0
AL081926,
AL081927,
AL081931,
AL081932,
AL081933,940.0
AL081934,
AL081935,
AL081936,999.0
AL081937,
AL081938,1004.0
AL081940,993.0
AL081942,
AL081943,
AL081944,
AL081945,1009.0
AL081947,
AL081948,940.0
AL081949,
AL081950,
AL081951,999.0
AL081952,
AL081953,1004.0
AL081954,943.0
AL081955,938.0
AL081956,970.0
AL081957,991.0
AL081958,930.0
AL081959,951.0
AL081960,
AL081961,988.0
AL081963,948.0
AL081964,1003.0
AL081965,993.0
AL081966,997.0
AL081968,1012.0
AL081969,950.0
AL081970,1002.0
AL081971,1004.0
AL081972,
AL081973,977.0
AL081974,
AL081975,965.0
AL081976,996.0
AL081977,
AL081978,
AL081979,
AL081980,
AL081981,
AL081982,997.0
AL081984,989.0
AL081985,994.0
AL081986,1000.0
AL081987,
AL081988,888.0
AL081989,979.0
AL081990,956.0
AL081991,997.0
AL081992,1008.0
AL081993,970.0
AL081994,1004.0
AL081995,988.0
AL081996,935.0
AL081997,1004.0
AL081998,999.0
AL081999,921.0
AL082000,1008.0
AL082001,975.0
AL082002,960.0
AL082003,986.0
AL082004,1002.0
AL082005,994.0
AL082006,955.0
AL082007,1002.0
AL082008,977.0
AL082009,1008.0
AL082010,998.0
AL082011,994.0
AL082012,965.0
AL082013,1008.0
AL082014,940.0
AL082015,1003.0
AL082016,1010.0
AL082017,962.0
AL082018,967.0
AL082019,995.0
AL082020,973.0
AL082021,986.0
AL082022,994.0
AL082023,926.0
AL091863,
AL091867,952.0
AL091869,
AL091870,
AL091878,
AL091880,
AL091886,
AL091887,973.0
AL091888,
AL091889,
AL091891,
AL091892,
AL091893,955.0
AL091898,
AL091899,
AL091901,
AL091903,
AL091906,
AL091908,
AL091909,952.0
AL091916,
AL091923,
AL091924,
AL091926,
AL091931,
AL091932,943.0
AL091933,
AL091934,1000.0
AL091936,
AL091937,
AL091938,
AL091940,
AL091942,1000.0
AL091943,
AL091944,
AL091945,949.0
AL091947,966.0
AL091948,971.0
AL091949,
AL091950,980.0
AL091951,963.0
AL091952,968.0
AL091953,968.0
AL091954,1004.0
AL091955,952.0
AL091956,1002.0
AL091958,956.0
AL091959,959.0
AL091961,914.0
AL091963,1002.0
AL091964,945.0
AL091965,1004.0
AL091966,927.0
AL091968,976.0
AL091969,900.0
AL091970,996.0
AL091971,989.0
AL091972,
AL091973,996.0
AL091974,977.0
AL091975,
AL091976,964.0
AL091977,
AL091978,1000.0
AL091979,924.0
AL091980,993.0
AL091981,1002.0
AL091984,
AL091985,920.0
AL091986,979.0
AL091987,
AL091988,938.0
AL091989,
AL091990,993.0
AL091991,1002.0
AL091992,990.0
AL091993,990.0
AL091994,1007.0
AL091995,968.0
AL091996,960.0
AL091997,999.0
AL091998,975.0
AL091999,930.0
AL092000,1008.0
AL092001,1005.0
AL092002,1001.0
AL092003,1007.0
AL092004,910.0
AL092005,970.0
AL092006,955.0
AL092007,985.0
AL092008,935.0
AL092009,986.0
AL092010,1005.0
AL092011,942.0
AL092012,965.0
AL092013,979.0
AL092014,1000.0
AL092015,1006.0
AL092016,981.0
AL092017,937.0
AL092018,995.0
AL092019,950.0
AL092020,986.0
AL092021,929.0
AL092022,937.0
AL092023,995.0
AL092024,939.0
AL101869,
AL101870,
AL101878,951.0
AL101880,970.0
AL101886,
AL101887,983.0
AL101891,
AL101893,948.0
AL101898,
AL101899,
AL101901,
AL101903,
AL101906,
AL101908,
AL101909,
AL101916,
AL101924,910.0
AL101926,934.0
AL101931,
AL101932,
AL101933,
AL101934,984.0
AL101936,
AL101937,1002.0
AL101942,
AL101943,
AL101944,
AL101945,982.0
AL101947,961.0
AL101948,990.0
AL101949,
AL101950,
AL101951,998.0
AL101952,934.0
AL101953,986.0
AL101954,1001.0
AL101955,914.0
AL101956,
AL101958,968.0
AL101959,1000.0
AL101961,974.0
AL101963,1000.0
AL101964,941.0
AL101965,997.0
AL101966,1007.0
AL101968,
AL101970,1006.0
AL101971,
AL101972,976.0
AL101973,986.0
AL101974,928.0
AL101975,
AL101976,974.0
AL101977,980.0
AL101978,956.0
AL101979,
AL101980,985.0
AL101981,995.0
AL101984,949.0
AL101985,996.0
AL101986,1000.0
AL101987,1000.0
AL101988,1005.0
AL101989,935.0
AL101990,978.0
AL101991,1009.0
AL101992,976.0
AL101993,1008.0
AL101994,1004.0
AL101995,957.0
AL101996,970.0
AL101998,969.0
AL101999,994.0
AL102000,985.0
AL102001,970.0
AL102002,934.0
AL102003,939.0
AL102004,1009.0
AL102005,1008.0
AL102006,985.0
AL102007,1005.0
AL102008,994.0
AL102009,1005.0
AL102010,989.0
AL102011,1006.0
AL102012,1006.0
AL102013,983.0
AL102015,1001.0
AL102016,984.0
AL102018,995.0
AL102019,976.0
AL102020,1008.0
AL102021,1004.0
AL102022,1003.0
AL102023,942.0
AL102024,963.0
AL111870,
AL111878,963.0
AL111880,991.0
AL111886,
AL111887,
AL111893,
AL111898,
AL111901,
AL111906,
AL111909,957.0
AL111916,
AL111924,
AL111926,
AL111931,
AL111932,
AL111933,945.0
AL111934,
AL111936,
AL111937,
AL111942,
AL111944,
AL111945,982.0
AL111949,965.0
AL111950,955.0
AL111951,990.0
AL111952,992.0
AL111953,
AL111954,1004.0
AL111955,
AL111956,996.0
AL111958,1001.0
AL111959,988.0
AL111961,997.0
AL111964,964.0
AL111966,983.0
AL111967,982.0
AL111970,
AL111971,978.0
AL111972,992.0
AL111973,
AL111974,
AL111975,
AL111976,963.0
AL111977,
AL111978,
AL111979,943.0
AL111980,1004.0
AL111981,
AL111984,998.0
AL111985,997.0
AL111987,
AL111988,932.0
AL111989,918.0
AL111990,
AL111991,980.0
AL111994,972.0
AL111995,1002.0
AL111996,1001.0
AL111998,970.0
AL111999,1002.0
AL112000,981.0
AL112001,948.0
AL112002,1004.0
AL112003,1007.0
AL112004,950.0
AL112005,998.0
AL112007,1003.0
AL112008,984.0
AL112009,975.0
AL112010,924.0
AL112011,1006.0
AL112012,970.0
AL112013,1005.0
AL112015,931.0
AL112016,1007.0
AL112017,914.0
AL112018,1007.0
AL112019,1003.0
AL112020,1004.0
AL112021,993.0
AL112022,1008.0
AL112023,996.0
AL112024,1001.0
AL121878,
AL121886,
AL121887,
AL121893,
AL121901,
AL121909,
AL121916,1000.0
AL121931,
AL121932,
AL121933,952.0
AL121934,
AL121936,
AL121944,
AL121949,
AL121950,
AL121951,
AL121953,989.0
AL121954,998.0
AL121955,
AL121956,
AL121958,
AL121959,
AL121961,1004.0
AL121964,997.0
AL121966,1004.0
AL121967,958.0
AL121968,1001.0
AL121969,995.0
AL121970,962.0
AL121971,
AL121972,
AL121973,962.0
AL121974,1004.0
AL121975,
AL121976,
AL121977,
AL121978,
AL121979,1004.0
AL121980,958.0
AL121981,
AL121984,994.0
AL121985,971.0
AL121987,958.0
AL121988,945.0
AL121989,1001.0
AL121990,980.0
AL121991,972.0
AL121994,980.0
AL121995,1000.0
AL121996,960.0
AL121998,995.0
AL121999,1007.0
AL122000,986.0
AL122001,1004.0
AL122002,980.0
AL122003,997.0
AL122004,938.0
AL122005,902.0
AL122007,988.0
AL122008,990.0
AL122010,948.0
AL122011,942.0
AL122012,968.0
AL122013,998.0
AL122015,980.0
AL122016,980.0
AL122017,938.0
AL122018,998.0
AL122019,1003.0
AL122020,1000.0
AL122021,953.0
AL122022,1007.0
AL122023,998.0
AL122024,928.0
AL131887,
AL131901,
AL131916,963.0
AL131931,
AL131932,
AL131933,960.0
AL131934,
AL131936,962.0
AL131944,937.0
AL131949,995.0
AL131950,987.0
AL131953,999.0
AL131954,
AL131955,984.0
AL131959,
AL131964,1003.0
AL131966,1007.0
AL131967,923.0
AL131968,1004.0
AL131969,973.0
AL131970,990.0
AL131971,943.0
AL131972,997.0
AL131973,
AL131974,1001.0
AL131975,955.0
AL131976,
AL131977,994.0
AL131978,976.0
AL131979,
AL131980,993.0
AL131981,966.0
AL131984,1006.0
AL131985,954.0
AL131987,993.0
AL131988,
AL131989,
AL131990,985.0
AL131995,935.0
AL131996,983.0
AL131998,905.0
AL131999,958.0
AL132000,943.0
AL132001,982.0
AL132002,938.0
AL132003,915.0
AL132004,987.0
AL132005,1006.0
AL132007,990.0
AL132008,998.0
AL132010,956.0
AL132011,986.0
AL132012,964.0
AL132013,1000.0
AL132016,999.0
AL132017,972.0
AL132018,968.0
AL132019,925.0
AL132020,937.0
AL132021,1000.0
AL132022,982.0
AL132023,926.0
AL132024,970.0
AL141887,
AL141916,970.0
AL141932,918.0
AL141933,929.0
AL141936,998.0
AL141944,
AL141949,
AL141950,
AL141953,
AL141954,938.0
AL141959,1002.0
AL141966,
AL141967,973.0
AL141968,977.0
AL141970,
AL141971,959.0
AL141972,944.0
AL141973,978.0
AL141974,971.0
AL141975,977.0
AL141976,1011.0
AL141977,1005.0
AL141978,
AL141979,975.0
AL141980,970.0
AL141981,975.0
AL141984,993.0
AL141985,
AL141987,
AL141988,
AL141989,982.0
AL141990,987.0
AL141995,1008.0
AL141998,979.0
AL141999,979.0
AL142000,975.0
AL142001,1007.0
AL142002,1002.0
AL142003,1007.0
AL142004,997.0
AL142005,962.0
AL142007,1005.0
AL142008,1004.0
AL142010,982.0
AL142011,983.0
AL142012,978.0
AL142013,980.0
AL142016,934.0
AL142017,962.0
AL142018,919.0
AL142019,994.0
AL142020,991.0
AL142021,988.0
AL142022,997.0
AL142023,969.0
AL142024,895.0
AL151887,
AL151916,1002.0
AL151932,
AL151933,
AL151936,983.0
AL151949,
AL151950,
AL151954,1005.0
AL151966,
AL151967,1012.0
AL151968,
AL151969,
AL151970,989.0
AL151971,
AL151972,
AL151973,
AL151974,
AL151975,939.0
AL151976,
AL151977,
AL151978,987.0
AL151979,983.0
AL151980,
AL151981,988.0
AL151984,999.0
AL151988,
AL151989,1000.0
AL151990,989.0
AL151995,949.0
AL151999,999.0
AL152000,939.0
AL152001,933.0
AL152003,969.0
AL152004,986.0
AL152005,979.0
AL152007,996.0
AL152008,958.0
AL152010,998.0
AL152011,994.0
AL152012,994.0
AL152013,995.0
AL152016,950.0
AL152017,908.0
AL152018,995.0
AL152019,1006.0
AL152020,1003.0
AL152021,989.0
AL152022,985.0
AL152023,958.0
AL152024,1002.0
AL161887,990.0
AL161933,
AL161936,
AL161949,993.0
AL161950,
AL161954,991.0
AL161966,994.0
AL161967,1004.0
AL161968,997.0
AL161969,977.0
AL161970,1003.0
AL161971,
AL161972,
AL161973,968.0
AL161974,
AL161975,
AL161976,
AL161978,947.0
AL161979,
AL161980,986.0
AL161981,946.0
AL161984,965.0
AL161988,
AL161990,989.0
AL161995,987.0
AL161999,933.0
AL162000,973.0
AL162001,986.0
AL162003,952.0
AL162004,995.0
AL162005,976.0
AL162007,965.0
AL162008,1004.0
AL162010,994.0
AL162011,940.0
AL162012,1005.0
AL162016,975.0
AL162017,981.0
AL162018,952.0
AL162019,996.0
AL162020,994.0
AL162021,1005.0
AL162022,932.0
AL162023,981.0
AL162024,984.0
AL171887,
AL171933,971.0
AL171936,
AL171966,997.0
AL171967,
AL171969,984.0
AL171971,996.0
AL171972,
AL171973,
AL171974,999.0
AL171975,
AL171976,970.0
AL171978,
AL171979,
AL171980,
AL171981,
AL171984,
AL171988,
AL171995,916.0
AL172000,965.0
AL172001,973.0
AL172003,993.0
AL172005,985.0
AL172007,1003.0
AL172008,944.0
AL172010,976.0
AL172011,976.0
AL172012,966.0
AL172017,957.0
AL172019,992.0
AL172020,965.0
AL172021,1004.0
AL172022,980.0
AL172023,998.0
AL172024,977.0
AL181887,
AL181933,982.0
AL181967,1000.0
AL181970,974.0
AL181971,989.0
AL181972,
AL181974,1006.0
AL181975,
AL181976,
AL181978,
AL181979,980.0
AL181980,985.0
AL181981,959.0
AL181984,971.0
AL181988,
AL181995,994.0
AL182000,999.0
AL182003,1002.0
AL182005,895.0
AL182010,981.0
AL182011,966.0
AL182012,940.0
AL182017,1000.0
AL182019,977.0
AL182020,1001.0
AL182021,927.0
AL182023,999.0
AL182024,954.0
AL191887,
AL191933,
AL191967,987.0
AL191969,1007.0
AL191970,995.0
AL191971,1005.0
AL191972,1001.0
AL191974,
AL191975,1002.0
AL191976,
AL191978,1001.0
AL191979,
AL191981,
AL191984,
AL191988,
AL191995,956.0
AL192000,976.0
AL192003,990.0
AL192005,1006.0
AL192010,977.0
AL192011,982.0
AL192012,1000.0
AL192017,991.0
AL192019,965.0
AL192020,965.0
AL192021,1008.0
AL192023,1005.0
AL192024,997.0
AL201933,
AL201969,964.0
AL201970,1008.0
AL201971,
AL201974,
AL201975,
AL201976,
AL201978,1006.0
AL201979,
AL201981,998.0
AL201984,980.0
AL201995,1001.0
AL202003,993.0
AL202005,977.0
AL202010,989.0
AL202011,1002.0
AL202019,970.0
AL202020,945.0
AL202021,997.0
AL202023,965.0
AL211967,1011.0
AL211969,987.0
AL211970,
AL211971,992.0
AL211975,
AL211976,990.0
AL211978,
AL211981,980.0
AL211995,970.0
AL212003,990.0
AL212005,997.0
AL212010,982.0
AL212020,1001.0
AL212021,973.0
AL212023,1007.0
AL221969,1004.0
AL221970,1004.0
AL221971,994.0
AL221975,
AL221978,
AL221981,978.0
AL222005,1001.0
AL222020,993.0
AL231967,1002.0
AL231969,995.0
AL231970,987.0
AL231975,985.0
AL231978,990.0
AL232005,1005.0
AL232020,1006.0
AL241967,1006.0
AL241969,1000.0
AL241978,
AL242005,988.0
AL242020,992.0
AL251967,981.0
AL251969,978.0
AL252005,882.0
AL252020,978.0
AL261969,973.0
AL262005,998.0
AL262020,953.0
AL271967,1006.0
AL271969,990.0
AL272005,962.0
AL272020,952.0
AL281967,1004.0
AL281969,988.0
AL282005,1002.0
AL282020,970.0
AL291969,979.0
AL292005,980.0
AL292020,922.0
AL301969,
AL302005,981.0
AL302020,987.0
AL312005,994.0
AL312020,917.0
