code,size_34kt_sqkm,size_50kt_sqkm,size_64kt_sqkm,size_max_sqkm
AL011851,,,,
AL011852,,,,1077.5361208918246
AL011853,,,,
AL011854,,,,
AL011855,,,,
AL011856,,,,1077.5361208918246
AL011857,,,,
AL011858,,,,
AL011859,,,,
AL011860,,,,
AL011861,,,,
AL011862,,,,
AL011863,,,,
AL011864,,,,
AL011865,,,,
AL011866,,,,
AL011867,,,,
AL011868,,,,
AL011869,,,,
AL011870,,,,
AL011871,,,,
AL011872,,,,
AL011873,,,,
AL011874,,,,
AL011875,,,,
AL011876,,,,
AL011877,,,,
AL011878,,,,
AL011879,,,,
AL011880,,,,
AL011881,,,,
AL011882,,,,
AL011883,,,,
AL011884,,,,
AL011885,,,,
AL011886,,,,
AL011887,,,,
AL011888,,,,
AL011889,,,,
AL011890,,,,
AL011891,,,,
AL011892,,,,
AL011893,,,,
AL011894,,,,
AL011895,,,,
AL011896,,,,
AL011897,,,,
AL011898,,,,
AL011899,,,,
AL011900,,,,2424.4562720066056
AL011901,,,,
AL011902,,,,
AL011903,,,,
AL011904,,,,
AL011905,,,,
AL011906,,,,
AL011907,,,,
AL011908,,,,
AL011909,,,,
AL011910,,,,
AL011911,,,,
AL011912,,,,
AL011913,,,,
AL011914,,,,
AL011915,,,,2424.4562720066056
AL011916,,,,
AL011917,,,,
AL011918,,,,1077.5361208918246
AL011919,,,,
AL011920,,,,
AL011921,,,,2424.4562720066056
AL011922,,,,
AL011923,,,,
AL011924,,,,
AL011925,,,,
AL011926,,,,2424.4562720066056
AL011927,,,,
AL011928,,,,1077.5361208918246
AL011929,,,,1077.5361208918246
AL011930,,,,
AL011931,,,,
AL011932,,,,
AL011933,,,,
AL011934,,,,9697.825088026422
AL011935,,,,
AL011936,,,,
AL011937,,,,
AL011938,,,,
AL011939,,,,
AL011940,,,,
AL011941,,,,
AL011942,,,,
AL011943,,,,2424.4562720066056
AL011944,,,,
AL011945,,,,
AL011946,,,,
AL011947,,,,
AL011948,,,,
AL011949,,,,6734.600755573905
AL011950,,,,
AL011951,,,,
AL011952,,,,
AL011953,,,,
AL011954,,,,
AL011955,,,,
AL011956,,,,
AL011957,,,,
AL011958,,,,
AL011959,,,,
AL011960,,,,
AL011961,,,,
AL011962,,,,
AL011963,,,,
AL011964,,,,
AL011965,,,,
AL011966,,,,9697.825088026422
AL011967,,,,
AL011968,,,,
AL011970,,,,
AL011971,,,,
AL011972,,,,
AL011973,,,,
AL011974,,,,
AL011975,,,,
AL011976,,,,
AL011977,,,,
AL011978,,,,
AL011979,,,,
AL011980,,,,
AL011981,,,,
AL011982,,,,
AL011983,,,,
AL011984,,,,
AL011985,,,,
AL011986,,,,
AL011987,,,,
AL011988,,,,
AL011989,,,,
AL011990,,,,
AL011991,,,,
AL011992,,,,
AL011993,,,,
AL011994,,,,
AL011995,,,,
AL011996,,,,
AL011997,,,,
AL011998,,,,
AL011999,,,,
AL012000,,,,
AL012001,,,,
AL012002,,,,
AL012003,,,,
AL012004,1535488.97227085,154087.66528753092,45256.51707745664,2424.4562720066056
AL012005,294167.36100346816,36366.84408009908,,
AL012006,1803526.0823426915,175099.6196449215,,
AL012007,3025721.4274642435,1280112.9116194877,,
AL012008,377137.64231213863,,,
AL012009,,,,
AL012010,1002108.5924293969,226282.58538728318,31517.93153608587,
AL012011,323260.8362675474,56031.87828637488,,
AL012012,60342.02276994218,,,
AL012013,271539.1024647398,37713.76423121387,,
AL012014,1297353.489553757,196111.5740023121,58186.95052815853,4310.144483567298
AL012015,521527.4825116431,26938.40302229562,,
AL012016,4693747.342604789,1163739.0105631705,4310.144483567298,
AL012017,3142095.3285205606,785523.8321301402,,
AL012018,241368.09107976872,17240.577934269193,,
AL012019,,,,
AL012020,1422347.6795772088,58186.95052815853,,
AL012021,640056.4558097438,145467.37632039632,,87280.4257922378
AL012022,785523.8321301402,56031.87828637488,,349121.7031689512
AL012023,1629234.6147884391,71117.38397886042,,68962.31173707677
AL012024,2375967.1465664734,,,1319981.7480924854
AL021851,,,,
AL021852,,,,
AL021853,,,,
AL021854,,,,
AL021855,,,,
AL021856,,,,
AL021857,,,,
AL021858,,,,
AL021859,,,,
AL021860,,,,
AL021861,,,,
AL021862,,,,
AL021863,,,,
AL021864,,,,
AL021865,,,,
AL021866,,,,
AL021867,,,,
AL021868,,,,
AL021869,,,,
AL021870,,,,
AL021871,,,,
AL021872,,,,
AL021873,,,,
AL021874,,,,
AL021875,,,,
AL021876,,,,
AL021877,,,,
AL021878,,,,
AL021879,,,,2424.4562720066056
AL021880,,,,1077.5361208918246
AL021881,,,,
AL021882,,,,
AL021883,,,,
AL021884,,,,
AL021885,,,,
AL021886,,,,
AL021887,,,,
AL021888,,,,
AL021889,,,,
AL021890,,,,
AL021891,,,,
AL021892,,,,
AL021893,,,,
AL021894,,,,
AL021895,,,,
AL021896,,,,9697.825088026422
AL021897,,,,
AL021898,,,,
AL021899,,,,1077.5361208918246
AL021900,,,,
AL021901,,,,
AL021902,,,,
AL021903,,,,
AL021904,,,,
AL021905,,,,
AL021906,,,,6734.600755573905
AL021907,,,,
AL021908,,,,
AL021909,,,,
AL021910,,,,
AL021911,,,,
AL021912,,,,
AL021913,,,,
AL021915,,,,6734.600755573905
AL021916,,,,4310.144483567298
AL021917,,,,
AL021918,,,,
AL021919,,,,13199.817480924856
AL021920,,,,9697.825088026422
AL021921,,,,
AL021922,,,,
AL021923,,,,
AL021924,,,,
AL021925,,,,
AL021926,,,,
AL021927,,,,
AL021928,,,,
AL021929,,,,9697.825088026422
AL021930,,,,
AL021931,,,,
AL021932,,,,1077.5361208918246
AL021933,,,,
AL021934,,,,
AL021935,,,,
AL021936,,,,
AL021937,,,,
AL021938,,,,
AL021939,,,,
AL021940,,,,1077.5361208918246
AL021941,,,,4310.144483567298
AL021942,,,,
AL021943,,,,
AL021944,,,,
AL021945,,,,
AL021946,,,,
AL021947,,,,
AL021948,,,,
AL021949,,,,4310.144483567298
AL021950,,,,4310.144483567298
AL021951,,,,
AL021952,,,,
AL021953,,,,
AL021954,,,,
AL021955,,,,9697.825088026422
AL021956,,,,
AL021957,,,,2424.4562720066056
AL021958,,,,
AL021959,,,,
AL021960,,,,
AL021961,,,,
AL021962,,,,
AL021963,,,,
AL021964,,,,
AL021965,,,,
AL021966,,,,
AL021968,,,,
AL021970,,,,
AL021971,,,,
AL021972,,,,
AL021973,,,,
AL021974,,,,
AL021975,,,,
AL021976,,,,
AL021977,,,,
AL021978,,,,
AL021979,,,,
AL021980,,,,
AL021981,,,,
AL021982,,,,
AL021983,,,,
AL021984,,,,
AL021985,,,,4310.144483567298
AL021986,,,,1077.5361208918246
AL021987,,,,
AL021988,,,,
AL021989,,,,
AL021990,,,,
AL021991,,,,
AL021992,,,,
AL021993,,,,
AL021994,,,,
AL021995,,,,
AL021996,,,,17240.577934269193
AL021997,,,,
AL021998,,,,38791.30035210569
AL021999,,,,
AL022000,,,,
AL022001,,,,
AL022002,,,,
AL022003,,,,
AL022004,64113.399193063575,9697.825088026422,,
AL022005,38791.30035210569,,,
AL022006,,,,
AL022007,484891.2544013211,4310.144483567298,,
AL022008,1280112.9116194877,266690.18992072664,48489.12544013211,
AL022009,38791.30035210569,,,
AL022010,,,,
AL022011,107484.22805895952,8620.288967134597,,
AL022012,310330.40281684545,25860.86690140379,,
AL022013,86202.88967134597,,,
AL022014,,,,
AL022015,224127.5131454995,4310.144483567298,,
AL022016,10775.361208918246,,,
AL022017,116373.90105631707,,,
AL022018,43101.444835672984,9697.825088026422,1077.5361208918246,
AL022019,521527.4825116431,58186.95052815854,17240.577934269193,17240.577934269193
AL022020,4310.144483567298,,,
AL022021,68962.31173707677,,,38791.30035210569
AL022022,241368.09107976872,60342.02276994218,17240.577934269193,155165.20140842276
AL022023,38791.30035210569,,,107753.61208918248
AL022024,521527.4825116431,118528.97329810071,38791.30035210569,107753.61208918248
AL031851,,,,
AL031852,,,,
AL031853,,,,
AL031854,,,,17240.577934269193
AL031855,,,,
AL031856,,,,
AL031857,,,,
AL031858,,,,21820.10644805945
AL031859,,,,
AL031860,,,,
AL031861,,,,
AL031862,,,,
AL031863,,,,
AL031864,,,,
AL031865,,,,
AL031866,,,,
AL031867,,,,
AL031868,,,,
AL031869,,,,
AL031870,,,,
AL031871,,,,9697.825088026422
AL031872,,,,
AL031873,,,,
AL031874,,,,
AL031875,,,,
AL031876,,,,
AL031877,,,,
AL031878,,,,
AL031879,,,,
AL031880,,,,
AL031881,,,,
AL031882,,,,
AL031883,,,,
AL031884,,,,
AL031885,,,,
AL031886,,,,
AL031887,,,,
AL031888,,,,
AL031889,,,,
AL031890,,,,
AL031891,,,,
AL031892,,,,
AL031893,,,,
AL031894,,,,
AL031895,,,,
AL031896,,,,
AL031897,,,,
AL031898,,,,
AL031899,,,,
AL031900,,,,
AL031901,,,,
AL031902,,,,
AL031903,,,,21820.10644805945
AL031904,,,,
AL031905,,,,
AL031906,,,,
AL031907,,,,
AL031908,,,,
AL031909,,,,
AL031910,,,,
AL031911,,,,6734.600755573905
AL031912,,,,
AL031913,,,,
AL031915,,,,
AL031916,,,,
AL031917,,,,
AL031918,,,,9697.825088026422
AL031919,,,,
AL031920,,,,
AL031921,,,,
AL031922,,,,
AL031923,,,,
AL031924,,,,17240.577934269193
AL031925,,,,
AL031926,,,,4310.144483567298
AL031927,,,,
AL031928,,,,
AL031929,,,,
AL031930,,,,
AL031931,,,,
AL031932,,,,
AL031933,,,,
AL031934,,,,6734.600755573905
AL031935,,,,4310.144483567298
AL031936,,,,269.38403022295614
AL031937,,,,
AL031938,,,,
AL031939,,,,
AL031940,,,,6734.600755573905
AL031941,,,,
AL031942,,,,4310.144483567298
AL031943,,,,
AL031944,,,,1077.5361208918246
AL031945,,,,
AL031946,,,,
AL031947,,,,
AL031948,,,,
AL031949,,,,
AL031950,,,,
AL031951,,,,
AL031952,,,,
AL031953,,,,
AL031954,,,,
AL031955,,,,
AL031956,,,,
AL031957,,,,
AL031958,,,,
AL031959,,,,
AL031960,,,,
AL031961,,,,4310.144483567298
AL031962,,,,
AL031963,,,,
AL031964,,,,
AL031965,,,,9697.825088026422
AL031966,,,,
AL031967,,,,
AL031968,,,,
AL031969,,,,
AL031970,,,,
AL031971,,,,
AL031972,,,,
AL031973,,,,
AL031974,,,,
AL031975,,,,
AL031976,,,,
AL031977,,,,
AL031978,,,,
AL031979,,,,
AL031980,,,,
AL031981,,,,
AL031982,,,,
AL031983,,,,1077.5361208918246
AL031984,,,,
AL031985,,,,
AL031986,,,,
AL031987,,,,
AL031988,,,,
AL031989,,,,
AL031990,,,,
AL031991,,,,6734.600755573905
AL031992,,,,
AL031993,,,,
AL031994,,,,
AL031995,,,,
AL031996,,,,
AL031997,,,,
AL031998,,,,
AL031999,,,,1077.5361208918246
AL032000,,,,
AL032001,,,,
AL032002,,,,
AL032003,,,,
AL032004,293359.2089127993,87280.42579223779,29093.475264079265,4310.144483567298
AL032005,210119.5435739058,29632.243324525178,4310.144483567298,4310.144483567298
AL032006,754275.2846242773,38791.30035210569,,
AL032007,4202390.871478116,471422.0528901733,,
AL032008,142234.76795772085,,,
AL032009,2129480.758912469,491356.47112667206,189107.58921651522,
AL032010,72733.68816019816,,,
AL032011,130920.6386883567,9428.441057803468,,
AL032012,182103.60443071838,51721.73380280758,9697.825088026422,
AL032013,120684.04553988436,,,
AL032014,256453.59677225433,17240.577934269193,4310.144483567298,
AL032015,90513.03415491329,,,
AL032016,1163739.0105631705,,,
AL032017,749965.14014071,,,
AL032018,1396486.8126758046,142234.76795772085,24513.94675028901,
AL032019,,,,
AL032020,1034434.6760561516,8620.288967134597,,
AL032021,349121.70316895115,,,242445.62720066056
AL032022,37713.76423121387,,,26938.40302229562
AL032023,258608.66901403794,38791.30035210569,,38791.30035210569
AL032024,,,,52799.26992369942
AL041851,,,,
AL041852,,,,
AL041853,,,,
AL041854,,,,
AL041855,,,,
AL041856,,,,
AL041857,,,,
AL041858,,,,
AL041859,,,,
AL041860,,,,
AL041861,,,,
AL041862,,,,
AL041863,,,,
AL041864,,,,
AL041865,,,,
AL041866,,,,
AL041867,,,,
AL041868,,,,
AL041869,,,,
AL041870,,,,
AL041871,,,,
AL041872,,,,
AL041873,,,,
AL041874,,,,
AL041875,,,,
AL041876,,,,
AL041877,,,,
AL041878,,,,
AL041879,,,,
AL041880,,,,
AL041881,,,,
AL041882,,,,
AL041883,,,,
AL041884,,,,
AL041885,,,,
AL041886,,,,
AL041887,,,,
AL041888,,,,
AL041889,,,,
AL041890,,,,
AL041891,,,,
AL041892,,,,
AL041893,,,,9697.825088026422
AL041894,,,,
AL041895,,,,
AL041896,,,,2424.4562720066056
AL041897,,,,
AL041898,,,,
AL041899,,,,
AL041900,,,,
AL041901,,,,13199.817480924856
AL041902,,,,
AL041903,,,,
AL041904,,,,
AL041905,,,,
AL041906,,,,
AL041907,,,,
AL041908,,,,
AL041909,,,,4310.144483567298
AL041910,,,,
AL041911,,,,
AL041912,,,,26938.40302229562
AL041913,,,,17240.577934269193
AL041915,,,,6734.600755573905
AL041916,,,,4310.144483567298
AL041917,,,,17240.577934269193
AL041918,,,,
AL041919,,,,
AL041920,,,,
AL041921,,,,
AL041922,,,,
AL041923,,,,
AL041924,,,,
AL041925,,,,
AL041926,,,,
AL041927,,,,
AL041928,,,,13199.817480924856
AL041929,,,,
AL041931,,,,
AL041932,,,,
AL041933,,,,
AL041934,,,,
AL041935,,,,
AL041936,,,,
AL041937,,,,
AL041938,,,,
AL041939,,,,
AL041940,,,,
AL041941,,,,
AL041942,,,,
AL041943,,,,
AL041944,,,,
AL041945,,,,
AL041946,,,,
AL041947,,,,6734.600755573905
AL041948,,,,
AL041949,,,,
AL041950,,,,
AL041951,,,,
AL041952,,,,
AL041953,,,,
AL041954,,,,
AL041955,,,,
AL041956,,,,
AL041957,,,,
AL041958,,,,
AL041959,,,,4310.144483567298
AL041960,,,,
AL041961,,,,
AL041962,,,,
AL041963,,,,
AL041964,,,,
AL041965,,,,
AL041966,,,,
AL041970,,,,1077.5361208918246
AL041971,,,,
AL041972,,,,
AL041973,,,,
AL041974,,,,
AL041975,,,,
AL041976,,,,
AL041977,,,,
AL041978,,,,
AL041979,,,,
AL041980,,,,
AL041981,,,,
AL041982,,,,
AL041983,,,,
AL041984,,,,
AL041985,,,,2424.4562720066056
AL041986,,,,
AL041987,,,,
AL041988,,,,
AL041989,,,,2424.4562720066056
AL041990,,,,
AL041991,,,,
AL041992,,,,4310.144483567298
AL041993,,,,
AL041994,,,,
AL041995,,,,
AL041996,,,,
AL041997,,,,
AL041998,,,,
AL041999,,,,
AL042000,,,,
AL042001,,,,
AL042002,,,,
AL042003,,,,2424.4562720066056
AL042004,409733.1099691164,142504.15198794383,24244.562720066053,
AL042005,999414.7521271674,189107.58921651522,52529.88589347645,269.38403022295614
AL042006,82431.51324822458,6734.600755573905,,
AL042007,969782.5088026422,382255.9388863748,87280.42579223779,
AL042008,620660.805633691,96978.25088026423,21550.722417836492,1077.5361208918246
AL042009,72733.68816019816,,,
AL042010,87280.42579223779,6734.600755573905,,
AL042011,25860.86690140379,,,
AL042012,851792.3035649875,52799.269923699416,,
AL042013,52799.269923699416,,,
AL042014,3232608.362675474,543078.2049294796,67884.77561618495,
AL042015,68962.31173707677,26938.40302229562,6734.600755573905,
AL042016,116373.90105631706,,,
AL042017,,,,
AL042018,103443.46760561517,,,
AL042019,26938.40302229562,,,
AL042020,38791.30035210569,,,
AL042021,22628.258538728318,,,17240.577934269193
AL042023,43101.444835672984,,,38791.30035210569
AL042024,620660.805633691,68962.31173707677,12930.433450701896,620660.805633691
AL051851,,,,
AL051852,,,,
AL051853,,,,
AL051854,,,,
AL051855,,,,
AL051856,,,,
AL051858,,,,
AL051859,,,,
AL051860,,,,
AL051861,,,,
AL051862,,,,
AL051863,,,,
AL051864,,,,
AL051865,,,,
AL051866,,,,
AL051867,,,,
AL051869,,,,
AL051870,,,,
AL051871,,,,
AL051872,,,,
AL051873,,,,6734.600755573905
AL051874,,,,
AL051875,,,,
AL051876,,,,
AL051877,,,,
AL051878,,,,
AL051879,,,,
AL051880,,,,
AL051881,,,,2424.4562720066056
AL051882,,,,
AL051885,,,,
AL051886,,,,2424.4562720066056
AL051887,,,,
AL051888,,,,
AL051889,,,,
AL051891,,,,
AL051892,,,,
AL051893,,,,
AL051894,,,,
AL051895,,,,
AL051896,,,,
AL051897,,,,
AL051898,,,,
AL051899,,,,
AL051900,,,,
AL051901,,,,
AL051902,,,,
AL051903,,,,
AL051904,,,,
AL051905,,,,
AL051906,,,,9697.825088026422
AL051907,,,,
AL051908,,,,
AL051909,,,,
AL051910,,,,9697.825088026422
AL051911,,,,
AL051912,,,,
AL051913,,,,
AL051915,,,,
AL051916,,,,
AL051918,,,,
AL051919,,,,
AL051920,,,,
AL051921,,,,
AL051922,,,,
AL051923,,,,
AL051924,,,,
AL051926,,,,
AL051927,,,,
AL051928,,,,
AL051929,,,,
AL051931,,,,
AL051932,,,,
AL051933,,,,6734.600755573905
AL051934,,,,
AL051935,,,,
AL051936,,,,4310.144483567298
AL051937,,,,
AL051938,,,,
AL051939,,,,
AL051940,,,,
AL051941,,,,4310.144483567298
AL051942,,,,
AL051943,,,,
AL051944,,,,
AL051945,,,,1077.5361208918246
AL051946,,,,
AL051947,,,,
AL051948,,,,
AL051949,,,,
AL051950,,,,2424.4562720066056
AL051951,,,,
AL051952,,,,
AL051953,,,,
AL051954,,,,
AL051955,,,,
AL051956,,,,
AL051957,,,,
AL051958,,,,
AL051959,,,,4310.144483567298
AL051960,,,,26938.40302229562
AL051961,,,,
AL051962,,,,
AL051963,,,,
AL051964,,,,1077.5361208918246
AL051965,,,,
AL051966,,,,
AL051968,,,,
AL051969,,,,
AL051970,,,,
AL051971,,,,
AL051972,,,,
AL051973,,,,
AL051974,,,,
AL051975,,,,
AL051976,,,,
AL051977,,,,
AL051978,,,,
AL051979,,,,
AL051980,,,,
AL051981,,,,
AL051982,,,,
AL051983,,,,
AL051984,,,,
AL051985,,,,1077.5361208918246
AL051986,,,,2424.4562720066056
AL051987,,,,
AL051988,,,,
AL051989,,,,
AL051990,,,,
AL051991,,,,
AL051992,,,,
AL051993,,,,9697.825088026422
AL051994,,,,
AL051995,,,,17240.577934269193
AL051996,,,,
AL051997,,,,1077.5361208918246
AL051998,,,,52799.26992369942
AL051999,,,,
AL052000,,,,
AL052001,,,,
AL052002,,,,
AL052003,,,,
AL052004,72733.68816019816,,,
AL052005,545233.2771712632,210927.69566457468,77851.98473443434,
AL052006,60342.02276994218,,,
AL052007,21820.106448059447,,,
AL052008,135769.5512323699,,,
AL052009,552776.0300175061,,,
AL052010,,,,
AL052011,145467.37632039635,,,
AL052012,407308.6536971097,60342.02276994218,9697.825088026422,
AL052013,71117.38397886042,,,
AL052014,129304.33450701897,,,
AL052015,181026.06830982654,,,
AL052016,329726.0529928984,43101.444835672984,4310.144483567298,
AL052017,16163.041813377371,,,
AL052018,210119.5435739058,,,
AL052019,2527899.7396122213,646521.6725350948,126071.72614434348,4310.144483567298
AL052020,,,,
AL052021,371749.9617076795,25860.86690140379,4310.144483567298,87280.4257922378
AL052022,1515015.7859739054,348044.1670480594,71117.38397886042,38791.30035210569
AL052023,232747.80211263415,30171.01138497109,2424.4562720066056,349121.7031689512
AL052024,1275802.7671359202,431014.44835672993,130381.87062791077,211197.0796947977
AL061851,,,,
AL061853,,,,
AL061856,,,,
AL061858,,,,
AL061859,,,,
AL061860,,,,
AL061861,,,,
AL061862,,,,
AL061863,,,,
AL061865,,,,
AL061866,,,,
AL061867,,,,
AL061869,,,,9697.825088026422
AL061870,,,,
AL061871,,,,
AL061874,,,,
AL061875,,,,
AL061877,,,,
AL061878,,,,
AL061879,,,,
AL061880,,,,
AL061881,,,,2424.4562720066056
AL061882,,,,
AL061885,,,,
AL061886,,,,
AL061887,,,,
AL061888,,,,
AL061889,,,,
AL061891,,,,
AL061892,,,,
AL061893,,,,6734.600755573905
AL061894,,,,
AL061895,,,,
AL061896,,,,
AL061897,,,,
AL061898,,,,
AL061899,,,,
AL061900,,,,
AL061901,,,,
AL061903,,,,
AL061904,,,,
AL061906,,,,21820.10644805945
AL061908,,,,
AL061909,,,,
AL061911,,,,
AL061912,,,,
AL061913,,,,
AL061915,,,,4310.144483567298
AL061916,,,,6734.600755573905
AL061918,,,,
AL061921,,,,4310.144483567298
AL061923,,,,21820.10644805945
AL061924,,,,
AL061926,,,,
AL061927,,,,
AL061928,,,,
AL061931,,,,
AL061932,,,,
AL061933,,,,17240.577934269193
AL061934,,,,
AL061935,,,,
AL061936,,,,
AL061937,,,,
AL061938,,,,17240.577934269193
AL061939,,,,
AL061940,,,,
AL061941,,,,
AL061942,,,,
AL061943,,,,
AL061944,,,,
AL061945,,,,
AL061946,,,,13199.817480924856
AL061947,,,,
AL061948,,,,
AL061949,,,,
AL061950,,,,
AL061951,,,,
AL061952,,,,
AL061953,,,,
AL061954,,,,6734.600755573905
AL061955,,,,
AL061956,,,,
AL061957,,,,
AL061958,,,,
AL061959,,,,
AL061960,,,,4310.144483567298
AL061961,,,,
AL061962,,,,
AL061963,,,,
AL061964,,,,269.38403022295614
AL061965,,,,
AL061966,,,,
AL061968,,,,
AL061969,,,,
AL061971,,,,
AL061972,,,,
AL061973,,,,
AL061974,,,,
AL061975,,,,
AL061976,,,,
AL061977,,,,
AL061978,,,,
AL061979,,,,
AL061980,,,,
AL061981,,,,
AL061982,,,,
AL061983,,,,
AL061984,,,,
AL061985,,,,
AL061986,,,,
AL061987,,,,
AL061988,,,,
AL061989,,,,
AL061990,,,,
AL061991,,,,
AL061992,,,,
AL061993,,,,
AL061994,,,,
AL061995,,,,
AL061996,,,,17240.577934269193
AL061997,,,,
AL061998,,,,
AL061999,,,,
AL062000,,,,
AL062001,,,,
AL062002,,,,
AL062003,,,,
AL062004,1034434.6760561516,509674.585181833,196380.95803253504,9697.825088026422
AL062005,266690.18992072664,67884.77561618495,,
AL062006,293089.8248825763,43101.444835672984,,
AL062007,263996.3496184971,91590.5702758051,35558.69198943021,
AL062008,495666.6156102394,48489.125440132106,,
AL062009,323260.8362675474,,,
AL062010,3685173.5334500405,543078.2049294796,123916.65390255985,
AL062011,37713.76423121387,,,
AL062012,106676.07596829064,16163.041813377371,,
AL062013,38791.30035210569,,,
AL062014,968704.9726817504,329726.05299289833,96978.25088026423,
AL062015,168095.63485912466,45256.51707745664,6734.600755573905,
AL062016,51721.73380280758,,,
AL062017,32326.083626754742,4310.144483567298,,
AL062018,906207.8776700246,329726.05299289833,155165.20140842276,6734.600755573905
AL062019,67884.77561618495,,,
AL062020,275849.2469483071,,,
AL062021,196111.5740023121,37713.76423121387,,107753.61208918248
AL062022,5353199.448590585,1124947.7102110651,206886.93521123033,211197.0796947977
AL062023,45256.517077456636,,,52799.26992369942
AL062024,504286.90457737393,106676.07596829064,35558.69198943021,107753.61208918248
AL071853,,,,
AL071859,,,,
AL071860,,,,
AL071861,,,,
AL071863,,,,
AL071865,,,,
AL071866,,,,
AL071867,,,,
AL071869,,,,
AL071870,,,,
AL071871,,,,
AL071874,,,,
AL071877,,,,
AL071878,,,,
AL071879,,,,
AL071880,,,,
AL071881,,,,
AL071885,,,,
AL071886,,,,
AL071887,,,,
AL071888,,,,1077.5361208918246
AL071889,,,,
AL071891,,,,
AL071892,,,,
AL071893,,,,
AL071894,,,,
AL071896,,,,
AL071898,,,,4310.144483567298
AL071899,,,,
AL071900,,,,
AL071901,,,,
AL071903,,,,
AL071906,,,,
AL071908,,,,
AL071909,,,,
AL071912,,,,
AL071916,,,,
AL071921,,,,
AL071923,,,,
AL071924,,,,
AL071926,,,,4310.144483567298
AL071927,,,,
AL071931,,,,
AL071932,,,,
AL071933,,,,
AL071934,,,,
AL071935,,,,1077.5361208918246
AL071936,,,,
AL071937,,,,
AL071938,,,,
AL071940,,,,
AL071942,,,,
AL071943,,,,
AL071944,,,,9697.825088026422
AL071945,,,,
AL071946,,,,
AL071947,,,,
AL071948,,,,
AL071949,,,,
AL071950,,,,
AL071951,,,,
AL071952,,,,
AL071953,,,,
AL071954,,,,
AL071955,,,,
AL071956,,,,4310.144483567298
AL071957,,,,
AL071958,,,,
AL071959,,,,
AL071960,,,,
AL071961,,,,
AL071962,,,,
AL071963,,,,
AL071964,,,,
AL071965,,,,
AL071966,,,,
AL071969,,,,
AL071970,,,,
AL071971,,,,
AL071972,,,,
AL071973,,,,
AL071974,,,,
AL071975,,,,
AL071976,,,,
AL071977,,,,
AL071978,,,,
AL071979,,,,
AL071980,,,,
AL071981,,,,
AL071982,,,,
AL071984,,,,
AL071985,,,,
AL071986,,,,
AL071987,,,,
AL071988,,,,2424.4562720066056
AL071989,,,,
AL071990,,,,
AL071991,,,,
AL071992,,,,
AL071993,,,,
AL071994,,,,
AL071995,,,,
AL071996,,,,
AL071997,,,,
AL071998,,,,68962.31173707677
AL071999,,,,
AL072000,,,,
AL072001,,,,
AL072002,,,,
AL072003,,,,
AL072004,853408.6077463252,26938.40302229562,1077.5361208918246,1077.5361208918246
AL072005,242445.62720066056,,,
AL072006,5120451.646477951,1163739.0105631705,155165.20140842276,
AL072007,168365.0188893476,,,
AL072008,1396486.8126758046,429936.912235838,107753.61208918248,6734.600755573905
AL072009,293359.2089127993,72733.68816019816,21550.722417836492,
AL072010,1465449.1244128817,474115.89319240284,168095.63485912466,
AL072011,101827.16342427745,2424.4562720066056,,
AL072012,9697.825088026422,,,
AL072013,206886.93521123033,8620.288967134597,,
AL072014,872804.257922378,142234.76795772085,4310.144483567298,
AL072015,68962.31173707677,,,
AL072016,727336.8816019816,242445.62720066056,96978.25088026421,
AL072017,450410.0985327827,77582.60070421136,8081.5209066886855,
AL072018,106676.07596829064,2155.072241783649,,
AL072019,87280.42579223779,,,
AL072020,26938.40302229562,4310.144483567298,,
AL072021,470883.2848297274,107753.61208918248,38791.30035210569,17240.577934269193
AL072022,4835982.11056251,1596908.5311616843,568939.0718308834,107753.61208918248
AL072023,232747.80211263412,,,107753.61208918248
AL072024,116373.90105631707,,,52799.26992369942
AL081853,,,,
AL081859,,,,
AL081861,,,,
AL081863,,,,
AL081867,,,,
AL081869,,,,
AL081870,,,,
AL081871,,,,
AL081877,,,,
AL081878,,,,
AL081879,,,,
AL081880,,,,
AL081885,,,,
AL081886,,,,
AL081887,,,,
AL081888,,,,
AL081889,,,,
AL081891,,,,
AL081892,,,,
AL081893,,,,
AL081898,,,,
AL081899,,,,
AL081901,,,,
AL081903,,,,
AL081906,,,,1077.5361208918246
AL081908,,,,
AL081909,,,,
AL081916,,,,
AL081923,,,,
AL081924,,,,
AL081926,,,,
AL081927,,,,
AL081931,,,,
AL081932,,,,
AL081933,,,,4310.144483567298
AL081934,,,,
AL081935,,,,
AL081936,,,,
AL081937,,,,
AL081938,,,,
AL081940,,,,
AL081942,,,,
AL081943,,,,
AL081944,,,,
AL081945,,,,
AL081947,,,,
AL081948,,,,1077.5361208918246
AL081949,,,,
AL081950,,,,
AL081951,,,,
AL081952,,,,
AL081953,,,,
AL081954,,,,6734.600755573905
AL081955,,,,6734.600755573905
AL081956,,,,
AL081957,,,,
AL081958,,,,4310.144483567298
AL081959,,,,1077.5361208918246
AL081960,,,,
AL081961,,,,
AL081963,,,,
AL081964,,,,
AL081965,,,,
AL081966,,,,
AL081968,,,,
AL081969,,,,
AL081970,,,,
AL081971,,,,
AL081972,,,,
AL081973,,,,
AL081974,,,,
AL081975,,,,
AL081976,,,,
AL081977,,,,
AL081978,,,,
AL081979,,,,
AL081980,,,,
AL081981,,,,
AL081982,,,,
AL081984,,,,
AL081985,,,,
AL081986,,,,
AL081987,,,,
AL081988,,,,
AL081989,,,,
AL081990,,,,
AL081991,,,,
AL081992,,,,
AL081993,,,,
AL081994,,,,
AL081995,,,,
AL081996,,,,9697.825088026422
AL081997,,,,
AL081998,,,,
AL081999,,,,13199.817480924856
AL082000,,,,
AL082001,,,,
AL082002,,,,
AL082003,,,,
AL082004,107753.61208918248,6734.600755573905,,
AL082005,671843.7713760526,29632.243324525178,,
AL082006,4344625.639435837,775826.0070421137,38791.30035210569,
AL082007,43640.212896118894,,,
AL082008,1413188.622549628,242445.62720066056,32326.083626754742,
AL082009,,,,
AL082010,174560.85158447557,9697.825088026422,,
AL082011,38791.30035210569,2424.4562720066056,,
AL082012,388990.5396419487,107753.61208918248,26938.40302229562,
AL082013,,,,
AL082014,1655095.4816898427,497821.687852023,142234.76795772085,
AL082015,242445.62720066056,,,
AL082016,,,,
AL082017,969782.5088026422,77582.60070421136,21550.722417836492,
AL082018,965472.3643190749,182103.60443071838,52799.269923699416,
AL082019,450410.0985327827,10775.361208918246,,
AL082020,290934.75264079263,77582.60070421136,21820.106448059447,4310.144483567298
AL082021,387913.0035210569,77582.60070421136,,9697.825088026422
AL082022,511829.6574236167,19395.650176052844,,38791.30035210569
AL082023,2327478.0211263415,543078.2049294796,87280.42579223779,107753.61208918248
AL091863,,,,
AL091867,,,,269.38403022295614
AL091869,,,,
AL091870,,,,
AL091878,,,,
AL091880,,,,
AL091886,,,,
AL091887,,,,17240.577934269193
AL091888,,,,
AL091889,,,,
AL091891,,,,
AL091892,,,,
AL091893,,,,2424.4562720066056
AL091898,,,,
AL091899,,,,13199.817480924856
AL091901,,,,
AL091903,,,,
AL091906,,,,
AL091908,,,,
AL091909,,,,9697.825088026422
AL091916,,,,
AL091923,,,,
AL091924,,,,
AL091926,,,,
AL091931,,,,
AL091932,,,,
AL091933,,,,
AL091934,,,,
AL091936,,,,
AL091937,,,,
AL091938,,,,
AL091940,,,,
AL091942,,,,
AL091943,,,,
AL091944,,,,
AL091945,,,,1077.5361208918246
AL091947,,,,2424.4562720066056
AL091948,,,,2424.4562720066056
AL091949,,,,
AL091950,,,,
AL091951,,,,
AL091952,,,,
AL091953,,,,
AL091954,,,,
AL091955,,,,
AL091956,,,,
AL091958,,,,
AL091959,,,,
AL091961,,,,
AL091963,,,,
AL091964,,,,
AL091965,,,,
AL091966,,,,4310.144483567298
AL091968,,,,
AL091969,,,,269.38403022295614
AL091970,,,,
AL091971,,,,
AL091972,,,,
AL091973,,,,
AL091974,,,,
AL091975,,,,
AL091976,,,,
AL091977,,,,
AL091978,,,,
AL091979,,,,
AL091980,,,,
AL091981,,,,
AL091984,,,,
AL091985,,,,2424.4562720066056
AL091986,,,,
AL091987,,,,
AL091988,,,,
AL091989,,,,
AL091990,,,,
AL091991,,,,
AL091992,,,,
AL091993,,,,
AL091994,,,,
AL091995,,,,
AL091996,,,,
AL091997,,,,
AL091998,,,,
AL091999,,,,
AL092000,,,,
AL092001,,,,
AL092002,,,,
AL092003,,,,
AL092004,1717323.1926713453,673460.0755573903,293359.2089127993,6734.600755573905
AL092005,1765004.1660208092,129304.33450701897,12930.433450701896,
AL092006,4377490.491123037,1111209.124669694,215507.22417836497,
AL092007,60611.40680016514,9697.825088026422,,1077.5361208918246
AL092008,1765004.1660208087,781213.6876465728,302248.88191015687,9697.825088026422
AL092009,1047365.1095068536,135769.5512323699,,
AL092010,,,,
AL092011,2792973.625351609,520449.94639075134,182103.60443071838,21820.10644805945
AL092012,1034434.6760561516,242445.62720066056,38791.30035210569,17240.577934269193
AL092013,1068915.83192469,211197.07969479766,38791.30035210569,
AL092014,45256.51707745664,,,
AL092015,,,,
AL092016,1435278.1130279105,211197.07969479766,30171.01138497109,4310.144483567298
AL092017,475193.4293132947,86202.88967134597,29632.243324525178,1077.5361208918246
AL092018,377137.64231213863,32326.083626754742,1077.5361208918246,
AL092019,3132397.5034325346,672382.5394364985,196111.5740023121,
AL092020,785523.8321301402,142234.76795772085,26938.40302229562,6734.600755573905
AL092021,1076458.5847709328,142234.76795772085,45525.901107679594,969782.5088026422
AL092022,2152917.1695418656,310330.40281684545,60342.02276994218,349121.7031689512
AL092023,96978.25088026423,,,87280.4257922378
AL092024,2217569.3367953748,310330.40281684545,118798.35732832368,275849.2469483071
AL101869,,,,9697.825088026422
AL101870,,,,
AL101878,,,,
AL101880,,,,
AL101886,,,,
AL101887,,,,
AL101891,,,,
AL101893,,,,2424.4562720066056
AL101898,,,,
AL101899,,,,
AL101901,,,,
AL101903,,,,
AL101906,,,,
AL101908,,,,
AL101909,,,,
AL101916,,,,
AL101924,,,,4310.144483567298
AL101926,,,,4310.144483567298
AL101931,,,,
AL101932,,,,
AL101933,,,,
AL101934,,,,
AL101936,,,,
AL101937,,,,
AL101942,,,,
AL101943,,,,
AL101944,,,,
AL101945,,,,
AL101947,,,,
AL101948,,,,
AL101949,,,,
AL101950,,,,
AL101951,,,,
AL101952,,,,
AL101953,,,,
AL101954,,,,
AL101955,,,,
AL101956,,,,
AL101958,,,,
AL101959,,,,
AL101961,,,,
AL101963,,,,
AL101964,,,,13199.817480924856
AL101965,,,,
AL101966,,,,
AL101968,,,,
AL101970,,,,
AL101971,,,,
AL101972,,,,
AL101973,,,,
AL101974,,,,
AL101975,,,,
AL101976,,,,
AL101977,,,,
AL101978,,,,
AL101979,,,,
AL101980,,,,
AL101981,,,,
AL101984,,,,2424.4562720066056
AL101985,,,,
AL101986,,,,
AL101987,,,,
AL101988,,,,
AL101989,,,,
AL101990,,,,
AL101991,,,,
AL101992,,,,
AL101993,,,,
AL101994,,,,
AL101995,,,,
AL101996,,,,
AL101998,,,,
AL101999,,,,
AL102000,,,,
AL102001,,,,
AL102002,,,,
AL102003,,,,
AL102004,,,,
AL102005,,,,
AL102006,888967.2997357553,96978.25088026423,22628.258538728318,
AL102007,,,,
AL102008,320028.2279048719,38791.30035210569,,
AL102009,58186.95052815854,,,
AL102010,142234.76795772085,16163.041813377371,,
AL102011,,,,
AL102012,349121.70316895115,,,
AL102013,165940.562617341,45256.517077456636,6465.216725350948,
AL102015,355586.9198943021,,,
AL102016,560318.7828637488,,,
AL102018,475193.4293132947,,,
AL102019,495666.6156102394,38791.30035210569,8081.5209066886855,
AL102020,,,,
AL102021,17240.577934269193,,,52799.26992369942
AL102022,,,,107753.61208918248
AL102023,1765004.1660208087,87280.42579223779,11314.129269364159,155165.20140842276
AL102024,1206840.4553988436,226282.58538728318,38791.30035210569,242445.62720066056
AL111870,,,,
AL111878,,,,
AL111880,,,,
AL111886,,,,
AL111887,,,,
AL111893,,,,
AL111898,,,,
AL111901,,,,
AL111906,,,,
AL111909,,,,4310.144483567298
AL111916,,,,
AL111924,,,,
AL111926,,,,
AL111931,,,,
AL111932,,,,
AL111933,,,,2424.4562720066056
AL111934,,,,
AL111936,,,,
AL111937,,,,
AL111942,,,,
AL111944,,,,
AL111945,,,,
AL111949,,,,2424.4562720066056
AL111950,,,,269.38403022295614
AL111951,,,,
AL111952,,,,
AL111953,,,,
AL111954,,,,
AL111955,,,,
AL111956,,,,
AL111958,,,,
AL111959,,,,
AL111961,,,,
AL111964,,,,4310.144483567298
AL111966,,,,
AL111967,,,,
AL111970,,,,
AL111971,,,,
AL111972,,,,
AL111973,,,,
AL111974,,,,
AL111975,,,,
AL111976,,,,
AL111977,,,,
AL111978,,,,
AL111979,,,,
AL111980,,,,
AL111981,,,,
AL111984,,,,
AL111985,,,,
AL111987,,,,
AL111988,,,,
AL111989,,,,4310.144483567298
AL111990,,,,
AL111991,,,,
AL111994,,,,
AL111995,,,,
AL111996,,,,
AL111998,,,,
AL111999,,,,
AL112000,,,,
AL112001,,,,
AL112002,,,,
AL112003,,,,
AL112004,985945.5506160195,329726.0529928984,142234.76795772085,21820.10644805945
AL112005,45256.51707745664,,,
AL112007,266690.18992072664,,,
AL112008,982712.9422533441,266690.18992072664,123916.65390255985,
AL112009,673460.0755573903,86202.88967134597,14546.737632039632,
AL112010,6896231.173707679,1719747.648943352,218201.06448059448,
AL112011,21820.106448059447,,,
AL112012,155165.20140842276,32326.083626754742,8081.5209066886855,
AL112013,87280.42579223779,,,
AL112015,2228344.6980042933,497821.687852023,97247.63491048718,
AL112016,64652.167253509484,,,
AL112017,2692762.7661086703,644366.6002933112,118528.97329810071,2424.4562720066056
AL112018,,,,
AL112019,,,,
AL112020,87280.42579223779,,,
AL112021,290934.75264079263,,,52799.26992369942
AL112022,,,,68962.31173707677
AL112023,38791.30035210569,4310.144483567298,,9697.825088026422
AL112024,103443.46760561517,,,17240.577934269193
AL121878,,,,
AL121886,,,,
AL121887,,,,
AL121893,,,,
AL121901,,,,
AL121909,,,,
AL121916,,,,
AL121931,,,,
AL121932,,,,
AL121933,,,,17240.577934269193
AL121934,,,,
AL121936,,,,
AL121944,,,,
AL121949,,,,
AL121950,,,,
AL121951,,,,
AL121953,,,,
AL121954,,,,
AL121955,,,,
AL121956,,,,
AL121958,,,,
AL121959,,,,
AL121961,,,,
AL121964,,,,
AL121966,,,,
AL121967,,,,
AL121968,,,,
AL121969,,,,
AL121970,,,,
AL121971,,,,
AL121972,,,,
AL121973,,,,
AL121974,,,,
AL121975,,,,
AL121976,,,,
AL121977,,,,
AL121978,,,,
AL121979,,,,
AL121980,,,,
AL121981,,,,
AL121984,,,,
AL121985,,,,2424.4562720066056
AL121987,,,,
AL121988,,,,
AL121989,,,,
AL121990,,,,
AL121991,,,,
AL121994,,,,
AL121995,,,,
AL121996,,,,
AL121998,,,,
AL121999,,,,
AL122000,,,,
AL122001,,,,
AL122002,,,,
AL122003,,,,
AL122004,4364021.28961189,875498.0982246074,193956.50176052845,
AL122005,1433123.0407861269,504286.90457737393,274771.7108274153,4310.144483567298
AL122007,727336.8816019817,367709.2012543352,21550.722417836492,
AL122008,3879130.035210569,1260717.261443435,232747.80211263415,
AL122010,916444.4708184969,118528.97329810071,26938.40302229562,
AL122011,2177700.500322378,756430.3568660609,168095.63485912466,
AL122012,2327478.0211263415,475193.4293132947,19395.650176052844,
AL122013,274771.7108274153,51721.73380280758,,
AL122015,5900587.798003632,232747.80211263412,,
AL122016,545233.2771712632,107753.61208918248,,
AL122017,1515015.7859739054,329726.05299289833,63035.86307217174,
AL122018,266151.4218602807,,,
AL122019,130381.87062791077,,,
AL122020,474115.89319240284,,,
AL122021,2036543.268485549,517217.3380280759,142234.76795772085,52799.26992369942
AL122022,,,,38791.30035210569
AL122023,161630.4181337737,,,87280.4257922378
AL122024,3077443.1612670515,1137878.1436617668,293089.8248825763,87280.4257922378
AL131887,,,,
AL131901,,,,
AL131916,,,,
AL131931,,,,
AL131932,,,,
AL131933,,,,
AL131934,,,,
AL131936,,,,13199.817480924856
AL131944,,,,13199.817480924856
AL131949,,,,
AL131950,,,,
AL131953,,,,
AL131954,,,,
AL131955,,,,
AL131959,,,,
AL131964,,,,
AL131966,,,,
AL131967,,,,1077.5361208918246
AL131968,,,,
AL131969,,,,
AL131970,,,,
AL131971,,,,
AL131972,,,,
AL131973,,,,
AL131974,,,,
AL131975,,,,
AL131976,,,,
AL131977,,,,
AL131978,,,,
AL131979,,,,
AL131980,,,,
AL131981,,,,
AL131984,,,,
AL131985,,,,1077.5361208918246
AL131987,,,,1077.5361208918246
AL131988,,,,
AL131989,,,,
AL131990,,,,
AL131995,,,,
AL131996,,,,
AL131998,,,,
AL131999,,,,17240.577934269193
AL132000,,,,
AL132001,,,,
AL132002,,,,1077.5361208918246
AL132003,,,,17240.577934269193
AL132004,1131412.926936416,86202.88967134597,4310.144483567298,
AL132005,38791.30035210569,,,
AL132007,86202.88967134597,21820.106448059447,9697.825088026422,
AL132008,9697.825088026422,269.38403022295614,,
AL132010,275849.2469483071,68962.31173707677,13199.817480924854,
AL132011,1090197.1703123036,,,
AL132012,182103.60443071838,38791.30035210569,15085.505692485545,
AL132013,107753.61208918248,,,
AL132016,182103.60443071838,,,
AL132017,130381.87062791077,32326.083626754742,11314.12926936416,
AL132018,6284190.657041121,1163739.0105631705,45525.901107679594,
AL132019,4342470.567194053,1594753.4589199005,520449.94639075134,
AL132020,700398.478579686,226282.58538728318,77582.60070421136,2424.4562720066056
AL132021,,,,17240.577934269193
AL132022,293089.8248825763,38791.30035210569,6465.216725350948,52799.26992369942
AL132023,3555869.1989430217,1318904.2119715936,474115.89319240284,155165.20140842276
AL132024,226282.58538728318,45256.51707745664,11314.12926936416,52799.26992369942
AL141887,,,,
AL141916,,,,4310.144483567298
AL141932,,,,
AL141933,,,,
AL141936,,,,
AL141944,,,,
AL141949,,,,
AL141950,,,,
AL141953,,,,
AL141954,,,,4310.144483567298
AL141959,,,,
AL141966,,,,
AL141967,,,,
AL141968,,,,1077.5361208918246
AL141970,,,,
AL141971,,,,
AL141972,,,,
AL141973,,,,
AL141974,,,,
AL141975,,,,
AL141976,,,,
AL141977,,,,
AL141978,,,,
AL141979,,,,
AL141980,,,,
AL141981,,,,
AL141984,,,,
AL141985,,,,
AL141987,,,,
AL141988,,,,
AL141989,,,,1077.5361208918246
AL141990,,,,
AL141995,,,,
AL141998,,,,
AL141999,,,,
AL142000,,,,
AL142001,,,,
AL142002,,,,
AL142003,,,,
AL142004,161630.4181337737,,,
AL142005,4310144.483567298,1637854.9037555736,484891.25440132106,
AL142007,116373.90105631706,,,
AL142008,80815.20906688685,,,
AL142010,68962.31173707677,11314.12926936416,2155.072241783649,
AL142011,1280112.9116194877,193956.50176052842,17240.577934269193,
AL142012,2047318.6296944667,196111.5740023121,26938.40302229562,
AL142013,2036543.268485549,290934.75264079263,,
AL142016,1638932.4398764656,348044.1670480594,73272.45622064408,
AL142017,407308.6536971098,118528.97329810071,32595.467656977693,
AL142018,3077443.161267052,785523.8321301402,45525.901107679594,1077.5361208918246
AL142019,1396486.8126758048,349121.70316895115,,
AL142020,168095.63485912466,16163.041813377371,2424.4562720066056,
AL142021,307097.79445417,68962.31173707677,12122.281360033028,107753.61208918248
AL142022,203654.3268485549,25860.86690140379,,107753.61208918248
AL142023,1629234.6147884391,368517.35334500397,82970.2813086705,68962.31173707677
AL142024,1760694.0215372413,429936.912235838,38791.30035210569,38791.30035210569
AL151887,,,,
AL151916,,,,
AL151932,,,,
AL151933,,,,
AL151936,,,,
AL151949,,,,
AL151950,,,,
AL151954,,,,
AL151966,,,,
AL151967,,,,
AL151968,,,,
AL151969,,,,
AL151970,,,,
AL151971,,,,
AL151972,,,,
AL151973,,,,
AL151974,,,,
AL151975,,,,
AL151976,,,,
AL151977,,,,
AL151978,,,,
AL151979,,,,
AL151980,,,,
AL151981,,,,
AL151984,,,,
AL151988,,,,
AL151989,,,,
AL151990,,,,
AL151995,,,,4310.144483567298
AL151999,,,,
AL152000,,,,
AL152001,,,,
AL152003,,,,
AL152004,2693840.3022295614,,,
AL152005,1508550.5692485545,320028.2279048719,86202.88967134597,
AL152007,290934.75264079263,,,
AL152008,378215.17843303044,123916.65390255985,24244.562720066056,
AL152010,315179.31536085875,,,
AL152011,378215.17843303044,86202.88967134597,,
AL152012,271539.1024647398,,,
AL152013,1685266.493074814,87280.42579223779,,
AL152016,5333803.798414532,1173436.8356511972,241368.09107976872,
AL152017,1435278.1130279102,475193.4293132947,174560.85158447557,2424.4562720066056
AL152018,129304.33450701897,26938.40302229562,,
AL152019,,,,
AL152020,,,,
AL152021,1315671.603608918,43101.444835672984,,155165.20140842276
AL152022,103443.46760561517,21820.106448059447,4848.912544013211,52799.26992369942
AL152023,9920875.06505103,329726.05299289833,96978.25088026423,107753.61208918248
AL152024,543078.2049294796,,,155165.20140842276
AL161887,,,,
AL161933,,,,
AL161936,,,,
AL161949,,,,
AL161950,,,,
AL161954,,,,
AL161966,,,,
AL161967,,,,
AL161968,,,,
AL161969,,,,
AL161970,,,,
AL161971,,,,
AL161972,,,,
AL161973,,,,
AL161974,,,,
AL161975,,,,
AL161976,,,,
AL161978,,,,
AL161979,,,,
AL161980,,,,
AL161981,,,,
AL161984,,,,
AL161988,,,,
AL161990,,,,
AL161995,,,,
AL161999,,,,
AL162000,,,,
AL162001,,,,
AL162003,,,,
AL162004,2262825.853872832,,,
AL162005,724104.2732393063,211197.07969479766,60611.40680016514,
AL162007,6051442.854928487,1590443.3144363333,109100.53224029724,
AL162008,,,,
AL162010,969782.5088026422,,,
AL162011,1085617.6417985132,142234.76795772085,38791.30035210569,
AL162012,51721.73380280758,,,
AL162016,107753.61208918248,38791.30035210569,9697.825088026422,
AL162017,310330.40281684545,58186.95052815854,13199.817480924854,4310.144483567298
AL162018,16757841.752109656,960084.6837146159,290934.75264079263,
AL162019,620660.805633691,,,
AL162020,86202.88967134597,8620.288967134597,1077.5361208918246,
AL162021,43101.444835672984,,,52799.26992369942
AL162022,11724670.531423945,2143219.3444538396,96978.25088026423,107753.61208918248
AL162023,882502.0830104044,96978.25088026421,,431014.44835672993
AL162024,87280.42579223779,9697.825088026422,2424.4562720066056,68962.31173707677
AL171887,,,,
AL171933,,,,
AL171936,,,,
AL171966,,,,
AL171967,,,,
AL171969,,,,
AL171971,,,,
AL171972,,,,
AL171973,,,,
AL171974,,,,
AL171975,,,,
AL171976,,,,
AL171978,,,,
AL171979,,,,
AL171980,,,,
AL171981,,,,
AL171984,,,,
AL171988,,,,
AL171995,,,,26938.40302229562
AL172000,,,,
AL172001,,,,
AL172003,,,,
AL172005,193956.50176052845,26938.40302229562,2424.4562720066056,
AL172007,606114.0680016514,25860.86690140379,,
AL172008,310330.40281684545,92129.338336251,26938.40302229562,
AL172010,1163739.0105631705,135769.5512323699,12930.433450701896,
AL172011,640056.4558097438,68962.31173707677,26938.40302229562,
AL172012,9865920.722885545,431014.44835672993,77582.60070421136,
AL172017,2948138.8267600327,491356.47112667206,87280.42579223779,
AL172019,211197.07969479766,,,
AL172020,2180933.108685053,594799.9387322873,155165.20140842276,
AL172021,103443.46760561517,,,87280.4257922378
AL172022,2430921.4887319566,118528.97329810071,4310.144483567298,1724057.7934269197
AL172023,452565.17077456636,,,107753.61208918248
AL172024,290934.75264079263,116373.90105631707,,52799.26992369942
AL181887,,,,
AL181933,,,,
AL181967,,,,
AL181970,,,,
AL181971,,,,
AL181972,,,,
AL181974,,,,
AL181975,,,,
AL181976,,,,
AL181978,,,,
AL181979,,,,
AL181980,,,,
AL181981,,,,
AL181984,,,,
AL181988,,,,
AL181995,,,,
AL182000,,,,
AL182003,,,,
AL182005,1002108.5924293969,474115.89319240284,185874.98085383975,4310.144483567298
AL182010,97247.63491048718,21820.106448059447,11314.129269364159,
AL182011,310330.40281684545,107753.61208918248,19395.65017605284,
AL182012,7969457.150115934,1422347.6795772088,290934.75264079263,68962.31173707677
AL182017,116373.90105631706,,,
AL182019,756430.3568660609,26938.40302229562,,
AL182020,51721.73380280758,,,
AL182021,5042869.04577374,872804.2579223779,96978.25088026423,68962.31173707677
AL182023,204731.8629694467,,,38791.30035210569
AL182024,290934.75264079263,68962.31173707677,21820.106448059447,155165.20140842276
AL191887,,,,
AL191933,,,,
AL191967,,,,
AL191969,,,,
AL191970,,,,
AL191971,,,,
AL191972,,,,
AL191974,,,,
AL191975,,,,
AL191976,,,,
AL191978,,,,
AL191979,,,,
AL191981,,,,
AL191984,,,,
AL191988,,,,
AL191995,,,,
AL192000,,,,
AL192003,,,,
AL192005,,,,
AL192010,196111.57400231212,26938.40302229562,6734.600755573905,
AL192011,2182010.6448059455,64652.167253509484,,
AL192012,140079.6957159372,,,
AL192017,655141.9615022293,52799.269923699416,,
AL192019,9115955.582744837,1260717.261443435,130381.87062791077,
AL192020,368517.35334500397,96978.25088026423,26669.01899207266,2424.4562720066056
AL192021,68962.31173707677,,,107753.61208918248
AL192023,43101.444835672984,,,68962.31173707677
AL192024,142234.76795772085,,,26938.40302229562
AL201933,,,,
AL201969,,,,
AL201970,,,,
AL201971,,,,
AL201974,,,,
AL201975,,,,
AL201976,,,,
AL201978,,,,
AL201979,,,,
AL201981,,,,
AL201984,,,,
AL201995,,,,
AL202003,,,,
AL202005,266690.18992072664,48489.125440132106,9697.825088026422,
AL202010,210119.5435739058,12930.433450701896,,
AL202011,38791.30035210569,,,
AL202019,1282267.9838612715,248910.8439260115,,
AL202020,5342424.0873816665,1315671.603608918,366362.2811032204,
AL202021,387913.00352105685,26938.40302229562,,52799.26992369942
AL202023,1099086.8433096611,196111.5740023121,15085.505692485545,68962.31173707677
AL211967,,,,
AL211969,,,,
AL211970,,,,
AL211971,,,,
AL211975,,,,
AL211976,,,,
AL211978,,,,
AL211981,,,,
AL211995,,,,
AL212003,,,,
AL212005,87280.42579223779,,,
AL212010,963047.9080470683,68962.31173707677,17240.577934269193,
AL212020,129304.33450701897,,,
AL212021,4790725.593485053,177793.45994715104,,431014.44835672993
AL212023,,,,68962.31173707677
AL221969,,,,
AL221970,,,,
AL221971,,,,
AL221975,,,,
AL221978,,,,
AL221981,,,,
AL222005,656758.2656835672,,,
AL222020,387913.0035210569,43101.444835672984,,
AL231967,,,,
AL231969,,,,
AL231970,,,,
AL231975,,,,
AL231978,,,,
AL232005,,,,
AL232020,135769.5512323699,,,
AL241967,,,,
AL241969,,,,
AL241978,,,,
AL242005,211197.07969479766,38791.30035210569,9697.825088026422,
AL242020,1493465.0635560693,181026.06830982657,,
AL251967,,,,
AL251969,,,,
AL252005,2943020.5301857963,581869.5052815854,218201.0644805945,6734.600755573905
AL252020,452565.1707745664,37713.76423121387,,
AL261969,,,,
AL262005,45525.901107679594,,,
AL262020,592644.8664905035,87280.42579223779,35558.69198943021,2424.4562720066056
AL271967,,,,
AL271969,,,,
AL272005,130381.87062791077,26938.40302229562,9697.825088026422,
AL272020,3685173.5334500405,693933.2618543351,142234.76795772085,
AL281967,,,,
AL281969,,,,
AL282005,87280.42579223779,,,
AL282020,1406184.6377638313,106676.07596829064,17240.577934269193,4310.144483567298
AL291969,,,,
AL292005,2559148.2871180833,315179.31536085875,,
AL292020,646521.6725350948,51721.73380280758,17240.577934269193,
AL301969,,,,
AL302005,568939.0718308834,86202.88967134597,24244.562720066056,
AL302020,835090.4936911641,38791.30035210569,,
AL312005,471422.0528901733,38791.30035210569,,
AL312020,1002108.5924293969,196111.5740023121,49027.89350057802,
