code,aew_strength_minus_0_days,aew_strength_minus_2_days,aew_strength_minus_3_days
AL011979,4.19954599132057E-06,4.15562049903408E-06,3.71239961798151E-06
AL021979,3.69699585912832E-06,4.15520728368131E-06,6.6021051731932E-06
AL031979,2.56530611451329E-06,5.37244982395435E-06,4.62046307136328E-06
AL041979,2.85245315154019E-06,8.96351522099181E-06,5.37244982395435E-06
AL051979,3.30061609638902E-06,2.56530611451329E-06,8.96351522099181E-06
AL061979,3.42835446018434E-06,6.73042492298382E-06,2.59162362150732E-06
AL071979,5.12926520766125E-06,3.88972512540801E-06,3.00812823190978E-06
AL081979,5.15075782148162E-06,3.32459862220057E-06,5.25714936013531E-06
AL091979,2.89448768438076E-06,2.77955786148122E-06,9.19174833261111E-06
AL101979,2.48693077754299E-06,2.77955786148122E-06,9.19174833261111E-06
AL111979,5.55553989371793E-06,4.0140049367671E-06,4.97915379727946E-06
AL121979,7.28487027777909E-06,3.99198907161044E-06,4.0140049367671E-06
AL131979,4.61819985515623E-06,7.28487027777909E-06,5.55553989371793E-06
AL141979,2.67656205928363E-06,8.14173062777243E-06,4.61819985515623E-06
AL151979,2.88797143429124E-06,2.28483224806309E-06,2.53186678153773E-06
AL161979,3.21452460867923E-06,1.74577377646596E-06,2.28483224806309E-06
AL171979,2.26124457542895E-06,4.9640986672174E-06,4.14462782381362E-06
AL181979,0.0,0.0,0.0
AL191979,3.98584761493593E-06,0.0,0.0
AL201979,0.0,0.0,0.0
AL011980,1.16400738089568E-05,2.64617352746522E-06,9.71771951210036E-06
AL021980,1.16400738089568E-05,2.64617352746522E-06,9.71771951210036E-06
AL031980,3.02519579886324E-06,6.28194144772941E-06,2.53549433339222E-06
AL041980,4.19379237475417E-06,4.20498898998384E-06,5.25764020057353E-06
AL051980,5.28062080983064E-06,4.89977829134272E-06,2.60435559751696E-06
AL061980,9.42595970384811E-07,9.64934759551824E-06,4.89977829134272E-06
AL071980,5.64334079726932E-06,1.08690952411658E-05,8.43377804739016E-06
AL081980,2.78546185078454E-06,4.03180564997698E-06,8.48056926426298E-06
AL091980,6.70121073633722E-06,2.57443298422549E-06,3.06042289584809E-06
AL101980,9.60271269846794E-06,7.10083881593899E-06,6.70121073633722E-06
AL111980,9.60271269846794E-06,7.10083881593899E-06,6.70121073633722E-06
AL121980,6.82510744701642E-06,9.60271269846794E-06,8.10604744834428E-06
AL131980,1.66548017838673E-06,5.22315802967057E-06,3.81630868106099E-06
AL141980,1.02886283225029E-05,8.82686918809411E-06,6.27262767179751E-06
AL151980,8.11622333229483E-06,1.17731617761001E-05,9.19439717137785E-06
AL161980,0.0,0.0,0.0
AL171980,0.0,0.0,0.0
AL181980,0.0,0.0,0.0
AL011981,0.0,0.0,0.0
AL021981,0.0,0.0,0.0
AL031981,0.0,0.0,0.0
AL041981,7.07586131398697E-06,4.03000657137324E-06,0.0
AL051981,7.3013983733153E-06,2.2443740489969E-06,4.50631792789494E-06
AL061981,3.47806238207795E-06,5.87008624906202E-06,6.42153714338322E-06
AL071981,3.63739854102358E-06,7.41001333958172E-06,3.47806238207795E-06
AL081981,1.35695520974244E-05,4.839719947144E-06,5.05839576997758E-06
AL091981,1.14348983240847E-05,8.63536380347974E-06,3.43103121428424E-06
AL101981,6.51050444891273E-06,3.30996308468737E-06,9.11458861931324E-06
AL111981,7.35166374827539E-06,7.64218916586809E-06,4.45848217654166E-06
AL121981,8.63114473496244E-06,1.03102802661837E-05,3.83155730158186E-06
AL131981,6.74452926896294E-06,8.76300161672795E-06,9.76031132547352E-06
AL141981,9.13120627847352E-06,7.01296861760619E-06,6.74452926896294E-06
AL151981,1.25459372492387E-05,6.46352064516086E-06,1.09050975779265E-05
AL161981,3.02930555781078E-06,9.52822683797849E-06,1.01428992176635E-05
AL171981,2.98445933064147E-06,8.07112658672991E-06,9.52822683797849E-06
AL181981,4.14614684092428E-06,3.43510035235454E-06,2.48936915367946E-06
AL191981,3.66866866789273E-06,3.84175167858644E-06,5.33352454587646E-06
AL201981,0.0,0.0,4.21016104944493E-06
AL211981,0.0,0.0,0.0
AL221981,0.0,0.0,0.0
AL011982,1.60583624931342E-06,0.0,0.0
AL021982,3.30698238442727E-06,3.32081431365501E-06,3.40335057360974E-06
AL031982,3.69039108266821E-06,9.05376580809127E-06,5.19428513597669E-06
AL041982,2.71140773843396E-06,2.53785051825185E-06,6.54826780605535E-06
AL051982,7.29068053639622E-06,2.04330957600479E-06,2.71140773843396E-06
AL061982,2.69816480355583E-06,2.62666019938292E-06,4.26427512518552E-06
AL071982,3.63188924616929E-06,4.97301356564727E-06,4.68605890512782E-06
AL081982,3.2692950511268E-06,8.44946608359071E-06,1.1092115158368E-05
AL011983,4.56286442922874E-06,3.16980581713406E-06,2.67808836856238E-06
AL021983,7.93943906073776E-06,3.53982931053557E-06,3.90132834217805E-06
AL031983,4.08367328479122E-06,9.08316154072762E-06,6.82527025228643E-06
AL041983,6.60515006685047E-06,6.33672740789137E-06,4.20018247366838E-06
AL051983,4.06533791565287E-06,6.25947330758E-06,3.33076955933519E-06
AL061983,2.53829343593939E-06,2.9549907256895E-06,5.87054378512616E-06
AL011984,8.40059523866834E-06,3.24288488310779E-06,7.70069044149476E-06
AL021984,5.29089999447769E-06,5.73191948430581E-06,9.37757816481925E-06
AL031984,1.25586247933521E-05,8.99464808583138E-06,8.2281818152191E-06
AL041984,7.47159062648718E-06,8.10647932644454E-06,1.39122668615744E-05
AL051984,3.99824696580132E-06,3.34805673756869E-06,2.06265194501677E-06
AL061984,2.17842032416175E-06,3.85991016437521E-06,2.40914468719575E-06
AL071984,6.5138454077878E-06,2.17842032416175E-06,1.37972732361485E-06
AL081984,2.77996742666653E-06,5.91960808618772E-06,2.17842032416175E-06
AL091984,5.02599423086471E-06,6.70999472398462E-06,6.07664835785889E-06
AL101984,8.32096492861857E-06,5.02599423086471E-06,6.4039701643312E-06
AL111984,1.01116258178545E-05,2.86587295254541E-06,5.76888678686651E-06
AL121984,1.23547194362072E-05,4.48199143716338E-06,2.86587295254541E-06
AL131984,1.32187294088931E-05,1.01116258178545E-05,4.48199143716338E-06
AL141984,8.2836728181287E-06,3.86608047952481E-06,3.26110976448942E-06
AL151984,7.5230313412674E-06,8.2836728181287E-06,6.87796744828258E-06
AL161984,3.93228192314681E-06,7.60591290805058E-06,5.22774564236963E-06
AL171984,4.76217540835297E-06,5.38637453001295E-06,1.79315175496169E-06
AL181984,0.0,0.0,0.0
AL191984,0.0,0.0,0.0
AL201984,0.0,0.0,0.0
AL011985,1.0394733842193E-05,1.12994127719185E-05,4.85671013096215E-06
AL021985,5.73719381619962E-06,8.82713216309268E-06,7.74295542958507E-06
AL031985,3.15459603019209E-06,6.06559710373626E-06,6.71129672481501E-06
AL041985,5.33396378495023E-06,2.37390017345882E-06,3.15459603019209E-06
AL051985,7.89863675530757E-06,1.53835523711384E-06,4.78359256612794E-06
AL061985,7.42773641573402E-06,1.08389654573427E-05,9.09651179743929E-06
AL071985,9.06534821727995E-06,8.00992469557837E-06,7.42773641573402E-06
AL081985,8.42950331140359E-06,3.87338256367363E-06,7.25822598322483E-06
AL091985,2.50922443553924E-06,8.64709726283472E-06,3.87338256367363E-06
AL101985,6.81422299391362E-06,2.10734052946958E-06,3.61372390371305E-06
AL111985,2.60927193211751E-06,3.53372712700552E-06,4.13462713180891E-06
AL121985,1.967688114177E-05,3.25042232693151E-06,2.40633796218868E-06
AL131985,0.0,0.0,0.0
AL141985,0.0,0.0,0.0
AL011986,2.48461585156117E-06,6.96267596264432E-06,5.24833555308322E-06
AL021986,7.76005280377496E-06,3.21064846470053E-06,3.7408174326479E-06
AL031986,4.49176232539636E-06,4.62092607921308E-06,5.38562623259944E-06
AL041986,1.9682524467013E-06,9.06922062687984E-07,7.2231917872004E-06
AL051986,4.41646966517324E-06,3.46550923281813E-06,1.92036089215604E-06
AL061986,6.22890483551781E-06,6.2112257627053E-06,3.36963196617281E-06
AL071986,7.04916212978108E-06,6.22890483551781E-06,9.37779996175736E-06
AL081986,5.19732392851745E-06,3.16878928005585E-06,1.30668464287802E-05
AL091986,3.52643698967638E-06,4.95942390746655E-06,5.19732392851745E-06
AL101986,0.0,0.0,0.0
AL011987,0.0,0.0,0.0
AL021987,5.73872928157436E-06,3.10129589304397E-06,7.28861332822262E-06
AL031987,5.78635186695662E-06,3.56632557612995E-06,3.10129589304397E-06
AL041987,9.39370564513063E-06,9.76262204068872E-06,6.07831376052836E-06
AL051987,1.34810084094056E-05,7.39006284787575E-06,5.01967573275135E-06
AL061987,7.45477607716753E-06,9.06672058124554E-06,9.06631863744142E-06
AL071987,3.52692378643326E-06,1.36611678110704E-05,1.02079381380605E-05
AL081987,2.92361059513596E-06,2.69503644622681E-06,1.36611678110704E-05
AL091987,2.70031529013158E-06,3.52692378643326E-06,2.69503644622681E-06
AL101987,3.00380874709134E-06,2.92361059513596E-06,3.52692378643326E-06
AL111987,6.2535971653198E-06,3.11486486615751E-06,2.54467990104748E-06
AL121987,1.06752320127595E-05,5.59865104477506E-06,3.90077742690538E-06
AL131987,4.7094738935816E-06,7.67420797534028E-06,1.1559923584805E-05
AL141987,0.0,4.91557249103002E-06,5.22105901704988E-06
AL131988,0.0,0.0,0.0
AL011988,1.12420907147263E-05,1.93972410807793E-06,1.31721424543668E-05
AL021988,1.07373959691863E-05,6.90156137078059E-06,1.12420907147263E-05
AL141988,7.75804092926479E-06,8.31495430082593E-06,8.75552467017123E-06
AL151988,5.0850290897505E-06,4.52268076138357E-06,7.73093098828379E-06
AL161988,5.0850290897505E-06,4.52268076138357E-06,7.73093098828379E-06
AL031988,1.13761535997587E-05,3.18441516310158E-06,4.52268076138357E-06
AL041988,1.20435636076152E-05,4.2364881288038E-06,8.91834286165173E-06
AL051988,3.99692762891219E-06,8.32389289301877E-06,1.20435636076152E-05
AL171988,5.17720227808743E-06,3.33176926984378E-06,8.32389289301877E-06
AL061988,6.84561102452375E-06,4.63054008801256E-06,5.17720227808743E-06
AL071988,6.84561102452375E-06,4.63054008801256E-06,5.17720227808743E-06
AL081988,9.08839342358075E-06,7.11462585529036E-06,4.63054008801256E-06
AL091988,5.03636975919737E-06,6.19175070876544E-06,3.94182686085341E-06
AL181988,9.97692332037057E-06,9.76673096545205E-06,5.32463713470324E-06
AL101988,1.11067518097149E-05,9.69348252836285E-06,9.76673096545205E-06
AL111988,2.60111002554695E-06,6.53917078962397E-06,8.14543369891064E-06
AL191988,3.42997205259072E-06,5.64919378223285E-06,4.79736052809103E-06
AL121988,0.0,0.0,0.0
AL011989,3.76447217668452E-06,3.01530610549788E-06,6.89256530908346E-06
AL021989,6.68261844712492E-06,2.87648592664056E-06,7.23787891309158E-06
AL031989,4.32174048717228E-06,4.93221583576933E-06,3.04194242821256E-06
AL041989,5.19854464672386E-06,4.89780613752513E-06,4.70810697145951E-06
AL051989,2.1478938178568E-06,5.48763640338382E-06,4.89780613752513E-06
AL061989,9.2446088244345E-06,3.48205695730533E-06,3.38561685437766E-06
AL071989,8.296260211601E-06,5.355735443861E-06,2.91539537961216E-06
AL081989,6.84549006311092E-06,6.57296419994596E-06,4.21740097137344E-06
AL091989,5.58754693837299E-06,1.12360141438232E-05,6.57296419994596E-06
AL101989,3.72312043659628E-06,3.40530735319527E-06,5.58754693837299E-06
AL111989,1.06766083679039E-05,2.87517969467158E-06,3.37298035978744E-06
AL121989,3.85376579630946E-06,3.08123639113441E-06,7.0219192995418E-06
AL131989,4.22157205146109E-06,3.44091644814829E-06,3.47866754343417E-06
AL141989,5.29991998878653E-06,2.75554753242063E-06,6.3869843624521E-06
AL151989,0.0,0.0,0.0
AL011990,0.0,0.0,0.0
AL021990,1.06916262397029E-05,1.0785442868031E-05,8.49919059425147E-06
AL031990,1.32853805826187E-05,1.06916262397029E-05,1.08274133852115E-05
AL041990,5.62489664494794E-06,7.95936512864066E-06,7.9871635149833E-06
AL061990,6.50579474144393E-06,5.62489664494794E-06,2.50803904120938E-06
AL051990,8.72349769829318E-06,6.50579474144393E-06,5.53376092639452E-06
AL071990,8.79583388449526E-06,4.70448205895819E-07,3.91463452762099E-06
AL081990,2.9996415807729E-06,2.8806549849807E-06,3.06167324491282E-06
AL091990,5.09271849146428E-06,2.89200780366435E-06,2.8806549849807E-06
AL101990,6.18002152680198E-06,8.70578124209404E-06,3.97234198362581E-06
AL111990,9.96311643729758E-06,3.30983246439461E-06,2.32305508528005E-06
AL121990,4.22022627511503E-06,6.6550860959163E-06,9.96311643729758E-06
AL131990,1.61146636952992E-06,3.669924443614E-06,5.88156362199924E-06
AL141990,2.61385321242924E-06,1.1402527846126E-06,1.61146636952992E-06
AL151990,5.75023904154842E-06,5.03794254105254E-06,2.61385321242924E-06
AL161990,3.32917795381515E-06,7.49159161532452E-06,6.11630813110434E-06
AL011991,3.70266017272453E-06,3.08941789105952E-06,5.43837888251935E-06
AL021991,1.35572165938875E-05,1.24773511630068E-05,4.47488415089646E-06
AL031991,7.13160567176074E-06,2.85777846385927E-06,4.33345374360308E-06
AL041991,5.94228423923922E-06,3.61930754712192E-06,6.47182588669964E-06
AL051991,6.45829831837856E-06,4.21738225664825E-06,6.4843697682578E-06
AL061991,6.30580413766974E-06,2.95262882766399E-06,3.53196916077203E-06
AL071991,7.92872800380566E-06,8.07810278446151E-06,6.30580413766974E-06
AL081991,3.81371608259668E-06,9.31824457855677E-06,8.07810278446151E-06
AL091991,1.15189129832859E-05,1.40098602041234E-05,5.82060044871858E-06
AL101991,2.22231103725807E-06,3.39949245382224E-06,6.30805482809939E-06
AL111991,3.96365095047759E-06,8.20081556295214E-06,3.39949245382224E-06
AL121991,3.49767025800712E-06,4.55669560803628E-06,3.96365095047759E-06
AL011992,0.0,0.0,0.0
AL021992,2.86094212717582E-06,2.9497410137115E-06,2.78729426187015E-06
AL031992,4.19391171363805E-06,2.59632142929103E-06,3.60472388085629E-06
AL041992,7.63294969549744E-06,6.35854866772436E-06,1.19249758365148E-05
AL051992,3.3844800783912E-06,1.52261447087241E-05,1.47493345599348E-05
AL061992,4.10149916580637E-06,4.08317707549534E-06,4.74616837668766E-06
AL071992,2.4692298758341E-06,4.35954110579689E-06,4.08317707549534E-06
AL081992,3.39286348806417E-06,3.18777652283015E-06,2.4692298758341E-06
AL091992,3.24132738814545E-06,5.00752484842222E-06,3.18777652283015E-06
AL101992,5.3296222436708E-06,2.0595302380994E-06,4.13512283261127E-06
AL011993,0.0,0.0,0.0
AL021993,3.01708326160065E-06,3.13550422411374E-06,3.66585967512122E-06
AL031993,4.11313785667602E-06,3.35345235097446E-06,4.76825660597312E-06
AL041993,2.96943225848671E-06,3.96151823805228E-06,1.68539128270584E-06
AL051993,2.64918841520941E-06,2.45040369309927E-06,4.68796670900809E-06
AL061993,3.30491713338947E-06,1.14302249576461E-06,2.45040369309927E-06
AL071993,9.78896415868238E-06,1.63512375541253E-06,5.48691329566712E-06
AL081993,4.38470076230698E-06,4.39105205754533E-06,1.28033742065175E-06
AL091993,5.14239869271387E-06,3.42114127093931E-06,5.46704037513094E-06
AL101993,9.23524626857544E-07,1.57070550457738E-06,8.98462684262213E-06
AL011994,5.64178390659659E-06,6.56073276954547E-06,4.28611336192655E-06
AL021994,7.35620586998053E-06,6.91544915821215E-06,5.59512306286217E-06
AL031994,2.94517581271323E-06,3.84910899254247E-06,2.9832898174357E-06
AL041994,7.34719729843147E-06,2.94517581271323E-06,6.61332927331685E-06
AL051994,1.37255748138698E-05,1.03565062076017E-05,1.05480498327431E-05
AL061994,8.48001925748555E-06,1.29392844168826E-05,1.07976000475859E-05
AL071994,9.82884681226408E-06,5.96751206174944E-06,9.21468075584509E-06
AL081994,5.56537739800531E-06,3.85931585700108E-06,9.82884681226408E-06
AL091994,1.19672873512406E-06,2.24666478702953E-06,5.56537739800531E-06
AL101994,3.22917681099157E-06,1.19672873512406E-06,8.35283422606427E-06
AL111994,0.0,5.59725363403495E-06,3.4318596468384E-06
AL121994,0.0,0.0,0.0
AL011995,3.80082901094004E-06,0.0,0.0
AL021995,4.00764246179109E-06,2.94113049369622E-06,9.32659668319146E-06
AL031995,7.35294365895514E-06,7.02441353755099E-06,1.83863239172298E-06
AL041995,5.8455111808058E-06,2.28450688884619E-06,3.57560126182522E-06
AL051995,7.12721321581927E-06,6.77421206825435E-06,5.8455111808058E-06
AL061995,7.25169131721652E-06,4.826840196191E-06,8.33390434657531E-06
AL071995,1.42721860367158E-05,5.45953256794961E-06,7.25169131721652E-06
AL081995,2.91199222275489E-06,1.43304656555472E-05,5.45953256794961E-06
AL091995,3.33171524563061E-06,2.28642397343E-06,5.50810863266387E-06
AL101995,3.33171524563061E-06,2.28642397343E-06,5.50810863266387E-06
AL111995,3.33171524563061E-06,2.28642397343E-06,5.50810863266387E-06
AL121995,1.06204143270145E-06,2.84155415081958E-06,3.07124468327005E-06
AL131995,1.48185222973581E-06,1.06204143270145E-06,7.76239740995449E-07
AL141995,3.23357713685887E-06,8.58301771420456E-06,5.71566432185174E-06
AL151995,3.84433172329978E-06,4.43483324831373E-06,3.23357713685887E-06
AL161995,8.12372487800122E-06,6.49025125475369E-06,8.48580878906053E-06
AL171995,4.18323196336657E-06,3.07455948697875E-06,6.49025125475369E-06
AL181995,1.6600197784927E-05,6.30432898088796E-06,3.72694891806416E-06
AL191995,1.26743223211747E-05,1.36101970989785E-05,1.6600197784927E-05
AL201995,0.0,4.82883670004772E-06,5.7593619248071E-06
AL211995,1.35685979436935E-06,8.21782495322324E-06,4.50053627196821E-06
AL011996,4.9270607132666E-06,5.36143033159136E-06,8.20177231318697E-06
AL021996,3.87668916714836E-06,1.00619351536499E-05,1.01005181288306E-05
AL031996,9.3784465405599E-06,5.55100687673649E-06,1.85895097281015E-06
AL041996,1.30112663247544E-05,3.8033847212969E-06,1.50419331548744E-05
AL051996,1.30112663247544E-05,3.8033847212969E-06,1.50419331548744E-05
AL061996,4.20218425354927E-06,2.60723172345164E-06,1.13282251850357E-05
AL071996,7.02943716935661E-06,5.77617645992975E-06,4.20218425354927E-06
AL081996,1.35412867393398E-05,6.73527276057151E-06,4.66486787317953E-06
AL091996,4.23119538738309E-06,2.57361765049424E-06,3.1183168671453E-06
AL101996,5.25579733694317E-06,3.67330030918122E-06,2.32434809971484E-06
AL111996,9.60736194901085E-06,5.28779544136246E-06,1.78403181339583E-06
AL121996,9.42502873063493E-06,9.11942395073563E-06,9.60736194901085E-06
AL131996,0.0,0.0,0.0
AL011997,0.0,0.0,0.0
AL021997,5.41261488878485E-06,1.95978662807262E-06,4.7041599309161E-06
AL031997,8.2185689167779E-06,7.92271985730599E-06,9.10332235946227E-06
AL041997,6.82462500258516E-06,8.2185689167779E-06,8.62125166846836E-06
AL051997,5.61740405517927E-06,5.77678055690032E-06,6.82462500258516E-06
AL061997,2.42779666791456E-06,9.30590615788803E-06,5.77678055690032E-06
AL071997,5.79528697074467E-06,9.08335876514826E-06,1.02670413768916E-05
AL081997,5.7795259214294E-06,4.78619009356304E-06,6.59421955439536E-07
AL091997,3.58479555651123E-06,3.22425186146985E-06,9.99333911449514E-06
AL011998,7.58985776061863E-06,1.25540673100321E-05,9.84194179410636E-06
AL021998,8.55725857326364E-06,9.28594546252026E-06,8.8092432606309E-06
AL031998,6.77698792842248E-06,8.55725857326364E-06,1.03969252891384E-05
AL041998,1.04656226203124E-05,7.28837834363215E-06,6.77698792842248E-06
AL051998,8.36041189173608E-06,7.51736275625811E-06,8.8158226153003E-06
AL061998,4.45784480309762E-06,8.72676155403616E-06,5.27442368383724E-06
AL071998,1.08323709501606E-05,5.87469411209376E-06,4.50131096646213E-06
AL081998,4.00358763193269E-06,1.08323709501606E-05,9.8196683533614E-06
AL091998,8.54535057728575E-06,4.00358763193269E-06,4.31451302117618E-06
AL101998,1.06479723279555E-05,8.54535057728575E-06,8.87329154440338E-06
AL111998,3.58111064064709E-06,1.06479723279555E-05,1.00172177736179E-05
AL121998,6.87159361319414E-06,9.24394202088394E-06,1.91011858413269E-06
AL131998,6.82309848889156E-06,2.05550792912059E-06,2.69857557461849E-06
AL141998,0.0,0.0,0.0
AL011999,5.28494189930551E-06,3.21329473809471E-06,3.95245007524154E-06
AL021999,5.6049684680898E-06,6.20658162050792E-06,3.42153619278486E-06
AL031999,4.81809640655266E-06,5.12695031006033E-06,3.92998920941389E-06
AL041999,8.03918158011148E-06,2.87844240499814E-06,5.12695031006033E-06
AL051999,5.32955529733663E-06,8.29328072571949E-06,1.26185583652913E-05
AL061999,5.32955529733663E-06,8.29328072571949E-06,1.26185583652913E-05
AL071999,6.46240414006502E-06,5.58416421916012E-06,5.47946762815545E-06
AL081999,2.30556366819308E-06,6.46240414006502E-06,4.13599629542068E-06
AL091999,3.13423033716973E-06,7.00171333667598E-06,2.04518389049733E-06
AL101999,4.80591419848788E-06,3.94291824259711E-06,6.3414022239341E-06
AL111999,4.27739822815599E-06,5.56740313032993E-06,4.56623416421784E-06
AL121999,2.38034574322508E-06,4.27739822815599E-06,7.01817506304038E-06
AL131999,1.58508702079378E-05,1.15697971219403E-05,1.36290540175881E-05
AL141999,2.49953738416136E-06,3.80713435597281E-06,3.94564121946678E-06
AL151999,6.52523414132863E-06,4.81009751318666E-06,2.63613326029493E-06
AL161999,0.0,0.0,0.0
AL012000,7.57457756713085E-06,3.29842384517311E-06,4.34220878168516E-06
AL022000,3.10649203546881E-06,3.32928208498836E-06,2.88037015283642E-06
AL032000,3.40359735469313E-06,9.71995669722217E-06,6.13413668414742E-06
AL042000,4.88127353469729E-06,5.713638090695E-06,3.9864182296053E-06
AL052000,8.86521407227961E-06,5.05966325514389E-06,3.71474785580958E-06
AL062000,9.84306912130774E-06,4.63308231708935E-06,8.01959370012115E-06
AL072000,6.38656208471102E-06,9.84306912130774E-06,5.44797618032675E-06
AL082000,1.06044999128971E-05,6.21843039077066E-06,3.88871232437791E-06
AL092000,3.51499488461585E-06,1.74898312821417E-06,3.69590524595152E-06
AL102000,9.10100301573172E-06,3.51499488461585E-06,1.08612867249666E-06
AL112000,4.56410855245572E-06,8.72901316664498E-06,1.12941944864898E-05
AL122000,1.44293481064386E-06,2.17586478583598E-06,8.72901316664498E-06
AL132000,9.12601176306967E-06,5.85707498389927E-06,4.60218770312633E-06
AL142000,4.36047084986127E-06,2.81433459907042E-06,2.0694451251064E-06
AL152000,2.63621900352775E-06,2.60646432730454E-06,4.36047084986127E-06
AL162000,6.62099413697342E-06,5.26367198924238E-06,3.56928758222266E-06
AL172000,6.23389452277548E-06,9.85536073748941E-06,5.08623576369657E-06
AL182000,4.62306369760279E-06,3.64539389449751E-06,5.94485564156188E-06
AL192000,0.0,1.88296383980832E-05,3.57952063394918E-05
AL012001,4.80978723288387E-06,3.29078393742048E-06,2.00953587570946E-06
AL022001,4.79165337728049E-06,5.79588643503509E-06,2.76970483893652E-06
AL032001,5.43104656502149E-06,9.38313360653357E-06,1.42022376590062E-05
AL042001,8.31661827604838E-06,3.72693991314564E-06,1.21711069806204E-05
AL052001,6.87266869574203E-06,1.32182794773776E-05,1.56251074959248E-05
AL062001,6.06890899495449E-06,5.08446609321016E-06,6.55743283553082E-06
AL072001,9.31602775637028E-06,4.84897708637197E-06,3.18405993314869E-06
AL082001,3.42490443560096E-06,4.84445013051368E-06,3.82584292270051E-06
AL092001,3.01489059354847E-06,3.33669883046704E-06,4.5173362527158E-06
AL102001,5.07976168472615E-06,3.01489059354847E-06,4.76216751930314E-06
AL112001,4.44559702483098E-06,2.20320518293446E-06,2.79248146712325E-06
AL122001,5.27569488648594E-06,4.44559702483098E-06,3.16103203181168E-06
AL132001,3.2499931976621E-06,2.15528570277678E-06,4.57230012103558E-06
AL142001,3.47079313919677E-06,3.21400431245688E-06,3.34460926406218E-06
AL152001,4.37980508419571E-06,3.47079313919677E-06,0.0
AL162001,0.0,0.0,0.0
AL172001,0.0,0.0,0.0
AL012002,1.07009491046199E-05,3.96733084546512E-06,5.77610285608361E-06
AL022002,7.29553815376432E-06,7.78264168210434E-06,7.9683676651382E-06
AL032002,6.56650024862344E-06,5.23661845289853E-06,7.78264168210434E-06
AL042002,6.7046941643151E-06,4.41613412439775E-06,3.75814793243163E-06
AL052002,7.6363017569952E-06,3.12132127777966E-06,6.7046941643151E-06
AL062002,9.4264567146793E-06,5.36019086756802E-06,2.44808616595565E-06
AL072002,2.44067690914369E-06,9.4264567146793E-06,6.0037059771503E-06
AL082002,2.89911453776788E-06,1.50295829366938E-05,9.4264567146793E-06
AL092002,5.39563478254101E-06,3.32161717945817E-06,2.90036977135716E-06
AL102002,1.03577103776449E-05,5.39563478254101E-06,7.09849104490325E-06
AL112002,5.65067258206381E-06,2.80511507959566E-06,1.03577103776449E-05
AL122002,5.9745764064168E-06,9.35607034189214E-06,5.65067258206381E-06
AL132002,3.41451913683382E-06,7.68695807990813E-06,9.35607034189214E-06
AL142002,8.98899833603249E-06,1.19988795204852E-06,4.12035616001983E-06
AL012003,0.0,0.0,0.0
AL022003,6.37519954457422E-06,3.48385913492259E-06,2.53371574192969E-06
AL032003,2.1604221757473E-06,7.82984394388028E-06,8.5606377007488E-06
AL042003,5.27104347563667E-06,5.58931184253772E-06,1.17748258886615E-05
AL052003,6.32585766227416E-06,2.34475009190849E-06,2.36324430216236E-06
AL062003,2.90184491384022E-06,4.61018667357841E-06,6.32585766227416E-06
AL072003,4.63141218436507E-06,6.37888553945252E-06,3.88581889223097E-06
AL082003,5.62233619503457E-06,8.1984156024782E-06,3.50863081607534E-06
AL092003,1.36149214686353E-05,8.46637821931261E-06,4.60184125248497E-06
AL102003,1.67560551283871E-06,7.88250432192513E-06,5.01516025856548E-06
AL112003,8.82191199970361E-06,3.68975618514948E-06,1.67560551283871E-06
AL122003,9.80375480700096E-06,1.63388081928782E-06,8.3271879219207E-06
AL132003,3.29136056403682E-06,1.46313651392357E-05,9.80375480700096E-06
AL142003,1.75136527953838E-06,3.29136056403682E-06,1.20770723294428E-05
AL152003,3.31350644408689E-06,2.50779452776581E-06,1.83791715254821E-06
AL162003,2.46274400020365E-06,1.70762192964217E-06,2.50779452776581E-06
AL172003,4.18815964430626E-06,2.46274400020365E-06,3.31350644408689E-06
AL182003,5.24435823301576E-06,9.67119219252375E-07,6.20933770772518E-06
AL192003,4.15946465875935E-06,5.83189405776363E-06,5.24435823301576E-06
AL202003,0.0,0.0,0.0
AL212003,0.0,0.0,0.0
AL012004,3.30722263366253E-06,6.60883226891722E-06,4.30503614503236E-06
AL022004,5.6117692836533E-06,8.76059180140863E-06,3.30722263366253E-06
AL032004,5.6985151577068E-06,7.86638467536901E-06,9.0703923828801E-06
AL042004,1.28473336894634E-05,4.21455829323432E-06,4.84857350292121E-06
AL052004,1.28473336894634E-05,4.21455829323432E-06,4.84857350292121E-06
AL062004,9.84545289244645E-06,3.34651941728379E-06,1.76590862060562E-05
AL072004,2.13914587589998E-06,9.84545289244645E-06,5.0616069377203E-06
AL082004,2.13914587589998E-06,9.84545289244645E-06,5.0616069377203E-06
AL092004,2.63985111414714E-06,4.46723860697835E-06,2.94720704207992E-06
AL102004,5.65844726663662E-06,1.02890612349949E-05,6.04790863861952E-06
AL112004,5.2616726965252E-06,5.03638446801468E-06,3.6580536890867E-06
AL122004,3.37456839065508E-06,6.33860189487731E-06,5.2616726965252E-06
AL132004,3.58718884647715E-06,5.75268590547112E-06,3.37456839065508E-06
AL142004,1.48521050617088E-06,2.74681988506066E-06,3.69484078220304E-06
AL152004,2.6319712529865E-06,1.48521050617088E-06,2.01807130478851E-06
AL162004,0.0,0.0,0.0
AL012005,2.58552604587035E-06,7.72517941060255E-06,5.94908403807026E-06
AL022005,6.28333749870815E-06,2.71331356646563E-06,4.10974245107352E-06
AL032005,1.70629390024124E-06,2.38146666628007E-06,4.11818395587002E-06
AL042005,4.09007089684771E-06,4.22388112877301E-06,2.38146666628007E-06
AL052005,4.70273800238955E-06,9.26262781770717E-06,5.27701905108123E-06
AL062005,5.5876071693148E-06,6.84421028420528E-06,5.17642691216782E-06
AL072005,5.07917262476564E-06,5.5876071693148E-06,4.56442707527308E-06
AL082005,3.29462162340811E-06,7.81513079440812E-06,4.6011966773803E-06
AL092005,4.6824061713517E-06,3.29462162340811E-06,3.31867705443719E-06
AL102005,2.38256015729558E-06,4.23085357039264E-06,3.9893899501204E-06
AL112005,3.5783099379441E-06,9.45111950840901E-06,9.00931921849134E-06
AL122005,4.82784798725147E-06,4.97054641934438E-06,9.45111950840901E-06
AL132005,1.15732249932253E-05,5.75473897475177E-06,8.37518904523059E-06
AL142005,5.51123400602153E-06,4.97974596455355E-06,5.32061506947786E-06
AL152005,3.50349135773895E-06,5.80249630241824E-06,2.35156763532151E-06
AL162005,5.44759051913707E-06,4.62260777376908E-06,5.80249630241824E-06
AL172005,8.37408693315667E-06,6.32226814550647E-06,6.76762549524383E-06
AL182005,8.60181546565754E-06,6.62919910856857E-06,6.32226814550647E-06
AL192005,3.37339128992282E-06,2.90590488689258E-06,2.06788197561082E-06
AL202005,3.45934490905154E-06,2.65271241533719E-06,2.90590488689258E-06
AL212005,7.57936750560974E-06,5.38121165959956E-06,3.45934490905154E-06
AL222005,3.20791933398659E-06,2.12242380007995E-06,5.38121165959956E-06
AL242005,2.55953727547193E-06,4.07204214126062E-06,3.20791933398659E-06
AL232005,2.55953727547193E-06,4.07204214126062E-06,3.20791933398659E-06
AL252005,1.16914480039541E-05,5.95199179100257E-06,6.91837176676309E-06
AL262005,4.77899432825478E-06,4.28287591234889E-06,2.24989001941465E-06
AL272005,5.51190931718996E-06,2.99577730999848E-06,9.07179711101938E-06
AL282005,0.0,0.0,0.0
AL292005,0.0,0.0,0.0
AL302005,0.0,0.0,0.0
AL312005,0.0,0.0,0.0
AL012006,4.68782598633642E-06,4.41975717816483E-06,4.18314843207719E-06
AL022006,3.21544903975747E-06,2.49411547427422E-06,2.801253637715E-06
AL032006,1.96275621606891E-06,3.21544903975747E-06,1.06739949881734E-06
AL042006,3.14251447610905E-06,2.93812965666801E-06,3.27604099405938E-06
AL052006,1.06819110299918E-05,4.22697694377052E-06,3.94449221899481E-06
AL062006,6.52265369885264E-06,4.81146044027635E-06,1.06819110299918E-05
AL072006,2.65809582652696E-06,5.47530651410889E-06,4.77313057314333E-06
AL082006,5.39377026029768E-06,9.02355804227532E-06,1.29244078508482E-05
AL092006,2.42739392179443E-06,5.39377026029768E-06,3.19057901221586E-06
AL102006,6.45668783841918E-06,5.29645063121906E-06,6.01667246305583E-06
AL012007,0.0,0.0,0.0
AL022007,0.0,0.0,0.0
AL032007,8.60503328861556E-06,3.62330415334892E-06,1.83604639939808E-05
AL042007,1.09098637598971E-05,8.01333210992372E-06,1.19340898176833E-05
AL052007,8.7327145469556E-06,1.09098637598971E-05,1.0517210514591E-05
AL062007,4.28124874388844E-06,9.53223605245802E-06,3.41133752805158E-06
AL072007,1.11914935894252E-05,6.54860728989396E-06,1.66826113850823E-06
AL092007,1.3687508230334E-05,1.22180190144805E-05,1.25823874085935E-05
AL082007,1.3687508230334E-05,1.22180190144805E-05,1.25823874085935E-05
AL102007,6.22938915624332E-06,5.16578558221849E-06,3.98296826924578E-06
AL112007,2.09185778026917E-06,6.22938915624332E-06,3.83882133604652E-06
AL122007,4.76216492796326E-06,2.09185778026917E-06,2.07382916389108E-06
AL132007,4.76216492796326E-06,2.09185778026917E-06,2.07382916389108E-06
AL142007,3.0435728947586E-06,5.93891340483659E-06,4.76216492796326E-06
AL152007,3.04077355825785E-06,2.85027638983455E-06,3.9614775335082E-06
AL162007,1.39505574235444E-05,1.99155857682163E-06,3.03690333625007E-06
AL172007,0.0,0.0,0.0
AL012008,0.0,0.0,0.0
AL022008,2.92128139626997E-06,8.62045406219832E-06,1.09443693958283E-05
AL032008,8.33002275432064E-06,9.25043396960224E-06,9.25681519438573E-06
AL042008,1.23916811703438E-05,1.25694998786263E-05,9.25043396960224E-06
AL052008,7.72359450147197E-06,3.20423999604097E-06,1.00751493535805E-05
AL062008,9.73872410155777E-06,5.3022934960904E-06,6.71750246678675E-06
AL072008,5.01977071795993E-06,8.61628168595708E-06,7.99587948601859E-06
AL082008,3.65937874619335E-06,4.88549628959257E-06,5.01977071795993E-06
AL092008,5.47347014093015E-06,6.98019595574401E-06,4.75213544718693E-06
AL102008,2.97587942269523E-06,9.09931726519615E-06,6.98019595574401E-06
AL112008,2.57719145381869E-06,3.58349188588966E-06,5.42107517333616E-06
AL122008,3.52178950004422E-06,2.87667003874536E-06,3.58349188588966E-06
AL132008,5.88489019480196E-06,4.52681348331274E-06,6.03431193228501E-06
AL142008,4.45535644525144E-06,4.7503611738775E-06,4.66935640795432E-06
AL152008,3.74932752297562E-06,5.92912291362871E-06,4.7503611738775E-06
AL162008,6.16872737411235E-06,4.45535644525144E-06,5.92912291362871E-06
AL172008,0.0,0.0,0.0
AL012009,0.0,0.0,0.0
AL022009,8.73192460504691E-06,6.6288841083353E-06,3.97322519997619E-06
AL032009,5.96077520631344E-06,3.23967219487567E-06,6.9420790284289E-06
AL042009,8.22880933325448E-06,5.78307928324776E-06,3.23967219487567E-06
AL052009,4.76375203565703E-06,8.0317861084082E-06,7.73083276116843E-06
AL062009,1.301021858259E-05,1.57219700945896E-05,1.04870027987539E-05
AL072009,5.84632201665153E-06,8.9552424174411E-06,9.86875591043419E-06
AL082009,5.27590748381745E-06,4.8905428029694E-06,6.43545957806186E-06
AL092009,4.45605792820221E-06,5.27590748381745E-06,4.61643674190408E-06
AL102009,5.74971520596116E-06,1.86868813703535E-06,2.42201225037825E-06
AL112009,0.0,0.0,0.0
AL012010,6.96964772204329E-06,4.16878148003723E-06,4.2374185786312E-06
AL022010,2.62359993031113E-06,3.94383358139547E-06,8.2012565318585E-06
AL032010,9.54509090106554E-06,1.88497394124068E-05,9.0165428556479E-06
AL042010,3.48858734028403E-06,5.52090280058086E-06,4.78599190804148E-06
AL052010,3.41974130645688E-06,5.60609892097368E-06,3.47791387566125E-06
AL062010,1.39178238394606E-05,1.50868031017487E-05,1.11083759332248E-05
AL072010,8.81332326156912E-06,9.67804148427636E-06,1.39178238394606E-05
AL082010,5.39336491457964E-06,4.43051576885622E-06,7.03536753393522E-06
AL092010,3.75693778908009E-06,5.39336491457964E-06,4.31258951724785E-06
AL102010,8.5663173158055E-06,6.4819535070272E-06,3.75693778908009E-06
AL112010,4.10891582489441E-06,1.28076981609912E-05,3.41916694496024E-06
AL122010,5.94044310693059E-06,6.91171876332428E-06,5.75012338452136E-06
AL132010,8.10076391660557E-06,3.72090584904003E-06,6.91171876332428E-06
AL142010,7.27373636676572E-06,2.9128920014051E-06,4.26884742747552E-06
AL152010,3.23405722350016E-06,3.10607002025438E-06,7.27373636676572E-06
AL162010,4.19881049591162E-06,6.79568333017517E-06,7.24433040914797E-06
AL172010,4.92164066985744E-06,2.84522865011763E-06,4.33356048932076E-06
AL182010,2.08552968292759E-06,5.96654173185358E-06,9.09087625961499E-06
AL192010,5.42646192667871E-06,4.40057321904271E-06,5.2566395466724E-06
AL202010,3.23714586595857E-06,8.48647972724875E-06,8.09282392450328E-06
AL212010,2.09979205094527E-06,7.23593862904967E-06,8.48647972724875E-06
AL012011,4.15073753250453E-06,2.56275358495848E-06,3.1795751791649E-06
AL022011,3.16967533213936E-06,2.64114205530862E-06,6.07138159187689E-06
AL032011,4.16104379767093E-06,3.66475773571961E-06,9.51024274184124E-06
AL042011,6.75593259240991E-06,3.17480482363592E-06,6.84041162050894E-06
AL052011,1.08288663683785E-05,4.90249277153447E-06,4.75559514936333E-06
AL062011,6.02047977541658E-06,8.08213370795359E-06,8.83408156735871E-06
AL072011,7.02165514692068E-06,4.91309087862728E-06,8.08213370795359E-06
AL082011,1.36288480809173E-05,1.04328752468697E-05,8.42628920471207E-06
AL092011,4.75557223943706E-06,1.36288480809173E-05,1.3615598529E-05
AL102011,4.35649544146474E-06,2.58985699966373E-06,2.30477054546949E-06
AL112011,5.00468882022768E-06,6.80240906555615E-06,2.58985699966373E-06
AL122011,7.94066966975682E-06,5.00468882022768E-06,4.35649544146474E-06
AL202011,4.44478468172575E-06,9.79516694013235E-06,7.94066966975682E-06
AL132011,7.63317969213383E-06,4.44478468172575E-06,7.7557074982561E-06
AL142011,6.75272374553756E-06,5.9294265628682E-06,3.6617160650021E-06
AL152011,6.75272374553756E-06,6.76346770571966E-06,3.6617160650021E-06
AL162011,9.84084199256498E-06,8.38315601591274E-06,7.15459058634073E-06
AL172011,3.88849049485714E-06,9.87384447015559E-06,9.84084199256498E-06
AL182011,5.37397076963088E-06,0.0,0.0
AL192011,0.0,0.0,0.0
AL012012,0.0,0.0,0.0
AL022012,0.0,0.0,0.0
AL032012,2.15525610699515E-06,2.39696283874993E-06,3.46947783701091E-06
AL042012,7.86354719013951E-06,1.08852096311924E-06,6.87505231610895E-06
AL052012,5.82707394756629E-06,5.13419159533204E-06,5.53363133731983E-06
AL062012,5.42387476235516E-06,5.82707394756629E-06,1.03279755638137E-05
AL072012,8.46178725553111E-06,1.33667495841813E-05,1.1110452674485E-05
AL082012,3.19510308814456E-06,2.13221337613302E-06,8.68260088318154E-06
AL092012,1.08642040383835E-05,1.53125715134336E-05,1.53310375560037E-05
AL102012,1.46903082357251E-05,1.11482731224149E-05,1.53125715134336E-05
AL122012,4.79273734518214E-06,4.91072395501874E-06,3.95141861804388E-06
AL112012,4.79273734518214E-06,4.91072395501874E-06,3.95141861804388E-06
AL132012,4.06279590494761E-06,8.11889992557768E-06,6.65164619274955E-06
AL142012,2.32031963301267E-06,1.0345542800237E-05,7.1071270681123E-06
AL152012,7.49671336143139E-06,1.00701360881404E-05,5.04374464069572E-06
AL162012,4.6703704981752E-06,5.4314138170719E-06,7.2136318865547E-06
AL172012,2.95236125637639E-06,4.6703704981752E-06,7.84261637411963E-06
AL192012,5.73018913081087E-06,4.99423150288649E-06,5.0866540173248E-06
AL182012,5.73018913081087E-06,4.99423150288649E-06,5.0866540173248E-06
AL012013,3.63103357151276E-06,2.53915368960924E-06,2.74192094263544E-06
AL022013,8.6687481142523E-06,3.42138907668361E-06,5.75965888769287E-06
AL032013,3.97973426421326E-06,2.73927011960811E-06,4.47227336233839E-06
AL042013,4.5616194239856E-06,3.70977283344554E-06,4.51063047219796E-06
AL052013,4.75017877025878E-06,5.39953919708978E-06,1.13507399589488E-05
AL062013,3.24766772208763E-06,1.04038670853613E-05,1.01513352185774E-05
AL072013,3.81814027087575E-06,3.54472637753585E-06,9.62366317790877E-06
AL082013,1.58963952144198E-05,3.81814027087575E-06,5.41890895627682E-06
AL092013,4.83477661289292E-06,1.58963952144198E-05,1.21733828695287E-05
AL102013,7.95826406131105E-06,9.34309506130608E-06,1.19464895548763E-06
AL112013,5.30671542100397E-06,3.19442788536711E-06,6.22519330037149E-06
AL122013,4.21610433279085E-06,5.70169020856635E-06,4.57753001339327E-06
AL132013,2.88178663785147E-06,4.01876480859598E-06,4.40053857056516E-06
AL142013,0.0,0.0,0.0
AL152013,0.0,0.0,0.0
AL012014,4.86131883803924E-06,5.1420483578032E-06,5.22518339144205E-06
AL022014,8.32765462270484E-06,3.10532469110118E-06,1.06629429054779E-05
AL032014,8.12358244579991E-06,8.12930108372268E-06,5.75420006408357E-06
AL042014,4.72374807128364E-06,8.80586250343402E-06,8.09073899582667E-06
AL052014,8.6225080256383E-06,7.48607757732771E-06,1.0336626332978E-05
AL062014,6.68367105138296E-06,8.61531116633323E-06,1.02942362161302E-05
AL072014,5.52370019945654E-06,5.45596111204873E-06,9.71113706058298E-06
AL082014,2.79226105614187E-06,5.52358975299515E-06,5.45596111204873E-06
AL092014,3.92643169764772E-06,5.9590455471622E-06,5.45514391221017E-06
AL012015,0.0,0.0,0.0
AL022015,3.98139330771873E-06,3.44355228316116E-06,2.16298834483027E-06
AL032015,6.3483951515592E-06,2.47378153601747E-06,6.88037450026543E-06
AL042015,8.61331216664642E-06,2.31104452229518E-06,6.3022519444167E-06
AL052015,1.25795127275079E-05,2.30042777451068E-06,2.40088935519763E-06
AL062015,7.53301661765479E-06,2.73576294891835E-06,7.77071994811877E-06
AL072015,6.83336515082761E-06,3.12566599340791E-06,1.60965480550435E-06
AL082015,3.92323662596061E-06,3.57496477711971E-06,6.83336515082761E-06
AL092015,5.6558017402955E-06,2.73312367782896E-06,2.91892160587718E-06
AL102015,5.6558017402955E-06,2.73312367782896E-06,2.91892160587718E-06
AL112015,4.6731323484444E-06,4.37938450956869E-06,3.72558669686852E-06
AL122015,0.0,0.0,0.0
AL012016,0.0,0.0,0.0
AL022016,0.0,0.0,0.0
AL032016,4.21689028925675E-06,6.5900925469741E-06,6.18255820331651E-06
AL042016,1.05483326774752E-05,1.37880560288722E-06,2.50323820303256E-06
AL052016,2.84332859371035E-06,5.02459554820643E-06,5.34037018914799E-06
AL062016,6.70415452765189E-06,4.40305365983054E-06,6.51705234593924E-06
AL072016,7.21854452859746E-06,1.34130874863405E-05,1.23620188953529E-05
AL082016,1.45911010421062E-05,9.06814914928809E-06,7.83406562213249E-06
AL092016,1.42845528847148E-05,1.20263606927099E-05,9.06814914928809E-06
AL102016,7.58963006738545E-06,3.02141939554638E-06,6.59600569781699E-06
AL122016,7.58963006738545E-06,3.02141939554638E-06,4.33298410112711E-06
AL112016,1.04145925433378E-05,5.61319845228851E-06,3.02141939554638E-06
AL132016,3.33477281445551E-06,4.98400565266709E-06,4.92557061461775E-06
AL142016,4.95412736375826E-06,3.40618169171883E-06,3.26578608630631E-06
AL152016,6.20230282733136E-06,3.07810808732151E-06,3.72293138383357E-06
AL162016,0.0,0.0,0.0
AL012017,0.0,0.0,0.0
AL022017,7.43400513734564E-06,1.02317002192394E-05,3.68585884176279E-06
AL032017,5.07143371806896E-06,9.60050764062351E-06,1.02317002192394E-05
AL042017,6.2667834093228E-06,1.78658683035239E-06,3.59162050228838E-06
AL052017,5.42550785820967E-06,3.21152725872489E-06,3.81891910475929E-06
AL062017,2.60319588363427E-06,5.95232147236985E-06,7.66232411364287E-06
AL072017,3.6786213171395E-06,1.18258763362159E-05,6.20359794618497E-06
AL082017,2.33490497828481E-06,8.18178682534378E-06,9.17101020665185E-06
AL092017,4.94687916662038E-06,4.37757349152514E-06,7.16367911349268E-06
AL112017,4.86977650713227E-06,5.95583491953826E-06,3.1511455221809E-06
AL122017,6.21271188448734E-06,5.37372439452625E-06,8.84961052878937E-06
AL132017,8.64242056315986E-06,7.83310693821266E-06,5.37372439452625E-06
AL142017,9.59705940060694E-06,4.61036442431966E-06,4.56574529094731E-06
AL152017,7.12249648142996E-06,9.59705940060694E-06,6.7840983766621E-06
AL162017,3.80610010720487E-06,2.56820679344636E-06,3.95026063709542E-06
AL172017,4.79663600576459E-06,4.53564225171911E-06,3.80610010720487E-06
AL182017,2.43214263924132E-06,0.0,0.0
AL192017,0.0,0.0,0.0
AL012018,0.0,0.0,0.0
AL022018,5.79262381239707E-06,1.26758692439965E-05,8.3222113451507E-06
AL032018,5.58663405067427E-06,4.28418618785494E-06,1.26758692439965E-05
AL042018,1.215998452922E-05,7.66654826266724E-06,4.76183579590085E-06
AL052018,3.60571381123056E-06,9.18511898346819E-06,1.24089744325793E-05
AL062018,1.35631864418225E-05,4.57325396879593E-06,4.38490281101329E-06
AL072018,7.84294729603005E-06,8.44903435736958E-06,1.35631864418225E-05
AL092018,8.30124246324004E-06,1.30589040856832E-05,5.42067743581837E-06
AL082018,8.30124246324004E-06,1.30589040856832E-05,5.42067743581837E-06
AL102018,4.99637429273708E-06,3.16237833629954E-07,3.54015311178581E-06
AL112018,2.38999888669162E-06,4.75093579059742E-06,2.39935665514258E-06
AL132018,5.87347609141596E-06,2.21146257715827E-06,4.75093579059742E-06
AL122018,5.87347609141596E-06,2.21146257715827E-06,4.75093579059742E-06
AL142018,4.4345116068128E-06,5.98501128540948E-06,3.36057617238884E-06
AL152018,4.31281111877144E-06,4.4345116068128E-06,6.80287858736907E-06
AL162018,0.0,1.81212256469744E-06,3.90294919876634E-06
AL012019,0.0,0.0,0.0
AL022019,5.95171328587485E-06,4.19503422831788E-06,3.07302013987968E-06
AL032019,9.01066402724899E-06,7.0900683214974E-06,7.04197349428478E-06
AL042019,1.04968193378004E-05,4.33914770754464E-06,5.9910318351088E-06
AL052019,6.37927861704227E-06,3.24307631905117E-06,1.24753325197211E-05
AL062019,3.96030134534972E-06,6.37927861704227E-06,3.52910445415073E-06
AL082019,1.04462322473236E-05,4.53660884022495E-06,1.1562056371939E-05
AL072019,1.04462322473236E-05,4.53660884022495E-06,1.1562056371939E-05
AL092019,3.56557668044912E-06,4.07063654216336E-06,5.68425855023188E-06
AL102019,6.92876472840154E-06,9.74547007782588E-06,7.51820371983759E-06
AL112019,6.92876472840154E-06,9.74547007782588E-06,7.51820371983759E-06
AL122019,2.99250866721223E-06,7.74279688045713E-06,7.11829255680825E-06
AL132019,2.99250866721223E-06,7.74279688045713E-06,7.11829255680825E-06
AL142019,3.98361003411859E-06,2.05248193310794E-06,4.65809349253408E-06
AL152019,6.84118282450387E-06,2.52130403710743E-06,8.07679660888394E-06
AL162019,4.44573864639007E-06,8.02653714328296E-06,8.67268048510352E-06
AL182019,8.55129758915627E-06,5.31713966303825E-06,3.47001956168271E-06
AL172019,8.20812060967952E-06,8.55129758915627E-06,6.51718070837395E-06
AL192019,3.31495557800437E-06,8.20812060967952E-06,6.8517975926937E-06
AL202019,0.0,0.0,0.0
AL012020,0.0,0.0,0.0
AL022020,0.0,0.0,0.0
AL032020,0.0,0.0,0.0
AL042020,4.12322367969326E-06,4.81014097827239E-06,2.87277197952199E-06
AL052020,4.40959477985163E-06,3.97935009479413E-06,3.43078888292917E-06
AL062020,6.34016868538827E-06,3.70345850555038E-06,3.97935009479413E-06
AL072020,1.53922189414275E-05,4.41125346866874E-06,9.61152690602411E-06
AL082020,7.70219819377472E-06,9.66230424911791E-06,1.53922189414275E-05
AL092020,7.60952845579196E-06,5.33754912948433E-06,1.26595481599529E-05
AL102020,1.23185548426324E-05,6.62892402409733E-06,5.33754912948433E-06
AL112020,1.65406959803246E-05,1.20949264250617E-05,1.13813264725239E-05
AL122020,9.03924273914573E-06,9.89668590081997E-06,1.39330042272094E-05
AL132020,1.76313106795461E-05,9.47063272849489E-06,8.34973868947574E-06
AL142020,1.76313106795461E-05,9.47063272849489E-06,8.34973868947574E-06
AL152020,6.78784988854789E-06,5.66596623632784E-06,2.82073301805806E-06
AL162020,6.56280719204595E-06,6.78784988854789E-06,5.65266649547662E-06
AL182020,1.0007603666402E-05,2.82537328680327E-06,6.49016887870682E-06
AL172020,1.31930019817982E-05,4.11652329779563E-06,2.82537328680327E-06
AL192020,2.61034250171299E-06,1.14222297595572E-05,1.52521564548923E-05
AL202020,3.47227190914181E-06,9.5515842293504E-06,1.14222297595572E-05
AL212020,6.136006768906E-06,3.47227190914181E-06,2.61034250171299E-06
AL242020,6.136006768906E-06,3.47227190914181E-06,2.61034250171299E-06
AL232020,4.32329476506038E-06,9.6058271848115E-06,6.136006768906E-06
AL222020,4.32329476506038E-06,9.6058271848115E-06,6.136006768906E-06
AL252020,5.59755132738405E-06,5.06916953441443E-06,6.06685232794862E-06
AL262020,4.46679919056377E-06,5.59755132738405E-06,1.2779156831612E-05
AL272020,4.56163650043696E-06,1.11565337077163E-06,3.82685644070392E-06
AL282020,6.74779660181449E-06,3.7566813690083E-06,2.923556660856E-06
AL292020,2.89948603415359E-06,3.26773198921309E-06,2.78937276159666E-06
AL302020,0.0,0.0,0.0
AL312020,0.0,0.0,0.0
AL012021,0.0,0.0,0.0
AL022021,9.45010411248356E-06,1.44236021803396E-06,5.36774951019645E-06
AL032021,3.44147196769978E-06,3.14779782367546E-06,3.77219068282646E-06
AL042021,5.77968058545981E-06,2.96592463216145E-07,8.10449124222045E-06
AL052021,4.79408728435831E-06,2.70660888617432E-06,5.77968058545981E-06
AL062021,6.86337240284286E-06,2.74620260052684E-06,4.99561275282553E-06
AL072021,3.18303220949686E-06,4.96294418632816E-06,7.88792933303798E-06
AL082021,2.66717752705023E-06,3.18303220949686E-06,8.51778167010696E-06
AL092021,8.16850384856462E-06,3.84056469600126E-06,3.32032900703426E-06
AL102021,2.76195589849271E-06,4.14940158015028E-06,3.84056469600126E-06
AL112021,6.55647142035166E-06,8.16850384856462E-06,4.14940158015028E-06
AL122021,2.97631418934603E-06,3.1043043133652E-06,6.55647142035166E-06
AL132021,3.04194477729544E-06,3.48952095372822E-06,7.07367267519734E-06
AL142021,6.24512128624097E-06,9.04694682225789E-06,2.23788731298384E-06
AL152021,1.44350128151534E-05,1.342983775016E-05,6.76659735734247E-06
AL162021,6.57022628417674E-06,9.43064974563177E-06,1.44350128151534E-05
AL172021,6.57022628417674E-06,9.43064974563177E-06,1.44350128151534E-05
AL182021,4.38604929966965E-06,3.86790405522965E-06,6.57022628417674E-06
AL192021,4.68730988853223E-06,4.38604929966965E-06,5.00265073781543E-06
AL202021,5.63212405332212E-06,6.34645461141993E-06,7.27562095227941E-06
AL212021,1.91511927642517E-06,8.42433177936291E-06,9.40625150705304E-06
AL012022,2.6751050590831E-06,0.0,0.0
AL022022,1.96478906820228E-06,3.03017114439E-06,2.93802466511088E-06
AL032022,1.05958760684675E-05,1.84459085559664E-06,3.37431176334425E-06
AL052022,8.8235071864035E-06,1.33163805579896E-05,1.08869496417666E-05
AL062022,3.85457053613131E-06,8.8235071864035E-06,1.48631287313273E-05
AL072022,4.6179916921996E-06,8.17847897368334E-06,3.57299571904136E-06
AL082022,3.01564961300831E-06,1.24113434056221E-05,8.01067090881503E-06
AL092022,4.3453550445732E-06,4.0661085225512E-06,3.01564961300831E-06
AL102022,2.94495303458299E-06,3.85062776629288E-06,4.0661085225512E-06
AL112022,3.2146849907042E-06,2.85800086418619E-06,2.94495303458299E-06
AL122022,7.8255670801766E-06,1.76684679581638E-06,5.86095105469786E-06
AL132022,7.10156141984396E-06,7.8255670801766E-06,2.33114236964809E-06
AL142022,7.42610671422085E-06,6.07644541205406E-06,4.27119995382865E-06
AL152022,3.90617792720883E-06,3.91115300876404E-06,7.60387413523239E-06
AL162022,3.90617792720883E-06,3.91115300876404E-06,7.60387413523239E-06
AL172022,0.0,0.0,0.0
AL012023,0.0,0.0,0.0
AL022023,0.0,0.0,0.0
AL032023,5.12967665470909E-06,4.83622658932074E-06,3.87342153827383E-06
AL042023,9.92523522827995E-06,1.40822144438741E-05,5.12967665470909E-06
AL052023,7.73800101730459E-06,2.83004461072978E-06,3.79763862396641E-06
AL072023,9.31082521371505E-06,1.70210205431523E-06,1.25313540729336E-05
AL062023,1.34890672102363E-05,5.95461072001386E-06,1.70210205431523E-06
AL082023,1.34890672102363E-05,5.95461072001386E-06,1.70210205431523E-06
AL092023,3.9027380715677E-06,1.34890672102363E-05,9.31082521371505E-06
AL102023,3.78299162423276E-06,2.4620487579286E-06,9.18429533490983E-06
AL112023,4.68964153193166E-06,5.37173076852541E-06,3.78299162423276E-06
AL122023,6.68463384817052E-06,4.32661947211947E-06,5.37173076852541E-06
AL132023,2.52957912586604E-06,3.23053864625725E-06,9.19812090297962E-06
AL142023,5.6512474660559E-06,2.52957912586604E-06,1.50456338246624E-06
AL152023,1.01195984816131E-05,6.03718425703307E-06,3.92897165881567E-06
AL162023,4.52404780634168E-06,1.17633149589379E-05,8.84137855121653E-06
AL172023,2.50788627590802E-06,4.52404780634168E-06,2.75493725940005E-06
AL182023,8.54566415650893E-06,7.96282012397387E-06,5.61460349208088E-06
AL192023,3.31489329691322E-06,8.87227698919888E-06,4.55686894679323E-06
AL202023,6.44975388377843E-07,3.4259775390571E-06,5.00395593108479E-06
AL212023,1.24812338372303E-06,6.49115116353835E-06,3.09742703952329E-06
AL012024,0.0,0.0,0.0
AL022024,0.0,0.0,0.0
AL032024,0.0,0.0,0.0
AL042024,0.0,0.0,0.0
AL052024,0.0,0.0,0.0
AL062024,0.0,0.0,0.0
AL072024,0.0,0.0,0.0
AL092024,0.0,0.0,0.0
AL102024,0.0,0.0,0.0
AL112024,0.0,0.0,0.0
AL122024,0.0,0.0,0.0
AL132024,0.0,0.0,0.0
AL142024,0.0,0.0,0.0
AL152024,0.0,0.0,0.0
AL162024,0.0,0.0,0.0
AL172024,0.0,0.0,0.0
AL182024,0.0,0.0,0.0
AL192024,0.0,0.0,0.0
