code,air_temp_250mb,air_temp_500mb
AL011851,236.36407470703125,273.410400390625
AL021851,237.29330444335938,270.0615234375
AL031851,232.70594787597656,267.7712097167969
AL041851,231.94805908203125,267.91876220703125
AL051851,229.9512939453125,265.9778137207031
AL061851,229.1429443359375,266.16925048828125
AL011852,232.6051483154297,268.03399658203125
AL021852,234.2301483154297,270.45263671875
AL031852,238.4315643310547,272.2727966308594
AL041852,235.58816528320312,271.2792053222656
AL051852,237.47543334960938,272.4828186035156
AL011853,232.66481018066406,268.804931640625
AL021853,231.87159729003906,267.701904296875
AL031853,232.890625,267.4900207519531
AL041853,235.75872802734375,268.8485107421875
AL051853,233.92022705078125,269.53460693359375
AL061853,233.72528076171875,269.7081604003906
AL071853,233.08859252929688,271.7881774902344
AL081853,232.9213409423828,266.6041564941406
AL011854,233.72996520996094,269.3721008300781
AL021854,229.4390411376953,265.56524658203125
AL031854,237.925537109375,270.8955993652344
AL041854,238.84996032714844,276.4128723144531
AL051854,236.87953186035156,270.7412414550781
AL011855,234.79742431640625,269.9562683105469
AL021855,232.0066680908203,261.9532165527344
AL031855,234.14663696289062,268.3026428222656
AL041855,232.39682006835938,267.770751953125
AL051855,241.58233642578125,275.6441650390625
AL011856,231.69351196289062,268.41741943359375
AL021856,231.04782104492188,267.05474853515625
AL031856,230.7419891357422,266.4519348144531
AL041856,234.0670166015625,268.0195007324219
AL051856,233.84852600097656,269.51617431640625
AL061856,235.09796142578125,268.90667724609375
AL011857,230.0181121826172,266.1663818359375
AL021857,231.2052459716797,267.04022216796875
AL031857,231.96942138671875,268.1641540527344
AL041857,231.4049835205078,266.28759765625
AL011858,236.23826599121094,271.47802734375
AL021858,227.94210815429688,259.8946228027344
AL031858,233.76739501953125,268.486572265625
AL041858,232.19290161132812,271.1954650878906
AL051858,233.22607421875,267.1932067871094
AL061858,232.94432067871094,271.5586853027344
AL011859,236.10101318359375,271.31231689453125
AL021859,233.03244018554688,269.95989990234375
AL031859,232.2379913330078,267.7226257324219
AL041859,238.50106811523438,267.1476135253906
AL051859,238.9164276123047,272.2104797363281
AL061859,238.4517822265625,273.6092529296875
AL071859,234.28965759277344,271.65423583984375
AL081859,232.0596923828125,267.7060546875
AL011860,232.47531127929688,267.5408020019531
AL021860,234.02291870117188,270.9153137207031
AL041860,238.79615783691406,276.34649658203125
AL031860,233.22113037109375,268.0090026855469
AL051860,233.10894775390625,267.7225341796875
AL061860,236.87213134765625,272.23583984375
AL071860,239.54147338867188,272.91705322265625
AL011861,233.48255920410156,268.8141784667969
AL021861,233.0175323486328,268.5382080078125
AL031861,232.23524475097656,269.4837646484375
AL041861,237.4296112060547,270.97540283203125
AL051861,236.3096160888672,269.38946533203125
AL061861,234.55776977539062,269.1378479003906
AL071861,233.1499786376953,267.6456604003906
AL081861,233.06141662597656,268.29132080078125
AL011862,229.655517578125,265.9758605957031
AL021862,233.2369842529297,270.8564147949219
AL031862,236.71299743652344,270.84039306640625
AL041862,234.84043884277344,267.937255859375
AL051862,236.88748168945312,272.5801696777344
AL061862,234.42140197753906,269.6834411621094
AL011863,235.01364135742188,269.22607421875
AL021863,233.01869201660156,266.0001525878906
AL031863,236.33200073242188,271.3363952636719
AL041863,232.98731994628906,269.64306640625
AL051863,234.71713256835938,268.2691955566406
AL061863,233.67962646484375,270.37701416015625
AL071863,233.46946716308594,267.9984436035156
AL081863,229.83958435058594,264.9093933105469
AL091863,235.15908813476562,272.5684814453125
AL011864,231.66062927246094,267.5792541503906
AL021864,232.8465118408203,267.7765808105469
AL031864,232.2569122314453,267.37445068359375
AL041864,232.3066864013672,267.1646423339844
AL051864,231.05075073242188,266.27435302734375
AL011865,234.0335235595703,268.4653015136719
AL021865,233.7520751953125,268.6291809082031
AL031865,232.40806579589844,268.6943359375
AL041865,237.0642547607422,271.5539245605469
AL051865,233.60232543945312,268.5611572265625
AL061865,236.1356964111328,272.82281494140625
AL071865,233.91615295410156,268.7414245605469
AL011866,232.61224365234375,267.9697570800781
AL021866,232.2384796142578,267.8618469238281
AL031866,237.0463104248047,269.8208923339844
AL041866,236.53366088867188,271.710205078125
AL051866,235.22007751464844,273.0289306640625
AL061866,236.3368377685547,269.85076904296875
AL071866,231.05006408691406,266.2039489746094
AL011867,232.86328125,269.9476623535156
AL021867,232.0409698486328,267.00946044921875
AL031867,234.5843505859375,268.39886474609375
AL041867,234.90972900390625,272.6882629394531
AL051867,235.83859252929688,270.2222900390625
AL061867,234.38641357421875,269.1078796386719
AL071867,242.90354919433594,275.32501220703125
AL081867,235.33863830566406,270.3260498046875
AL091867,231.7301483154297,267.7567443847656
AL011868,240.0732421875,272.0812072753906
AL021868,234.07675170898438,270.22247314453125
AL031868,236.1471710205078,271.04180908203125
AL041868,235.67642211914062,268.639892578125
AL011869,235.2053680419922,262.20953369140625
AL021869,242.02159118652344,275.8291931152344
AL031869,230.73431396484375,268.8504333496094
AL041869,234.91836547851562,269.57501220703125
AL051869,237.5579376220703,271.66754150390625
AL061869,238.9654998779297,272.0040283203125
AL071869,235.71095275878906,269.72833251953125
AL081869,234.65216064453125,268.1512756347656
AL091869,234.907470703125,267.5247802734375
AL101869,238.8495330810547,271.8818664550781
AL011870,235.1908721923828,271.5714416503906
AL021870,237.18447875976562,269.9810485839844
AL031870,233.92320251464844,268.4306640625
AL041870,238.43817138671875,271.6524353027344
AL051870,239.4622039794922,272.4638977050781
AL061870,233.18234252929688,267.83331298828125
AL071870,232.5146026611328,268.26824951171875
AL081870,239.7183380126953,261.54217529296875
AL091870,238.0527801513672,274.8427734375
AL101870,233.31362915039062,269.3023986816406
AL111870,237.65745544433594,271.4461364746094
AL011871,232.99363708496094,267.9750061035156
AL021871,234.341064453125,269.614013671875
AL031871,239.39349365234375,275.0372314453125
AL041871,231.98260498046875,267.5516052246094
AL051871,242.38194274902344,274.88946533203125
AL061871,235.5605926513672,270.6324462890625
AL071871,235.80364990234375,269.8836975097656
AL081871,234.056396484375,267.7656555175781
AL011872,232.63082885742188,267.2135009765625
AL021872,232.03652954101562,268.25958251953125
AL031872,232.464111328125,267.78472900390625
AL041872,232.8630828857422,268.29632568359375
AL051872,231.25672912597656,267.7073059082031
AL011873,231.340576171875,266.2096252441406
AL021873,232.7970733642578,267.6940002441406
AL031873,237.49716186523438,270.96063232421875
AL041873,234.75665283203125,269.3089599609375
AL051873,232.214111328125,267.5054931640625
AL011874,232.70953369140625,267.8492126464844
AL021874,231.255859375,267.32171630859375
AL031874,233.0923309326172,268.40606689453125
AL041874,235.48809814453125,269.87579345703125
AL051874,235.00888061523438,268.37689208984375
AL061874,233.4054412841797,269.1235046386719
AL071874,231.96298217773438,267.5970764160156
AL011875,232.79824829101562,268.5664978027344
AL021875,231.86630249023438,267.9507751464844
AL031875,236.98912048339844,272.8426513671875
AL041875,234.22918701171875,269.3347473144531
AL051875,234.2387237548828,272.27197265625
AL061875,232.1232147216797,267.993408203125
AL011876,231.45867919921875,266.6096496582031
AL021876,238.30630493164062,272.5299377441406
AL031876,232.4601287841797,268.0011901855469
AL041876,232.5805206298828,266.8065185546875
AL051876,233.99441528320312,269.2208251953125
AL011877,232.79200744628906,267.42816162109375
AL021877,235.2298583984375,268.84967041015625
AL031877,239.51983642578125,272.86749267578125
AL041877,236.97149658203125,269.65167236328125
AL051877,236.26841735839844,268.13623046875
AL061877,232.05857849121094,267.8938293457031
AL071877,232.5167236328125,268.7254943847656
AL081877,231.48831176757812,266.913818359375
AL011878,233.25054931640625,268.0308532714844
AL021878,232.54443359375,267.8592834472656
AL031878,233.76953125,267.8340148925781
AL041878,233.35577392578125,268.4338684082031
AL051878,232.46798706054688,267.9515686035156
AL061878,236.30929565429688,271.18841552734375
AL071878,234.16163635253906,268.62396240234375
AL091878,233.54248046875,269.0543518066406
AL081878,234.4049835205078,269.2543640136719
AL101878,239.29779052734375,271.64453125
AL111878,236.51922607421875,270.320556640625
AL121878,231.37619018554688,267.11944580078125
AL011879,232.51644897460938,266.7698974609375
AL021879,231.80299377441406,267.49530029296875
AL031879,235.26727294921875,269.4873962402344
AL041879,236.73077392578125,270.8187561035156
AL051879,232.5618896484375,267.6910705566406
AL061879,231.49685668945312,267.0562438964844
AL071879,233.66319274902344,268.6871032714844
AL081879,231.30767822265625,266.70220947265625
AL011880,232.45947265625,267.1414794921875
AL021880,231.448974609375,267.08770751953125
AL031880,231.4836883544922,266.6402282714844
AL041880,238.04498291015625,274.11181640625
AL051880,233.66168212890625,271.7221984863281
AL061880,234.3170623779297,269.1076965332031
AL071880,235.28915405273438,269.4001159667969
AL081880,229.0951690673828,265.890625
AL091880,232.42381286621094,267.13128662109375
AL101880,233.3385772705078,268.8297119140625
AL111880,229.34603881835938,265.6465148925781
AL011881,235.81312561035156,269.399658203125
AL031881,232.41615295410156,267.95892333984375
AL021881,234.32864379882812,268.27142333984375
AL041881,234.9336700439453,269.2202453613281
AL051881,233.26763916015625,267.39410400390625
AL061881,236.8683319091797,270.7212219238281
AL071881,234.2272186279297,272.02197265625
AL011882,235.4380340576172,268.96038818359375
AL021882,231.8155517578125,267.7654113769531
AL031882,234.75880432128906,268.4761047363281
AL041882,230.7589874267578,266.4981689453125
AL051882,230.73777770996094,267.0626220703125
AL061882,232.67625427246094,267.89300537109375
AL011883,231.28775024414062,267.2926330566406
AL021883,237.2456512451172,272.89825439453125
AL031883,235.91856384277344,273.23883056640625
AL041883,231.31845092773438,265.17974853515625
AL011884,233.4499969482422,269.7459716796875
AL021884,231.76214599609375,267.5144348144531
AL031884,232.28253173828125,267.9083557128906
AL041884,235.34779357910156,270.2726745605469
AL011885,236.29270935058594,270.6116638183594
AL021885,230.93508911132812,266.27935791015625
AL031885,233.39797973632812,268.4884033203125
AL041885,233.2252655029297,268.058837890625
AL051885,231.00888061523438,266.7777404785156
AL061885,234.11270141601562,268.0458984375
AL071885,233.135009765625,269.3881530761719
AL081885,232.06796264648438,267.4772033691406
AL011886,237.76617431640625,270.9156188964844
AL021886,234.43017578125,269.2667541503906
AL031886,232.49887084960938,267.7406005859375
AL041886,232.92271423339844,267.7576904296875
AL051886,232.47225952148438,267.57318115234375
AL061886,235.451904296875,269.1905212402344
AL071886,233.36831665039062,267.23052978515625
AL081886,232.78135681152344,267.6294250488281
AL091886,236.19764709472656,271.3932189941406
AL101886,235.815673828125,270.0018310546875
AL111886,232.79981994628906,265.3170471191406
AL121886,233.66111755371094,268.70001220703125
AL011887,229.12828063964844,261.7762451171875
AL021887,232.45709228515625,267.6868591308594
AL031887,232.60215759277344,267.7377014160156
AL041887,230.63436889648438,266.31475830078125
AL051887,230.50631713867188,266.7916259765625
AL061887,231.46583557128906,267.0506896972656
AL071887,234.573486328125,267.32232666015625
AL081887,235.39659118652344,270.13031005859375
AL091887,231.05967712402344,267.26031494140625
AL101887,233.4212188720703,270.1630859375
AL111887,232.29151916503906,267.8436279296875
AL121887,233.21966552734375,268.5833435058594
AL131887,233.32949829101562,268.20159912109375
AL141887,234.65469360351562,268.1921691894531
AL151887,235.37451171875,268.7474060058594
AL161887,229.99447631835938,265.4365539550781
AL171887,232.01649475097656,265.57440185546875
AL181887,230.48426818847656,265.9958801269531
AL191887,230.61253356933594,266.0296936035156
AL011888,233.39340209960938,267.8266906738281
AL021888,233.86337280273438,267.94427490234375
AL031888,231.30242919921875,266.4745788574219
AL041888,238.3361358642578,271.60760498046875
AL051888,234.2058868408203,268.1104431152344
AL061888,233.38084411621094,268.31591796875
AL071888,234.6880340576172,269.0850830078125
AL081888,231.77044677734375,267.0791931152344
AL091888,229.30799865722656,265.5726318359375
AL011889,232.885009765625,267.86090087890625
AL021889,235.3720245361328,270.2384948730469
AL031889,232.67591857910156,267.56561279296875
AL041889,232.21511840820312,267.60009765625
AL051889,232.2023468017578,268.154052734375
AL061889,232.00653076171875,267.5180969238281
AL071889,231.66905212402344,266.90557861328125
AL081889,232.0306854248047,267.3788146972656
AL091889,233.16783142089844,268.2153625488281
AL011890,231.79266357421875,266.806884765625
AL021890,230.88949584960938,267.107421875
AL031890,234.8065948486328,269.9649353027344
AL041890,234.7712860107422,270.04632568359375
AL011891,233.84378051757812,268.4250183105469
AL021891,231.87716674804688,266.47576904296875
AL031891,236.1957244873047,271.2295227050781
AL041891,235.82717895507812,269.5211181640625
AL051891,232.68218994140625,268.19488525390625
AL061891,237.92538452148438,270.03997802734375
AL071891,234.10841369628906,268.5334777832031
AL081891,235.77662658691406,269.60101318359375
AL091891,232.78590393066406,267.76422119140625
AL101891,232.240234375,266.94140625
AL011892,232.75535583496094,267.93414306640625
AL021892,232.2682342529297,268.2850036621094
AL031892,230.5379638671875,266.5950012207031
AL041892,230.81997680664062,266.171630859375
AL051892,231.28585815429688,266.1924133300781
AL061892,232.09841918945312,267.27691650390625
AL071892,231.52984619140625,267.2314147949219
AL081892,231.40126037597656,266.7942810058594
AL091892,231.76348876953125,267.83251953125
AL011893,233.6478271484375,268.59661865234375
AL021893,232.41937255859375,267.2771911621094
AL031893,231.3477325439453,267.35357666015625
AL041893,234.80824279785156,270.86883544921875
AL051893,230.49575805664062,266.456298828125
AL061893,232.62075805664062,266.4563293457031
AL071893,233.32806396484375,267.25860595703125
AL081893,233.7982635498047,268.0120849609375
AL091893,231.57171630859375,267.29241943359375
AL101893,232.52552795410156,267.61285400390625
AL111893,232.5352783203125,267.5387878417969
AL121893,229.742919921875,266.1096496582031
AL011894,231.45120239257812,266.1219787597656
AL021894,232.83816528320312,267.968017578125
AL031894,230.52340698242188,266.9877624511719
AL041894,231.42567443847656,267.2400817871094
AL051894,233.90309143066406,268.74652099609375
AL061894,231.37802124023438,266.9557189941406
AL071894,231.77337646484375,267.01226806640625
AL011895,232.46942138671875,267.66802978515625
AL021895,231.2838897705078,267.6760559082031
AL031895,236.29171752929688,269.6289978027344
AL041895,234.86424255371094,270.4263000488281
AL051895,231.385498046875,267.142333984375
AL061895,232.7799072265625,268.10552978515625
AL011896,232.8627471923828,267.6425476074219
AL021896,232.76414489746094,267.58050537109375
AL031896,234.4163818359375,268.2481384277344
AL041896,234.06475830078125,268.4201965332031
AL051896,233.40403747558594,267.9704284667969
AL061896,231.93191528320312,267.2602844238281
AL071896,232.18121337890625,266.8896789550781
AL011897,232.8512725830078,267.9483337402344
AL021897,232.88705444335938,267.801025390625
AL031897,236.1375274658203,271.41351318359375
AL041897,232.79652404785156,267.8172912597656
AL051897,231.38583374023438,266.9003601074219
AL061897,233.15850830078125,268.05108642578125
AL011898,232.06349182128906,266.9794006347656
AL021898,232.92501831054688,269.0582275390625
AL031898,227.14028930664062,262.44769287109375
AL041898,231.01467895507812,266.6532897949219
AL051898,233.2300262451172,268.0495910644531
AL061898,233.0071563720703,267.4307861328125
AL071898,232.26431274414062,266.7162780761719
AL081898,234.27682495117188,269.1287841796875
AL091898,231.71456909179688,266.637451171875
AL101898,233.00209045410156,268.0132141113281
AL111898,229.95724487304688,265.839111328125
AL011899,231.0605010986328,266.9369201660156
AL021899,232.26345825195312,267.2879333496094
AL031899,232.23484802246094,268.07879638671875
AL041899,233.1068572998047,268.491455078125
AL051899,232.09300231933594,267.9200134277344
AL061899,232.21046447753906,267.4676818847656
AL071899,231.1833953857422,267.2005920410156
AL081899,230.9659881591797,266.28277587890625
AL091899,232.7978057861328,267.7633361816406
AL101899,232.8638153076172,267.63922119140625
AL011900,231.7750244140625,267.4163818359375
AL021900,231.58480834960938,266.9884338378906
AL031900,231.64857482910156,267.21783447265625
AL041900,234.96420288085938,269.1309814453125
AL051900,230.95021057128906,266.5416564941406
AL061900,233.21107482910156,268.5399475097656
AL071900,230.85467529296875,266.52410888671875
AL011901,233.56503295898438,268.4529113769531
AL021901,231.4760284423828,267.17144775390625
AL031901,231.773193359375,267.1416015625
AL041901,229.5664520263672,266.1916809082031
AL051901,231.68141174316406,267.5245361328125
AL061901,232.53387451171875,266.6792297363281
AL071901,232.98793029785156,267.83135986328125
AL081901,231.74008178710938,267.1683349609375
AL091901,232.06564331054688,267.6548767089844
AL101901,232.85269165039062,267.7898864746094
AL111901,231.2006072998047,266.95684814453125
AL121901,232.4769744873047,267.99365234375
AL131901,232.0465087890625,267.8687744140625
AL011902,234.21347045898438,268.7317199707031
AL021902,235.02215576171875,269.0707092285156
AL031902,231.6591033935547,267.7825012207031
AL041902,233.97207641601562,268.6693115234375
AL051902,230.64024353027344,266.59088134765625
AL011903,231.37586975097656,267.1273498535156
AL021903,230.86248779296875,266.6712646484375
AL031903,232.1158447265625,267.4361877441406
AL041903,230.93508911132812,268.3233337402344
AL051903,231.59548950195312,266.40557861328125
AL061903,231.261962890625,267.238037109375
AL071903,231.56922912597656,267.1338195800781
AL081903,231.58218383789062,266.59698486328125
AL091903,231.5167694091797,267.0133056640625
AL101903,227.35658264160156,263.8636474609375
AL011904,231.86923217773438,267.08770751953125
AL021904,230.12498474121094,266.19195556640625
AL031904,232.2584228515625,267.5547790527344
AL041904,232.4756317138672,267.5657958984375
AL051904,230.86817932128906,265.6240539550781
AL061904,230.47726440429688,266.2029113769531
AL011905,231.76307678222656,267.0500183105469
AL021905,230.80787658691406,266.7259216308594
AL031905,233.5151824951172,268.41632080078125
AL041905,233.71343994140625,268.0924377441406
AL051905,233.20181274414062,268.1766662597656
AL011906,233.21759033203125,268.13720703125
AL021906,232.9982452392578,268.43585205078125
AL031906,229.65267944335938,266.57574462890625
AL041906,231.98350524902344,267.4289855957031
AL051906,232.1888427734375,267.5245666503906
AL061906,233.0367889404297,267.44891357421875
AL071906,230.58128356933594,266.5404052734375
AL081906,232.8242950439453,267.588134765625
AL091906,226.9307098388672,263.7647705078125
AL101906,233.19613647460938,267.4165344238281
AL111906,231.23785400390625,267.12890625
AL011907,231.64215087890625,266.5683288574219
AL021907,230.30101013183594,266.02337646484375
AL031907,232.36886596679688,267.3345947265625
AL041907,230.85061645507812,267.7970275878906
AL051907,226.01528930664062,263.1960754394531
AL011908,225.45358276367188,260.5178527832031
AL021908,230.17076110839844,265.75311279296875
AL031908,230.08572387695312,265.569580078125
AL041908,232.44989013671875,267.26824951171875
AL051908,231.09056091308594,267.31085205078125
AL061908,230.3270263671875,266.7644958496094
AL071908,233.00347900390625,267.5151062011719
AL081908,231.0996856689453,267.23980712890625
AL091908,231.71095275878906,267.359375
AL101908,226.67037963867188,260.4220886230469
AL011909,232.75267028808594,267.5920715332031
AL021909,232.27000427246094,266.89996337890625
AL031909,232.18295288085938,266.9837341308594
AL041909,231.1157989501953,266.5645446777344
AL051909,231.92420959472656,267.1276550292969
AL061909,231.714111328125,267.8118591308594
AL071909,233.2426300048828,267.820068359375
AL081909,230.8553009033203,266.8062744140625
AL091909,231.5360107421875,266.82171630859375
AL101909,232.44044494628906,267.1753845214844
AL111909,231.773193359375,266.8323059082031
AL121909,231.34620666503906,267.5412902832031
AL011910,231.4251708984375,267.12451171875
AL021910,232.04727172851562,266.72674560546875
AL031910,231.16323852539062,266.5870056152344
AL041910,229.0078125,265.5532531738281
AL051910,231.59146118164062,267.3873596191406
AL011911,230.8727264404297,266.10626220703125
AL021911,231.65037536621094,266.9163818359375
AL031911,231.25108337402344,266.9053955078125
AL041911,231.60800170898438,266.9401550292969
AL051911,230.25048828125,265.2685546875
AL061911,230.7559051513672,266.6247863769531
AL011912,231.93734741210938,266.95928955078125
AL021912,229.83154296875,265.79376220703125
AL031912,229.7503204345703,266.0257568359375
AL041912,232.3721923828125,267.66949462890625
AL051912,230.53184509277344,266.3111572265625
AL061912,231.78082275390625,266.8701477050781
AL071912,231.42108154296875,267.4359436035156
AL011913,231.61288452148438,267.1275939941406
AL021913,229.87255859375,266.1983947753906
AL031913,231.41664123535156,266.542236328125
AL041913,228.99732971191406,264.9801330566406
AL051913,225.61700439453125,258.966064453125
AL061913,230.5543975830078,266.717529296875
AL011914,230.48876953125,266.65106201171875
AL011915,232.6279296875,267.6092529296875
AL021915,232.9214324951172,267.59130859375
AL031915,232.19610595703125,267.91302490234375
AL041915,233.6199951171875,268.22711181640625
AL051915,230.2259979248047,265.31732177734375
AL061915,232.88954162597656,267.304443359375
AL011916,230.90060424804688,266.8382263183594
AL021916,232.1394500732422,267.38336181640625
AL031916,230.27001953125,266.6549987792969
AL041916,230.27130126953125,265.5489807128906
AL051916,231.9508056640625,267.0098571777344
AL061916,230.81590270996094,266.94024658203125
AL071916,231.47412109375,267.17596435546875
AL081916,231.72470092773438,267.593994140625
AL091916,231.8419952392578,266.1639404296875
AL101916,230.1456756591797,266.7529296875
AL111916,230.20071411132812,267.7047119140625
AL121916,230.33006286621094,265.6296081542969
AL131916,231.44842529296875,266.73858642578125
AL141916,231.42288208007812,268.297607421875
AL151916,231.9642333984375,267.8113708496094
AL011917,230.37449645996094,266.4358825683594
AL021917,228.91363525390625,265.32513427734375
AL031917,232.1292266845703,268.12298583984375
AL041917,231.39752197265625,266.8072814941406
AL011918,231.42495727539062,266.69091796875
AL021918,231.87998962402344,267.214599609375
AL031918,230.271484375,266.07769775390625
AL041918,227.3108673095703,264.86767578125
AL051918,229.73753356933594,267.25927734375
AL061918,231.89247131347656,267.2187805175781
AL011919,231.26699829101562,266.45599365234375
AL031919,229.2052001953125,264.73046875
AL021919,231.4302215576172,267.48046875
AL041919,230.36854553222656,265.9571228027344
AL051919,224.0500946044922,256.9772644042969
AL011920,231.2264862060547,267.29412841796875
AL021920,231.9412078857422,266.9538879394531
AL031920,228.68431091308594,265.4607238769531
AL041920,227.2152099609375,263.7627868652344
AL051920,230.91612243652344,266.3109436035156
AL011921,232.13735961914062,267.7359313964844
AL021921,231.8789520263672,266.56353759765625
AL031921,230.8416748046875,266.9864501953125
AL041921,231.42648315429688,267.3543395996094
AL051921,230.1024169921875,266.5721740722656
AL061921,231.6465301513672,267.1996765136719
AL071921,227.7906951904297,264.0036315917969
AL011922,231.2748260498047,266.5367431640625
AL021922,230.17601013183594,266.40338134765625
AL031922,230.45005798339844,266.60443115234375
AL041922,231.7334747314453,267.0439758300781
AL051922,231.41302490234375,266.7500915527344
AL011923,232.53121948242188,267.20758056640625
AL021923,229.2273712158203,265.21978759765625
AL031923,231.89199829101562,267.57623291015625
AL041923,229.50411987304688,265.6666564941406
AL051923,231.116943359375,266.1038818359375
AL061923,231.6847381591797,267.4222412109375
AL071923,230.05520629882812,265.6283264160156
AL081923,233.8604736328125,269.0907287597656
AL091923,229.55953979492188,265.5286865234375
AL011924,232.91883850097656,267.8995361328125
AL021924,232.65756225585938,267.4261779785156
AL031924,231.10614013671875,267.0225524902344
AL041924,231.2277374267578,267.1530456542969
AL051924,231.91883850097656,267.01397705078125
AL061924,230.64617919921875,266.3016357421875
AL071924,230.51364135742188,266.4241943359375
AL081924,232.25546264648438,267.0921325683594
AL091924,230.17105102539062,266.173828125
AL101924,231.3977813720703,266.7657470703125
AL111924,230.34327697753906,266.7620544433594
AL011925,230.95458984375,266.2608337402344
AL021925,230.794189453125,266.0265197753906
AL031925,232.4419403076172,266.8663024902344
AL041925,229.10369873046875,265.74566650390625
AL011926,231.61952209472656,267.1849365234375
AL021926,231.75791931152344,267.6228332519531
AL031926,233.0757293701172,267.8935241699219
AL041926,231.7035675048828,267.745361328125
AL051926,235.10084533691406,268.6723327636719
AL061926,233.4147491455078,268.9775695800781
AL071926,232.66473388671875,267.8400573730469
AL081926,231.4260711669922,266.5391540527344
AL091926,233.22274780273438,267.84478759765625
AL101926,233.05728149414062,267.8753356933594
AL111926,231.00730895996094,267.0540771484375
AL011927,231.49606323242188,267.3271179199219
AL021927,232.46395874023438,266.4871520996094
AL031927,230.9499969482422,267.144287109375
AL041927,231.51417541503906,267.3761901855469
AL051927,231.544677734375,267.438232421875
AL061927,232.54124450683594,267.62432861328125
AL071927,232.29837036132812,267.7711181640625
AL081927,229.72299194335938,265.9298095703125
AL011928,230.50953674316406,266.2222595214844
AL021928,230.61976623535156,267.2411804199219
AL031928,232.08419799804688,267.23431396484375
AL041928,232.6337127685547,267.5213623046875
AL051928,232.78961181640625,268.2192077636719
AL061928,230.02804565429688,266.3945617675781
AL011929,233.42327880859375,268.2986755371094
AL021929,230.31016540527344,266.0160827636719
AL031929,230.26927185058594,265.5274658203125
AL041929,225.82521057128906,263.5687255859375
AL051929,229.84286499023438,265.5616455078125
AL011930,230.81922912597656,266.4556884765625
AL021930,230.43202209472656,267.25323486328125
AL031930,233.04751586914062,267.37451171875
AL011931,233.46670532226562,268.3189697265625
AL021931,233.5832977294922,268.11785888671875
AL031931,231.90203857421875,267.2509460449219
AL041931,232.20294189453125,267.3123474121094
AL051931,232.03114318847656,267.05596923828125
AL061931,232.74327087402344,267.57244873046875
AL071931,232.40211486816406,268.0912170410156
AL081931,231.8036651611328,267.208251953125
AL091931,231.4223175048828,267.1212463378906
AL101931,232.81552124023438,267.9845886230469
AL111931,232.7156219482422,267.9056701660156
AL121931,232.10577392578125,267.9385986328125
AL131931,228.5366973876953,264.74066162109375
AL011932,231.14828491210938,266.6493835449219
AL021932,232.4477081298828,267.6784362792969
AL031932,232.35162353515625,267.3265075683594
AL041932,232.49334716796875,266.4949951171875
AL051932,230.02523803710938,265.28485107421875
AL061932,233.267333984375,267.36749267578125
AL071932,229.2044219970703,264.25567626953125
AL081932,232.75271606445312,267.0386047363281
AL091932,232.61293029785156,268.15863037109375
AL101932,226.1798095703125,262.0181884765625
AL111932,232.80856323242188,267.68212890625
AL121932,229.60215759277344,265.603271484375
AL131932,229.5832061767578,265.4569396972656
AL141932,231.5496826171875,267.168701171875
AL151932,231.21075439453125,266.6261291503906
AL011933,231.31817626953125,267.0352783203125
AL021933,230.8952178955078,266.4061584472656
AL031933,231.99185180664062,267.1588134765625
AL041933,229.74070739746094,265.78863525390625
AL051933,231.4031982421875,267.138671875
AL061933,231.85292053222656,267.5843200683594
AL071933,231.5415802001953,266.9151611328125
AL081933,231.45506286621094,267.1330871582031
AL091933,233.01934814453125,266.7401428222656
AL101933,233.49014282226562,268.1332702636719
AL111933,233.4477996826172,268.7418518066406
AL121933,231.75,267.43603515625
AL131933,232.70413208007812,267.4312744140625
AL141933,232.05496215820312,266.8820495605469
AL151933,228.21453857421875,264.05487060546875
AL161933,231.36485290527344,266.84197998046875
AL171933,232.7023162841797,267.7545166015625
AL181933,232.1144561767578,267.67718505859375
AL191933,228.99835205078125,264.9281921386719
AL201933,231.30007934570312,267.4195556640625
AL011934,232.0450439453125,266.93487548828125
AL021934,230.43443298339844,266.45294189453125
AL031934,232.2553253173828,265.9828796386719
AL041934,231.59320068359375,267.7439880371094
AL051934,232.2172088623047,266.8479919433594
AL061934,232.58782958984375,268.06634521484375
AL071934,231.0895233154297,266.8918151855469
AL081934,231.83413696289062,267.57794189453125
AL091934,231.92823791503906,267.25311279296875
AL101934,227.58201599121094,264.4330749511719
AL111934,232.00701904296875,266.6205749511719
AL121934,231.4757843017578,266.8420715332031
AL131934,227.7481689453125,264.0817565917969
AL011935,230.9974365234375,266.7046813964844
AL021935,230.95303344726562,267.1558837890625
AL031935,231.09942626953125,266.9289855957031
AL041935,231.84959411621094,266.7016906738281
AL051935,232.7412872314453,267.3834533691406
AL061935,231.60731506347656,267.2580261230469
AL071935,223.62774658203125,261.1506652832031
AL081935,225.7542266845703,262.6226806640625
AL011936,234.65904235839844,269.056640625
AL021936,233.53001403808594,267.8404235839844
AL031936,232.2445068359375,267.5182189941406
AL041936,232.6171417236328,267.1759338378906
AL051936,231.35702514648438,266.73187255859375
AL061936,231.19625854492188,267.60211181640625
AL071936,231.64773559570312,267.124267578125
AL081936,232.84461975097656,267.580810546875
AL091936,232.71316528320312,267.8159484863281
AL101936,231.92710876464844,267.3851013183594
AL111936,233.39840698242188,267.68536376953125
AL121936,231.91282653808594,267.7406921386719
AL131936,232.2880401611328,267.5777282714844
AL141936,233.00540161132812,267.93182373046875
AL151936,232.02976989746094,267.52978515625
AL161936,233.20794677734375,268.0323486328125
AL171936,223.05140686035156,258.52972412109375
AL011937,231.16024780273438,267.12542724609375
AL021937,231.84066772460938,266.6398620605469
AL031937,233.1228485107422,267.6478576660156
AL041937,233.0814971923828,268.4707336425781
AL051937,231.16661071777344,267.4151916503906
AL061937,232.82681274414062,266.6766357421875
AL071937,232.3835906982422,267.0701599121094
AL081937,232.84291076660156,269.04345703125
AL091937,232.7047119140625,267.54571533203125
AL101937,232.7760009765625,267.8958740234375
AL111937,224.8350830078125,262.1909484863281
AL011938,219.93516540527344,257.4007263183594
AL021938,232.0322723388672,267.3755798339844
AL031938,231.91709899902344,267.13702392578125
AL041938,232.94998168945312,267.61669921875
AL051938,231.880126953125,267.6564636230469
AL061938,232.39260864257812,266.79400634765625
AL071938,232.2874755859375,267.5179138183594
AL081938,229.00270080566406,263.8715515136719
AL091938,231.38375854492188,267.39984130859375
AL011939,231.9326629638672,267.2283630371094
AL021939,230.5096435546875,266.85845947265625
AL031939,229.01361083984375,265.0445556640625
AL041939,232.8645477294922,268.1005554199219
AL051939,231.99951171875,266.75665283203125
AL061939,231.8929901123047,267.2146301269531
AL011940,230.71568298339844,266.3109436035156
AL021940,232.7100067138672,266.970458984375
AL031940,231.7288360595703,267.3241271972656
AL041940,231.21441650390625,266.43621826171875
AL051940,232.53070068359375,267.9224548339844
AL061940,233.8184814453125,268.04974365234375
AL071940,231.5820770263672,267.7152404785156
AL081940,233.00247192382812,267.76165771484375
AL091940,232.4894256591797,266.67803955078125
AL011941,232.5108642578125,267.3137512207031
AL021941,232.8526153564453,267.9248352050781
AL031941,232.287841796875,267.9944152832031
AL041941,233.1737060546875,267.85888671875
AL051941,231.2218780517578,266.7217102050781
AL061941,232.20697021484375,267.20379638671875
AL011942,233.30154418945312,268.1459045410156
AL021942,233.20755004882812,268.7500305175781
AL031942,233.39584350585938,268.1063232421875
AL041942,231.5760955810547,267.4147644042969
AL051942,232.2210235595703,267.5701904296875
AL061942,230.56289672851562,266.34552001953125
AL071942,231.11241149902344,268.7726135253906
AL081942,231.86785888671875,267.1590270996094
AL091942,230.3049774169922,264.98419189453125
AL101942,233.4029083251953,268.78936767578125
AL111942,231.72926330566406,267.7406005859375
AL011943,233.02987670898438,267.3441162109375
AL021943,231.31710815429688,267.8326721191406
AL031943,232.50135803222656,267.89532470703125
AL041943,231.92926025390625,268.0302429199219
AL051943,232.7888946533203,267.936767578125
AL061943,233.56405639648438,267.7511291503906
AL071943,230.86752319335938,266.5411682128906
AL081943,231.3879852294922,266.77630615234375
AL091943,232.05152893066406,267.1448974609375
AL101943,233.35250854492188,268.2049560546875
AL011944,232.7184600830078,267.4038391113281
AL021944,232.48855590820312,267.624755859375
AL031944,232.01663208007812,267.62548828125
AL041944,233.01925659179688,268.12890625
AL051944,234.1810302734375,268.22613525390625
AL061944,234.86331176757812,269.3905334472656
AL071944,231.8383026123047,267.9530334472656
AL081944,234.24575805664062,268.9998779296875
AL091944,232.2041473388672,267.8647155761719
AL101944,228.28160095214844,263.525390625
AL111944,233.68157958984375,268.5129089355469
AL121944,227.07086181640625,265.0912780761719
AL131944,234.28582763671875,268.8640441894531
AL141944,234.51695251464844,269.18084716796875
AL011945,233.91705322265625,268.6299743652344
AL021945,233.30299377441406,267.7878112792969
AL031945,233.18338012695312,268.58123779296875
AL041945,233.21710205078125,268.7085876464844
AL051945,234.6433563232422,269.3699645996094
AL061945,234.473388671875,268.5276184082031
AL071945,234.64236450195312,269.2283630371094
AL081945,233.55003356933594,268.5240783691406
AL091945,233.6519012451172,269.08087158203125
AL101945,234.58367919921875,269.0626525878906
AL111945,233.82383728027344,269.027587890625
AL011946,231.45986938476562,266.8511962890625
AL021946,232.7505645751953,267.7804260253906
AL031946,233.56053161621094,267.7252197265625
AL041946,231.681396484375,266.59521484375
AL051946,226.02191162109375,262.8870849609375
AL061946,233.56756591796875,268.567138671875
AL071946,231.0711669921875,266.90582275390625
AL011947,233.9906768798828,268.88983154296875
AL021947,232.3538818359375,267.7342224121094
AL031947,232.08872985839844,265.9391174316406
AL041947,233.44569396972656,268.6785888671875
AL051947,231.014404296875,266.3548583984375
AL061947,232.89344787597656,267.8633117675781
AL071947,230.820556640625,266.6715393066406
AL081947,224.35247802734375,261.4267883300781
AL091947,233.3524627685547,268.4393005371094
AL101947,231.89739990234375,267.168701171875
AL011948,233.45425415039062,268.3451232910156
AL021948,231.0861358642578,266.95989990234375
AL031948,232.00022888183594,267.5083312988281
AL041948,231.85928344726562,266.7738952636719
AL051948,233.74143981933594,268.2525329589844
AL061948,232.60037231445312,267.6586608886719
AL071948,229.1006317138672,264.1748046875
AL081948,234.2439727783203,268.9300231933594
AL091948,233.76539611816406,268.19561767578125
AL101948,228.617919921875,263.400146484375
AL011949,231.53189086914062,266.5284423828125
AL021949,232.59349060058594,268.0701599121094
AL031949,230.76910400390625,266.56878662109375
AL041949,231.86488342285156,268.0535888671875
AL051949,232.60238647460938,267.778564453125
AL061949,229.35134887695312,265.710693359375
AL071949,231.2981414794922,266.44622802734375
AL081949,231.6770477294922,267.78936767578125
AL101949,231.65631103515625,267.07476806640625
AL091949,231.45628356933594,266.6622619628906
AL111949,233.4375,267.9444274902344
AL121949,228.63795471191406,265.0538330078125
AL141949,229.8540496826172,266.02691650390625
AL131949,231.84153747558594,267.0144348144531
AL151949,225.24508666992188,260.9872131347656
AL161949,231.47964477539062,267.2437744140625
AL011950,232.3520965576172,267.979248046875
AL021950,231.61032104492188,267.2699890136719
AL031950,231.93077087402344,267.4228210449219
AL041950,232.4905548095703,267.5054016113281
AL051950,234.88157653808594,268.4820251464844
AL061950,231.40512084960938,267.35467529296875
AL071950,228.82510375976562,264.9374694824219
AL081950,230.5166015625,266.0248718261719
AL091950,233.02281188964844,267.9649963378906
AL101950,229.2308349609375,265.2521667480469
AL111950,231.65675354003906,266.7559814453125
AL121950,228.92982482910156,264.7089538574219
AL131950,233.06248474121094,267.9840087890625
AL141950,226.50601196289062,263.62982177734375
AL151950,226.0586395263672,262.6871643066406
AL161950,228.4391326904297,263.81512451171875
AL011951,223.55377197265625,259.1340026855469
AL021951,224.1922607421875,260.31884765625
AL031951,232.07467651367188,267.86700439453125
AL041951,231.83360290527344,267.9571838378906
AL051951,232.2274169921875,267.54974365234375
AL061951,232.22174072265625,267.74151611328125
AL071951,232.427001953125,267.9603271484375
AL081951,233.5249786376953,268.583251953125
AL091951,233.47674560546875,268.5087890625
AL101951,233.2406005859375,268.05572509765625
AL111951,230.88803100585938,266.08843994140625
AL121951,220.97755432128906,249.79116821289062
AL011952,228.7539520263672,264.32220458984375
AL021952,232.27978515625,267.12310791015625
AL031952,230.6034698486328,266.993896484375
AL041952,231.13966369628906,266.6396179199219
AL051952,225.03956604003906,259.6003112792969
AL061952,231.90528869628906,267.26190185546875
AL071952,231.63031005859375,267.3118896484375
AL081952,232.28794860839844,267.6886291503906
AL091952,231.28334045410156,266.5711669921875
AL101952,232.3831329345703,267.600830078125
AL111952,227.89642333984375,264.5083923339844
AL011953,232.64129638671875,268.0787353515625
AL021953,232.1256103515625,266.6966247558594
AL031953,232.11526489257812,267.4931945800781
AL041953,233.0389404296875,267.8155822753906
AL051953,232.6181182861328,267.54443359375
AL061953,232.72589111328125,267.81964111328125
AL071953,232.58932495117188,267.66143798828125
AL081953,233.53932189941406,267.6989440917969
AL091953,233.29348754882812,267.60186767578125
AL101953,232.5573272705078,268.4727783203125
AL111953,231.94989013671875,267.54888916015625
AL121953,233.50180053710938,268.4851989746094
AL131953,228.63902282714844,264.71258544921875
AL141953,228.59967041015625,264.1766357421875
AL011954,228.49685668945312,265.2778625488281
AL021954,231.52362060546875,266.954833984375
AL031954,232.87899780273438,267.25335693359375
AL041954,230.44845581054688,266.3989562988281
AL051954,233.73268127441406,268.01458740234375
AL061954,231.81332397460938,266.3377685546875
AL071954,232.3253631591797,268.1026916503906
AL081954,232.27206420898438,267.550537109375
AL091954,229.74908447265625,265.4755554199219
AL101954,233.912841796875,267.87469482421875
AL111954,232.99290466308594,267.50726318359375
AL121954,232.822509765625,267.2600402832031
AL131954,228.6374969482422,264.8280029296875
AL141954,231.27255249023438,266.98126220703125
AL151954,225.45936584472656,261.97802734375
AL161954,225.39666748046875,260.1341552734375
AL011955,232.49159240722656,266.9510192871094
AL021955,232.0137176513672,267.2373046875
AL031955,230.76805114746094,266.52947998046875
AL041955,231.08151245117188,267.4562683105469
AL051955,233.66909790039062,268.6455993652344
AL061955,232.1769256591797,266.9483947753906
AL071955,233.83773803710938,268.22320556640625
AL081955,231.78746032714844,267.2790222167969
AL091955,232.3780059814453,267.27349853515625
AL101955,231.81307983398438,267.54400634765625
AL111955,231.96066284179688,268.025390625
AL121955,227.20750427246094,263.69921875
AL131955,233.3021240234375,268.10723876953125
AL091956,225.97802734375,262.25299072265625
AL011956,233.09963989257812,268.0500793457031
AL021956,231.497314453125,266.4980773925781
AL031956,230.54833984375,266.79571533203125
AL041956,231.52911376953125,267.3550109863281
AL051956,232.22991943359375,267.0925598144531
AL061956,232.20816040039062,267.65185546875
AL071956,232.56797790527344,267.5657043457031
AL101956,230.71292114257812,266.4891052246094
AL111956,230.56967163085938,266.3075256347656
AL081956,231.69570922851562,266.85748291015625
AL121956,225.8301239013672,260.67303466796875
AL011957,233.38954162597656,268.1793518066406
AL021957,233.8753204345703,267.90576171875
AL031957,232.19654846191406,266.99530029296875
AL041957,232.91368103027344,268.1605529785156
AL051957,233.3535614013672,267.84368896484375
AL061957,234.57794189453125,268.8989562988281
AL071957,231.35398864746094,267.31878662109375
AL081957,229.41754150390625,265.29791259765625
AL111958,233.7460174560547,268.0035705566406
AL011958,235.7423858642578,270.0769348144531
AL021958,233.1869354248047,266.87548828125
AL031958,232.28173828125,267.4771423339844
AL041958,232.64804077148438,267.29327392578125
AL051958,232.49835205078125,267.3018493652344
AL061958,231.47227478027344,267.71588134765625
AL071958,232.71229553222656,267.78973388671875
AL081958,231.6993408203125,266.65740966796875
AL091958,231.7952423095703,267.4882507324219
AL101958,233.59678649902344,268.1866455078125
AL121958,230.64437866210938,266.092041015625
AL011959,231.38108825683594,266.9638366699219
AL021959,232.54049682617188,267.1392517089844
AL031959,233.8503875732422,267.9649658203125
AL041959,230.81114196777344,265.602783203125
AL051959,231.90673828125,266.7900695800781
AL121959,232.46644592285156,267.5806579589844
AL061959,231.0456085205078,267.3309326171875
AL131959,229.66819763183594,262.5517578125
AL141959,229.79612731933594,266.1756896972656
AL071959,231.5211181640625,267.98822021484375
AL081959,232.65362548828125,267.43878173828125
AL091959,229.4920654296875,264.5645751953125
AL101959,232.9208526611328,266.6307678222656
AL111959,232.74588012695312,267.61810302734375
AL011960,233.1984405517578,267.8598327636719
AL021960,231.8040313720703,267.1279296875
AL031960,232.25057983398438,266.7616271972656
AL041960,231.81558227539062,267.0002136230469
AL051960,231.68312072753906,267.3985900878906
AL081960,231.32113647460938,266.6394958496094
AL061960,233.0776824951172,267.5074157714844
AL071960,230.5924072265625,266.56451416015625
AL011961,230.31272888183594,266.4479064941406
AL021961,231.22572326660156,267.146240234375
AL031961,232.34031677246094,267.4561462402344
AL041961,232.0819091796875,267.27325439453125
AL051961,231.39395141601562,267.1932678222656
AL061961,231.1865692138672,266.4330749511719
AL071961,230.95542907714844,266.7173156738281
AL081961,233.22189331054688,268.4527282714844
AL091961,232.5592041015625,267.7985534667969
AL101961,229.40931701660156,265.097900390625
AL111961,232.06494140625,267.1504211425781
AL121961,227.50790405273438,263.1958923339844
AL061962,229.26133728027344,265.5145263671875
AL011962,233.53872680664062,268.42987060546875
AL021962,232.58416748046875,267.08392333984375
AL031962,231.65882873535156,267.34539794921875
AL041962,230.9791717529297,266.6823425292969
AL051962,231.18527221679688,266.77288818359375
AL071962,224.14451599121094,253.6256103515625
AL101963,231.07769775390625,266.33160400390625
AL011963,231.6405029296875,267.4223937988281
AL021963,231.27401733398438,267.1834716796875
AL031963,231.11141967773438,266.6809387207031
AL041963,233.3079376220703,267.760986328125
AL051963,232.10581970214844,267.3001708984375
AL061963,232.15374755859375,267.61151123046875
AL071963,231.91612243652344,267.1869812011719
AL081963,230.74163818359375,266.4501953125
AL091963,231.28805541992188,266.41461181640625
AL011964,232.94967651367188,267.95001220703125
AL131964,230.9502716064453,266.1717834472656
AL021964,231.02517700195312,267.0760192871094
AL031964,231.04151916503906,266.5724792480469
AL041964,230.14256286621094,266.5547790527344
AL051964,231.72262573242188,266.9167175292969
AL061964,232.0275115966797,266.8060607910156
AL071964,231.8580322265625,267.5664978027344
AL081964,232.5039825439453,267.45819091796875
AL091964,230.8025665283203,266.6021728515625
AL101964,231.9812774658203,267.2638244628906
AL111964,233.04652404785156,268.0664978027344
AL121964,231.0851593017578,267.505615234375
AL011965,233.3509063720703,268.07525634765625
AL021965,229.2540283203125,264.8134460449219
AL031965,231.2281494140625,267.2080078125
AL071965,227.67550659179688,264.637939453125
AL041965,232.19036865234375,267.1739196777344
AL051965,233.72067260742188,268.6281433105469
AL081965,232.30076599121094,266.7121887207031
AL061965,230.92958068847656,266.5246887207031
AL091965,230.3401641845703,266.66790771484375
AL101965,226.75982666015625,262.8185729980469
AL011966,233.69461059570312,269.07244873046875
AL121966,234.02926635742188,268.57843017578125
AL021966,231.68557739257812,266.01458740234375
AL031966,231.94102478027344,266.95880126953125
AL041966,228.30946350097656,264.7511291503906
AL051966,231.3480987548828,267.0498352050781
AL131966,232.53506469726562,268.31689453125
AL061966,232.69210815429688,267.9041442871094
AL071966,232.13760375976562,267.8385009765625
AL081966,233.03773498535156,267.5357666015625
AL091966,231.6256103515625,268.0865173339844
AL101966,231.6516876220703,267.0721130371094
AL141966,230.3267059326172,266.1971130371094
AL151966,231.37779235839844,267.0970458984375
AL111966,223.45376586914062,260.54229736328125
AL161966,224.2564697265625,258.04449462890625
AL171966,227.4224090576172,264.1217956542969
AL011967,233.3798065185547,268.2456970214844
AL031967,230.23155212402344,265.95977783203125
AL271967,230.73141479492188,266.613037109375
AL111967,231.6378631591797,267.0415954589844
AL281967,232.25689697265625,268.04107666015625
AL141967,229.13601684570312,265.19329833984375
AL121967,232.11102294921875,267.40576171875
AL131967,231.22030639648438,267.2385559082031
AL151967,230.63636779785156,266.5548400878906
AL161967,231.09927368164062,266.84033203125
AL181967,230.92979431152344,267.29449462890625
AL171967,231.42979431152344,266.7569885253906
AL191967,232.81983947753906,267.8721618652344
AL211967,230.37547302246094,265.8163757324219
AL231967,229.94447326660156,265.6977844238281
AL241967,230.53834533691406,266.19281005859375
AL251967,229.60450744628906,266.3739929199219
AL011968,232.58795166015625,267.9472351074219
AL021968,230.81727600097656,266.8932189941406
AL031968,233.4241180419922,268.0842590332031
AL051968,232.19552612304688,267.1551818847656
AL061968,231.3019561767578,265.83026123046875
AL161968,228.979736328125,265.0321044921875
AL081968,230.93972778320312,266.78985595703125
AL091968,229.22683715820312,264.7767028808594
AL101968,231.34988403320312,267.0667724609375
AL121968,229.7228240966797,265.3168029785156
AL131968,232.63462829589844,268.0770568847656
AL141968,232.38124084472656,267.59173583984375
AL151968,229.21824645996094,264.4909973144531
AL031969,234.95037841796875,269.06878662109375
AL061969,231.50025939941406,267.4261474609375
AL051969,231.187744140625,267.00115966796875
AL301969,233.81019592285156,267.7276306152344
AL071969,231.56173706054688,266.514892578125
AL091969,233.0889892578125,268.1527099609375
AL081969,231.55148315429688,267.60272216796875
AL121969,232.09042358398438,267.4486999511719
AL131969,232.064697265625,267.1842041015625
AL161969,232.2235870361328,267.1138916015625
AL151969,231.5736083984375,266.9638977050781
AL171969,231.82513427734375,267.29583740234375
AL191969,232.71839904785156,267.34722900390625
AL201969,232.60372924804688,267.9931640625
AL211969,229.36888122558594,264.8711242675781
AL221969,223.8899383544922,261.44696044921875
AL231969,232.74258422851562,267.8480224609375
AL241969,234.33401489257812,268.90179443359375
AL251969,233.82546997070312,268.03277587890625
AL261969,233.21987915039062,268.4198303222656
AL281969,223.20655822753906,258.2172546386719
AL271969,225.5315704345703,262.1297607421875
AL291969,232.41595458984375,267.91845703125
AL011970,233.05401611328125,268.17242431640625
AL021970,232.76158142089844,267.3932800292969
AL031970,229.4806365966797,265.602294921875
AL041970,232.7919921875,268.098388671875
AL051970,232.2589874267578,267.62310791015625
AL081970,231.9276123046875,267.54034423828125
AL071970,233.09117126464844,266.60174560546875
AL091970,231.54820251464844,267.6702880859375
AL201970,233.4678955078125,267.7182312011719
AL101970,231.8279571533203,266.9266662597656
AL111970,232.76292419433594,267.7200927734375
AL121970,232.254638671875,267.15362548828125
AL131970,231.11276245117188,266.30596923828125
AL211970,228.8901824951172,266.7713623046875
AL141970,231.54664611816406,266.5474853515625
AL161970,231.93875122070312,267.19964599609375
AL151970,232.1221466064453,267.1025695800781
AL181970,231.815673828125,266.5626525878906
AL191970,224.15438842773438,261.16632080078125
AL221970,231.41925048828125,267.67462158203125
AL231970,225.49087524414062,258.1041564941406
AL011971,229.33016967773438,266.1415710449219
AL021971,231.8906707763672,267.3210144042969
AL031971,231.31654357910156,266.5814208984375
AL041971,229.49391174316406,265.0543212890625
AL051971,230.15074157714844,265.1740417480469
AL061971,230.2051544189453,266.1396179199219
AL071971,230.6533660888672,266.0896301269531
AL081971,230.76686096191406,266.8464050292969
AL091971,230.49508666992188,267.11663818359375
AL101971,230.7967987060547,266.7288818359375
AL111971,231.79641723632812,266.58673095703125
AL121971,231.8089141845703,266.51171875
AL131971,230.8690643310547,266.5732421875
AL141971,230.59042358398438,265.93768310546875
AL151971,230.2704315185547,266.17388916015625
AL161971,232.03211975097656,266.9554748535156
AL171971,231.7157440185547,267.05841064453125
AL181971,231.04074096679688,267.2834167480469
AL191971,231.36279296875,266.9245300292969
AL201971,232.38467407226562,267.5052795410156
AL211971,229.02056884765625,265.2723388671875
AL221971,230.34422302246094,267.02752685546875
AL011972,227.2816162109375,260.1729736328125
AL021972,234.89613342285156,269.0802917480469
AL031972,233.69760131835938,267.3004455566406
AL041972,230.5985565185547,266.4087219238281
AL051972,228.29974365234375,265.1834411621094
AL061972,230.60494995117188,266.92822265625
AL071972,232.5956573486328,265.65521240234375
AL081972,229.65220642089844,265.7385559082031
AL091972,232.03005981445312,266.85943603515625
AL101972,228.90968322753906,265.18328857421875
AL111972,230.64743041992188,265.96240234375
AL121972,228.27197265625,264.3953857421875
AL131972,232.09939575195312,266.573974609375
AL141972,227.05545043945312,264.2410583496094
AL151972,231.09498596191406,266.30975341796875
AL161972,227.5008544921875,264.6376647949219
AL171972,231.77932739257812,266.1192321777344
AL181972,231.157470703125,266.13360595703125
AL191972,223.93727111816406,260.80181884765625
AL011973,225.42652893066406,261.9056396484375
AL021973,225.10562133789062,261.400634765625
AL031973,230.35687255859375,265.6491394042969
AL041973,231.0298309326172,266.8483581542969
AL051973,231.40084838867188,267.1891784667969
AL061973,230.83726501464844,266.7349853515625
AL071973,231.71484375,266.9559326171875
AL081973,233.23704528808594,268.2945556640625
AL091973,232.67144775390625,267.37518310546875
AL101973,233.49615478515625,268.1225891113281
AL111973,234.05047607421875,268.3150634765625
AL121973,231.7142333984375,267.3731384277344
AL131973,230.54434204101562,266.3935852050781
AL141973,228.2169952392578,265.1080017089844
AL151973,230.33599853515625,265.25732421875
AL161973,232.7938995361328,267.9496154785156
AL171973,231.72601318359375,267.8468933105469
AL011974,233.40103149414062,268.62115478515625
AL021974,233.20797729492188,267.7000427246094
AL031974,231.35357666015625,263.82476806640625
AL041974,229.7366180419922,264.5960693359375
AL051974,229.92849731445312,265.7388916015625
AL061974,226.9705352783203,263.12677001953125
AL071974,231.18080139160156,266.7176513671875
AL081974,231.67271423339844,266.2633361816406
AL091974,229.4604034423828,265.41644287109375
AL101974,231.67147827148438,267.3774108886719
AL111974,230.96160888671875,266.9803771972656
AL121974,230.01162719726562,265.5928649902344
AL131974,230.88800048828125,266.9207458496094
AL141974,231.29598999023438,266.593994140625
AL151974,228.3758544921875,264.5089416503906
AL161974,232.9164276123047,267.8507995605469
AL171974,231.27496337890625,266.6635437011719
AL181974,231.58714294433594,266.8841247558594
AL191974,226.9532012939453,263.183837890625
AL201974,230.46359252929688,266.46051025390625
AL011975,226.7967071533203,262.46636962890625
AL021975,229.43553161621094,265.7245178222656
AL031975,228.1640625,265.37786865234375
AL041975,230.15689086914062,266.2528076171875
AL051975,231.93568420410156,267.1253356933594
AL061975,231.63656616210938,266.4051513671875
AL071975,230.85507202148438,266.51727294921875
AL081975,228.72308349609375,265.5971984863281
AL101975,231.81056213378906,267.2215576171875
AL091975,231.9605712890625,266.8965759277344
AL111975,232.63888549804688,267.34356689453125
AL121975,228.35348510742188,264.7703857421875
AL131975,231.1473388671875,266.473388671875
AL141975,231.42129516601562,267.57452392578125
AL151975,230.92491149902344,267.09698486328125
AL161975,231.5782470703125,266.71002197265625
AL171975,225.5950164794922,262.14276123046875
AL181975,230.33038330078125,266.1484680175781
AL191975,229.96005249023438,265.07080078125
AL201975,231.86863708496094,267.2216491699219
AL211975,231.04457092285156,267.21429443359375
AL221975,224.74398803710938,261.80792236328125
AL231975,218.5789031982422,253.97406005859375
AL011976,229.9213104248047,266.3146057128906
AL021976,231.12391662597656,266.2129211425781
AL031976,232.32139587402344,267.580810546875
AL041976,229.57403564453125,265.15411376953125
AL051976,229.80282592773438,265.969482421875
AL061976,229.39942932128906,265.59576416015625
AL071976,230.70574951171875,266.2480163574219
AL081976,230.9593963623047,266.316650390625
AL091976,230.48439025878906,266.55413818359375
AL101976,230.555908203125,267.22039794921875
AL111976,230.74534606933594,266.9820861816406
AL121976,228.70640563964844,265.4809875488281
AL131976,230.1925048828125,266.03997802734375
AL141976,230.71006774902344,265.5284423828125
AL151976,231.19342041015625,267.18927001953125
AL161976,231.432861328125,266.88677978515625
AL171976,229.67044067382812,265.6215515136719
AL181976,231.2454376220703,267.05908203125
AL191976,231.62039184570312,267.161865234375
AL201976,230.4477996826172,266.2396545410156
AL211976,230.41184997558594,266.83709716796875
AL011977,232.5630340576172,267.3594970703125
AL021977,231.44448852539062,266.628662109375
AL031977,231.65597534179688,267.1578063964844
AL041977,232.1129608154297,266.63739013671875
AL051977,233.433837890625,268.08447265625
AL061977,234.3024139404297,267.9144592285156
AL071977,231.77899169921875,266.02716064453125
AL081977,232.08995056152344,267.61846923828125
AL091977,232.96627807617188,268.037109375
AL101977,231.42388916015625,266.93829345703125
AL111977,232.32350158691406,267.5130310058594
AL121977,229.4240264892578,265.9705810546875
AL131977,231.1135711669922,266.8572692871094
AL141977,232.3914794921875,267.43585205078125
AL151977,230.71304321289062,265.1539611816406
AL011978,223.9225616455078,259.71844482421875
AL021978,231.43963623046875,266.7999572753906
AL031978,231.06967163085938,266.1875915527344
AL041978,233.04171752929688,268.06640625
AL051978,232.1977996826172,266.83251953125
AL061978,231.22279357910156,267.1200256347656
AL071978,230.560302734375,266.59503173828125
AL081978,232.3602752685547,266.8825378417969
AL091978,231.5477752685547,266.7575378417969
AL101978,230.33529663085938,266.2450256347656
AL111978,232.5352783203125,266.99505615234375
AL121978,232.19778442382812,266.22003173828125
AL131978,230.86029052734375,267.03253173828125
AL141978,233.060302734375,267.3575439453125
AL151978,231.4102783203125,266.97003173828125
AL161978,231.0977783203125,266.65753173828125
AL171978,232.04779052734375,266.4325256347656
AL181978,231.96029663085938,267.1325378417969
AL191978,230.34779357910156,264.40753173828125
AL201978,231.03530883789062,266.7575378417969
AL211978,227.98529052734375,265.03253173828125
AL221978,230.5852813720703,266.90753173828125
AL231978,230.14779663085938,267.14501953125
AL241978,231.03530883789062,266.7950134277344
AL011979,233.02999877929688,268.41998291015625
AL021979,232.00999450683594,267.54998779296875
AL031979,231.75,266.52001953125
AL041979,233.33999633789062,267.79998779296875
AL051979,231.8300018310547,266.44000244140625
AL061979,232.1999969482422,266.8900146484375
AL071979,230.75999450683594,265.52001953125
AL081979,230.6199951171875,265.94000244140625
AL091979,232.05999755859375,268.239990234375
AL101979,232.5800018310547,267.7200012207031
AL111979,232.9499969482422,266.66998291015625
AL121979,233.14999389648438,267.54998779296875
AL131979,231.1999969482422,266.0899963378906
AL141979,232.58999633789062,266.32000732421875
AL151979,234.22999572753906,269.0899963378906
AL161979,231.4499969482422,265.52001953125
AL171979,233.2899932861328,267.94000244140625
AL181979,228.30999755859375,265.25
AL191979,233.1199951171875,268.6499938964844
AL201979,230.0800018310547,265.57000732421875
AL011980,230.4199981689453,266.94000244140625
AL021980,232.8699951171875,266.6199951171875
AL031980,230.6199951171875,265.57000732421875
AL041980,231.75999450683594,267.69000244140625
AL051980,231.89999389648438,266.6199951171875
AL061980,231.89999389648438,267.739990234375
AL071980,230.6199951171875,265.27001953125
AL081980,231.8699951171875,267.04998779296875
AL091980,231.14999389648438,266.44000244140625
AL101980,231.9499969482422,267.6199951171875
AL111980,231.83999633789062,268.19000244140625
AL121980,233.1699981689453,265.6199951171875
AL131980,233.39999389648438,267.5899963378906
AL141980,222.25,259.6199951171875
AL151980,232.25,267.1199951171875
AL161980,232.4499969482422,267.91998291015625
AL171980,230.97999572753906,267.29998779296875
AL181980,219.22000122070312,255.4199981689453
AL011981,230.0399932861328,259.69000244140625
AL021981,232.6999969482422,267.75
AL031981,233.38999938964844,267.6199951171875
AL041981,234.4199981689453,269.0
AL051981,233.4499969482422,268.6199951171875
AL061981,228.77999877929688,261.5899963378906
AL071981,230.47000122070312,266.29998779296875
AL081981,232.97000122070312,267.8999938964844
AL091981,229.6699981689453,264.989990234375
AL101981,232.1699981689453,266.91998291015625
AL111981,231.22000122070312,265.79998779296875
AL121981,233.33999633789062,268.77001953125
AL131981,232.6999969482422,266.94000244140625
AL141981,232.0399932861328,266.77001953125
AL151981,230.6999969482422,267.0899963378906
AL161981,229.9199981689453,267.41998291015625
AL171981,231.3699951171875,267.25
AL181981,231.64999389648438,266.07000732421875
AL191981,232.2899932861328,267.2200012207031
AL201981,226.08999633789062,261.44000244140625
AL211981,231.33999633789062,266.94000244140625
AL221981,225.8699951171875,260.16998291015625
AL011982,234.5,268.1499938964844
AL021982,233.97999572753906,268.91998291015625
AL031982,233.6699981689453,266.94000244140625
AL041982,230.89999389648438,266.16998291015625
AL051982,231.39999389648438,266.2200012207031
AL061982,231.8300018310547,267.77001953125
AL071982,230.9199981689453,265.82000732421875
AL081982,231.00999450683594,267.27001953125
AL011983,232.25,267.94000244140625
AL021983,232.3699951171875,266.7200012207031
AL031983,231.52999877929688,266.3699951171875
AL041983,231.5800018310547,265.6199951171875
AL051983,229.1699981689453,265.16998291015625
AL061983,229.5800018310547,263.3399963378906
AL011984,227.1699981689453,263.82000732421875
AL021984,230.77999877929688,265.9700012207031
AL031984,230.22999572753906,266.4700012207031
AL041984,228.55999755859375,264.739990234375
AL051984,231.0399932861328,266.77001953125
AL061984,231.00999450683594,266.77001953125
AL071984,231.2899932861328,265.79998779296875
AL081984,227.80999755859375,264.54998779296875
AL091984,231.72000122070312,267.4700012207031
AL101984,228.7899932861328,263.07000732421875
AL111984,231.77999877929688,267.5899963378906
AL121984,232.0399932861328,266.29998779296875
AL131984,228.5,264.16998291015625
AL141984,228.5399932861328,264.45001220703125
AL151984,231.3300018310547,265.2200012207031
AL161984,229.4199981689453,263.5899963378906
AL171984,229.5,265.6400146484375
AL181984,232.4499969482422,267.6199951171875
AL191984,231.7899932861328,260.02001953125
AL201984,222.14999389648438,257.82000732421875
AL011985,227.4199981689453,263.1199951171875
AL021985,230.25999450683594,266.70001220703125
AL031985,231.33999633789062,266.75
AL041985,231.6999969482422,266.94000244140625
AL051985,231.64999389648438,266.2200012207031
AL061985,230.9199981689453,264.1499938964844
AL071985,230.9499969482422,267.3999938964844
AL081985,232.1999969482422,265.41998291015625
AL091985,232.72999572753906,266.41998291015625
AL101985,230.00999450683594,267.29998779296875
AL111985,232.08999633789062,266.739990234375
AL121985,231.0,265.7200012207031
AL131985,230.6199951171875,262.3699951171875
AL141985,232.5,267.94000244140625
AL011986,231.6999969482422,265.989990234375
AL021986,229.3699951171875,265.19000244140625
AL031986,226.75,263.82000732421875
AL041986,231.4199981689453,265.44000244140625
AL051986,231.0,266.8699951171875
AL061986,231.7899932861328,267.3399963378906
AL071986,231.72000122070312,267.1199951171875
AL081986,231.1199951171875,266.8699951171875
AL091986,229.5399932861328,262.6499938964844
AL101986,229.97000122070312,265.4700012207031
AL011987,232.0399932861328,266.3900146484375
AL021987,231.9499969482422,269.4700012207031
AL031987,233.4199981689453,267.52001953125
AL041987,231.97999572753906,266.0899963378906
AL051987,232.1999969482422,266.8699951171875
AL061987,232.6699981689453,266.6199951171875
AL071987,232.30999755859375,266.6499938964844
AL081987,232.1999969482422,267.82000732421875
AL091987,232.5800018310547,267.32000732421875
AL101987,232.6199951171875,268.1499938964844
AL111987,231.9499969482422,268.4700012207031
AL121987,232.3300018310547,266.739990234375
AL131987,233.0800018310547,268.16998291015625
AL141987,233.4499969482422,267.3900146484375
AL131988,233.27999877929688,268.82000732421875
AL011988,229.50999450683594,266.4700012207031
AL021988,234.02999877929688,268.5899963378906
AL141988,232.14999389648438,265.54998779296875
AL151988,232.47000122070312,266.16998291015625
AL161988,232.39999389648438,267.739990234375
AL031988,231.3699951171875,265.77001953125
AL041988,233.02999877929688,268.239990234375
AL051988,231.72000122070312,265.2200012207031
AL171988,234.83999633789062,268.66998291015625
AL061988,232.77999877929688,266.66998291015625
AL071988,234.6999969482422,270.3399963378906
AL081988,231.9199981689453,267.1400146484375
AL091988,231.55999755859375,267.5899963378906
AL181988,231.97000122070312,266.94000244140625
AL101988,231.64999389648438,266.82000732421875
AL111988,231.6199951171875,267.1499938964844
AL191988,232.5399932861328,267.32000732421875
AL121988,232.3699951171875,267.04998779296875
AL011989,232.2899932861328,266.8900146484375
AL021989,233.4199981689453,267.3399963378906
AL031989,230.6999969482422,265.3399963378906
AL041989,232.50999450683594,267.66998291015625
AL051989,230.6999969482422,267.2200012207031
AL061989,231.80999755859375,263.4700012207031
AL071989,232.4499969482422,267.27001953125
AL081989,233.02999877929688,267.4700012207031
AL091989,231.0800018310547,266.32000732421875
AL101989,232.2899932861328,267.6199951171875
AL111989,232.1199951171875,266.77001953125
AL121989,231.7899932861328,266.6499938964844
AL131989,231.30999755859375,267.29998779296875
AL141989,231.39999389648438,267.989990234375
AL151989,232.0,267.27001953125
AL011990,233.1199951171875,267.4700012207031
AL021990,232.22000122070312,267.1400146484375
AL031990,231.5,265.77001953125
AL041990,231.7899932861328,266.8399963378906
AL061990,227.5800018310547,263.29998779296875
AL051990,232.80999755859375,266.75
AL071990,231.08999633789062,265.739990234375
AL081990,231.72000122070312,267.82000732421875
AL091990,232.97000122070312,266.82000732421875
AL101990,231.22000122070312,267.66998291015625
AL111990,232.05999755859375,266.57000732421875
AL121990,232.25,266.57000732421875
AL131990,231.9199981689453,266.91998291015625
AL141990,227.33999633789062,260.94000244140625
AL151990,233.77999877929688,267.91998291015625
AL161990,232.14999389648438,266.94000244140625
AL011991,230.27999877929688,265.5899963378906
AL021991,232.25,267.8900146484375
AL031991,230.39999389648438,266.57000732421875
AL041991,231.64999389648438,267.3399963378906
AL051991,232.0399932861328,266.52001953125
AL061991,231.0399932861328,267.3699951171875
AL071991,231.1199951171875,266.66998291015625
AL081991,229.4199981689453,265.739990234375
AL091991,231.4199981689453,266.8900146484375
AL101991,230.5,264.79998779296875
AL111991,228.75,263.5899963378906
AL121991,223.4499969482422,259.1199951171875
AL011992,226.55999755859375,259.32000732421875
AL021992,232.8699951171875,268.3699951171875
AL031992,227.8699951171875,265.4700012207031
AL041992,230.8699951171875,266.6199951171875
AL051992,227.25,263.54998779296875
AL061992,225.6999969482422,260.79998779296875
AL071992,230.4499969482422,267.02001953125
AL081992,231.55999755859375,267.44000244140625
AL091992,228.39999389648438,264.75
AL101992,226.6999969482422,263.57000732421875
AL011993,234.00999450683594,267.5899963378906
AL021993,233.5,268.8999938964844
AL031993,231.0800018310547,267.489990234375
AL041993,231.5800018310547,268.16998291015625
AL051993,229.64999389648438,266.3699951171875
AL061993,231.22000122070312,266.20001220703125
AL071993,230.5800018310547,265.54998779296875
AL081993,231.72999572753906,267.66998291015625
AL091993,229.4199981689453,265.7200012207031
AL101993,227.5,265.3999938964844
AL011994,230.6999969482422,265.1199951171875
AL021994,230.3300018310547,265.5899963378906
AL031994,231.0800018310547,266.91998291015625
AL041994,230.83999633789062,266.29998779296875
AL051994,232.2899932861328,267.91998291015625
AL061994,231.64999389648438,267.3399963378906
AL071994,231.4199981689453,267.41998291015625
AL081994,233.00999450683594,266.3699951171875
AL091994,231.58999633789062,267.3699951171875
AL101994,233.39999389648438,267.77001953125
AL111994,228.55999755859375,263.8999938964844
AL121994,231.97000122070312,267.07000732421875
AL011995,233.08999633789062,268.16998291015625
AL021995,229.05999755859375,265.9700012207031
AL031995,231.0800018310547,266.25
AL041995,232.08999633789062,268.5899963378906
AL051995,234.00999450683594,266.8699951171875
AL061995,234.0,267.8900146484375
AL071995,231.7899932861328,267.32000732421875
AL081995,234.0,268.1400146484375
AL091995,231.47000122070312,267.82000732421875
AL101995,232.2899932861328,267.95001220703125
AL111995,233.6199951171875,267.25
AL121995,232.88999938964844,268.02001953125
AL131995,232.2899932861328,267.32000732421875
AL141995,231.8300018310547,266.739990234375
AL151995,231.3699951171875,267.8699951171875
AL161995,232.75,267.3399963378906
AL171995,234.00999450683594,268.3699951171875
AL181995,231.8699951171875,266.91998291015625
AL191995,233.14999389648438,267.5899963378906
AL201995,230.6199951171875,267.3399963378906
AL211995,231.72999572753906,265.04998779296875
AL011996,229.30999755859375,264.95001220703125
AL021996,230.83999633789062,266.1199951171875
AL031996,231.7899932861328,266.7200012207031
AL041996,232.22000122070312,266.1400146484375
AL051996,231.25,265.54998779296875
AL061996,232.39999389648438,267.16998291015625
AL071996,232.0399932861328,266.27001953125
AL081996,231.30999755859375,266.75
AL091996,232.1199951171875,267.25
AL101996,233.47000122070312,268.7200012207031
AL111996,231.08999633789062,267.52001953125
AL121996,232.83999633789062,267.5
AL131996,232.30999755859375,266.52001953125
AL011997,228.8300018310547,264.27001953125
AL021997,230.14999389648438,267.2200012207031
AL031997,230.30999755859375,264.91998291015625
AL041997,228.7899932861328,265.9700012207031
AL051997,231.6199951171875,265.77001953125
AL061997,232.00999450683594,269.07000732421875
AL071997,233.1999969482422,267.1199951171875
AL081997,230.5399932861328,265.02001953125
AL091997,233.0399932861328,268.25
AL011998,232.0399932861328,266.66998291015625
AL021998,232.75,267.6400146484375
AL031998,234.75999450683594,268.16998291015625
AL041998,232.75999450683594,266.5
AL051998,235.05999755859375,269.07000732421875
AL061998,235.58999633789062,269.6499938964844
AL071998,232.83999633789062,267.6199951171875
AL081998,235.1999969482422,267.989990234375
AL091998,232.3699951171875,267.82000732421875
AL101998,232.6999969482422,268.0899963378906
AL111998,233.72000122070312,267.54998779296875
AL121998,233.80999755859375,266.8399963378906
AL131998,233.39999389648438,267.32000732421875
AL141998,222.4499969482422,258.1499938964844
AL011999,228.22000122070312,263.54998779296875
AL021999,232.8699951171875,267.239990234375
AL031999,231.9199981689453,266.8900146484375
AL041999,232.97000122070312,267.70001220703125
AL051999,232.25999450683594,267.3399963378906
AL061999,231.64999389648438,267.7200012207031
AL071999,232.58999633789062,267.66998291015625
AL081999,231.2899932861328,265.6499938964844
AL091999,232.2899932861328,266.6199951171875
AL101999,234.3699951171875,268.91998291015625
AL111999,233.4199981689453,269.04998779296875
AL121999,229.83999633789062,267.19000244140625
AL131999,231.89999389648438,267.3699951171875
AL141999,230.6999969482422,267.3999938964844
AL151999,232.08999633789062,266.57000732421875
AL161999,232.6999969482422,267.5899963378906
AL012000,232.64999389648438,266.4700012207031
AL022000,231.08999633789062,265.41998291015625
AL032000,231.83999633789062,265.0899963378906
AL042000,229.89999389648438,265.07000732421875
AL052000,231.50999450683594,268.02001953125
AL062000,230.75,265.41998291015625
AL072000,231.3300018310547,265.57000732421875
AL082000,232.1199951171875,266.0
AL092000,233.39999389648438,267.07000732421875
AL102000,229.7899932861328,265.77001953125
AL112000,233.25,268.239990234375
AL122000,230.64999389648438,267.32000732421875
AL132000,231.80999755859375,266.1199951171875
AL142000,231.6199951171875,267.3699951171875
AL152000,232.89999389648438,266.75
AL162000,231.75,268.16998291015625
AL172000,229.33999633789062,264.57000732421875
AL182000,229.3699951171875,264.8399963378906
AL192000,228.08999633789062,263.69000244140625
AL012001,230.25,266.91998291015625
AL022001,230.4199981689453,267.66998291015625
AL032001,231.60000610351562,266.1199951171875
AL042001,231.3699951171875,267.02001953125
AL052001,230.85000610351562,266.32000732421875
AL062001,231.4499969482422,267.9700012207031
AL072001,232.3199920654297,266.77001953125
AL082001,232.1199951171875,267.4700012207031
AL092001,232.1999969482422,266.8699951171875
AL102001,228.1699981689453,265.32000732421875
AL112001,231.3199920654297,267.1199951171875
AL122001,232.2899932861328,267.29998779296875
AL132001,229.5500030517578,263.27001953125
AL142001,225.3199920654297,261.95001220703125
AL152001,232.6199951171875,267.4700012207031
AL162001,223.64999389648438,261.9700012207031
AL172001,226.0699920654297,260.1400146484375
AL012002,232.64999389648438,266.9700012207031
AL022002,231.5699920654297,266.02001953125
AL032002,231.52000427246094,267.41998291015625
AL042002,232.27000427246094,267.6400146484375
AL052002,231.7899932861328,266.66998291015625
AL062002,232.8199920654297,268.2200012207031
AL072002,229.14999389648438,264.82000732421875
AL082002,230.27000427246094,266.02001953125
AL092002,232.3699951171875,268.9700012207031
AL102002,231.60000610351562,267.4700012207031
AL112002,226.52000427246094,262.8499755859375
AL122002,228.72000122070312,265.07000732421875
AL132002,230.22000122070312,267.6199951171875
AL142002,232.39999389648438,267.2200012207031
AL012003,226.3199920654297,262.45001220703125
AL022003,231.1999969482422,266.3699951171875
AL032003,232.25,268.0
AL042003,231.1699981689453,267.41998291015625
AL052003,227.4199981689453,264.32000732421875
AL062003,230.52000427246094,266.95001220703125
AL072003,230.14999389648438,265.79998779296875
AL082003,232.1699981689453,267.27001953125
AL092003,232.1999969482422,266.9700012207031
AL102003,233.1199951171875,265.95001220703125
AL112003,232.89999389648438,268.27001953125
AL122003,232.10000610351562,267.45001220703125
AL132003,232.14999389648438,266.29998779296875
AL142003,231.75,267.489990234375
AL152003,229.35000610351562,265.6499938964844
AL162003,230.8199920654297,265.2200012207031
AL172003,233.35000610351562,267.66998291015625
AL182003,232.3000030517578,267.16998291015625
AL192003,232.1199951171875,267.989990234375
AL202003,232.39999389648438,267.75
AL212003,221.10000610351562,256.77001953125
AL012004,231.0699920654297,267.66998291015625
AL022004,230.5399932861328,268.02001953125
AL032004,230.52000427246094,267.1400146484375
AL042004,232.72000122070312,267.95001220703125
AL052004,230.85000610351562,267.52001953125
AL062004,232.72000122070312,268.20001220703125
AL072004,230.22000122070312,266.32000732421875
AL082004,228.1699981689453,265.25
AL092004,231.5699920654297,266.79998779296875
AL102004,228.5,264.95001220703125
AL112004,231.60000610351562,267.9700012207031
AL122004,231.35000610351562,267.3699951171875
AL132004,232.25,266.91998291015625
AL142004,233.1699981689453,267.5
AL152004,228.1199951171875,265.95001220703125
AL162004,222.60000610351562,258.9700012207031
AL012005,235.39999389648438,268.25
AL022005,233.8699951171875,268.9700012207031
AL032005,233.0,268.45001220703125
AL042005,232.27000427246094,267.41998291015625
AL052005,230.64999389648438,265.3499755859375
AL062005,231.3699951171875,266.3699951171875
AL072005,233.3000030517578,268.5
AL082005,231.14999389648438,265.70001220703125
AL092005,233.27000427246094,268.6199951171875
AL102005,231.35000610351562,266.91998291015625
AL112005,233.02000427246094,268.03997802734375
AL122005,231.60000610351562,267.0999755859375
AL132005,231.77000427246094,268.3699951171875
AL142005,232.1199951171875,265.70001220703125
AL152005,233.25,269.16998291015625
AL162005,232.6699981689453,268.41998291015625
AL172005,232.64999389648438,267.70001220703125
AL182005,232.3699951171875,267.3499755859375
AL192005,231.69000244140625,268.07000732421875
AL202005,233.9499969482422,268.8999938964844
AL212005,224.75,263.95001220703125
AL222005,232.6699981689453,267.77001953125
AL242005,222.5,261.2200012207031
AL232005,228.14999389648438,265.0999755859375
AL252005,233.77000427246094,269.2200012207031
AL262005,233.4199981689453,267.82000732421875
AL272005,231.6999969482422,267.32000732421875
AL282005,232.5500030517578,268.1199951171875
AL292005,228.47000122070312,264.0
AL302005,222.9499969482422,261.70001220703125
AL312005,223.8699951171875,262.07000732421875
AL012006,234.3699951171875,268.1400146484375
AL022006,231.97000122070312,266.4700012207031
AL032006,230.8699951171875,266.5999755859375
AL042006,230.6199951171875,266.5999755859375
AL052006,232.9499969482422,266.2200012207031
AL062006,232.1999969482422,267.54998779296875
AL072006,231.9199981689453,265.29998779296875
AL082006,232.0,265.66998291015625
AL092006,232.4499969482422,267.4700012207031
AL102006,231.77000427246094,265.7200012207031
AL012007,222.5,259.2200012207031
AL022007,233.8199920654297,267.6400146484375
AL032007,230.35000610351562,267.70001220703125
AL042007,232.6699981689453,268.29998779296875
AL052007,234.47000122070312,268.79998779296875
AL062007,231.75,266.5999755859375
AL072007,230.1699981689453,265.5
AL092007,232.6999969482422,267.69000244140625
AL082007,231.52000427246094,266.77001953125
AL102007,231.0699920654297,267.02001953125
AL112007,227.5699920654297,264.57000732421875
AL122007,231.75,268.1199951171875
AL132007,232.60000610351562,267.989990234375
AL142007,232.10000610351562,266.41998291015625
AL152007,229.7899932861328,264.07000732421875
AL162007,230.5699920654297,266.16998291015625
AL172007,227.4199981689453,266.02001953125
AL012008,232.9250030517578,268.0
AL022008,231.4250030517578,267.92498779296875
AL032008,232.17501831054688,268.0
AL042008,232.25,267.0249938964844
AL052008,232.5,267.6500244140625
AL062008,232.57501220703125,267.8999938964844
AL072008,232.0500030517578,268.29998779296875
AL082008,231.375,268.1999816894531
AL092008,232.64999389648438,266.8999938964844
AL102008,232.3000030517578,267.5249938964844
AL112008,232.8249969482422,267.375
AL122008,227.14999389648438,260.45001220703125
AL132008,231.95001220703125,267.375
AL142008,232.125,267.70001220703125
AL152008,232.77499389648438,268.2749938964844
AL162008,232.875,267.57501220703125
AL172008,232.97500610351562,267.2250061035156
AL012009,227.9199981689453,264.57000732421875
AL022009,233.39999389648438,266.29998779296875
AL032009,234.0399932861328,267.239990234375
AL042009,232.58999633789062,266.8699951171875
AL052009,232.2899932861328,266.3699951171875
AL062009,231.75999450683594,268.57000732421875
AL072009,233.0800018310547,267.95001220703125
AL082009,231.97999572753906,268.57000732421875
AL092009,228.89999389648438,263.2200012207031
AL102009,232.0399932861328,266.9700012207031
AL112009,232.75,267.5
AL012010,234.1699981689453,268.989990234375
AL022010,234.64999389648438,268.8399963378906
AL032010,232.3699951171875,267.16998291015625
AL042010,233.47000122070312,268.8900146484375
AL052010,234.14999389648438,267.989990234375
AL062010,232.25,269.0899963378906
AL072010,232.58999633789062,266.82000732421875
AL082010,233.5,266.54998779296875
AL092010,233.30999755859375,268.6199951171875
AL102010,235.22000122070312,269.16998291015625
AL112010,232.72000122070312,268.0899963378906
AL122010,233.55999755859375,267.989990234375
AL132010,234.1999969482422,269.04998779296875
AL142010,233.25999450683594,269.6499938964844
AL152010,233.2899932861328,267.6499938964844
AL162010,235.4499969482422,269.02001953125
AL172010,234.9499969482422,268.989990234375
AL182010,233.25999450683594,267.94000244140625
AL192010,231.7899932861328,267.45001220703125
AL202010,227.89999389648438,262.8999938964844
AL212010,232.47000122070312,267.6400146484375
AL012011,234.3300018310547,268.5
AL022011,232.4199981689453,266.8699951171875
AL032011,230.05999755859375,265.25
AL042011,233.2899932861328,267.3499755859375
AL052011,232.97999572753906,267.91998291015625
AL062011,233.0399932861328,266.4700012207031
AL072011,231.63999938964844,266.0899963378906
AL082011,232.7899932861328,268.0
AL092011,232.83999633789062,267.739990234375
AL102011,232.14999389648438,267.66998291015625
AL112011,229.5800018310547,264.8999938964844
AL122011,232.3699951171875,266.3399963378906
AL202011,230.77999877929688,265.5899963378906
AL132011,234.50999450683594,268.1499938964844
AL142011,231.33999633789062,266.8699951171875
AL152011,234.3300018310547,268.9700012207031
AL162011,232.13999938964844,266.79998779296875
AL172011,233.0,267.9700012207031
AL182011,231.64999389648438,266.8699951171875
AL192011,232.25999450683594,264.41998291015625
AL012012,223.1999969482422,260.3699951171875
AL022012,232.14999389648438,265.1499938964844
AL032012,224.1699981689453,260.0899963378906
AL042012,233.6999969482422,268.77001953125
AL052012,231.80999755859375,266.57000732421875
AL062012,232.7899932861328,266.7200012207031
AL072012,231.6999969482422,267.57000732421875
AL082012,232.08999633789062,264.8399963378906
AL092012,231.8699951171875,267.82000732421875
AL102012,232.4499969482422,266.07000732421875
AL122012,232.30999755859375,267.8399963378906
AL112012,232.47999572753906,266.6400146484375
AL132012,226.6699981689453,263.5
AL142012,232.1699981689453,267.5
AL152012,232.5399932861328,268.0
AL162012,231.75,268.04998779296875
AL172012,232.9499969482422,267.4700012207031
AL192012,229.1699981689453,265.2200012207031
AL182012,233.5,268.16998291015625
AL012013,234.39999389648438,267.82000732421875
AL022013,233.75,268.07000732421875
AL032013,231.02000427246094,266.2200012207031
AL042013,232.6699981689453,268.9700012207031
AL052013,232.5699920654297,268.6199951171875
AL062013,232.5699920654297,268.6199951171875
AL072013,232.6999969482422,268.2200012207031
AL082013,233.39999389648438,267.82000732421875
AL092013,232.3000030517578,268.3499755859375
AL102013,233.8699951171875,268.16998291015625
AL112013,230.2899932861328,267.2200012207031
AL122013,233.89999389648438,268.07000732421875
AL132013,230.8199920654297,266.25
AL142013,227.72000122070312,263.45001220703125
AL152013,223.22000122070312,257.95001220703125
AL012014,230.3199920654297,265.95001220703125
AL022014,231.85000610351562,267.4700012207031
AL032014,231.75,267.8900146484375
AL042014,233.47000122070312,268.04998779296875
AL052014,233.4499969482422,268.3999938964844
AL062014,232.9499969482422,267.3499755859375
AL072014,232.22000122070312,265.70001220703125
AL082014,231.5,266.66998291015625
AL092014,232.75,268.54998779296875
AL012015,226.1199951171875,262.0
AL022015,233.9199981689453,268.20001220703125
AL032015,230.97999572753906,266.57000732421875
AL042015,233.14999389648438,268.8499755859375
AL052015,232.6999969482422,266.82000732421875
AL062015,233.8800048828125,267.79998779296875
AL072015,232.9499969482422,267.7799987792969
AL082015,230.6199951171875,266.17999267578125
AL092015,232.47999572753906,268.4700012207031
AL102015,233.1199951171875,266.9700012207031
AL112015,231.0800018310547,265.77001953125
AL122015,231.02999877929688,266.2200012207031
AL012016,230.0800018310547,260.32000732421875
AL022016,228.3199920654297,263.32000732421875
AL032016,234.47999572753906,269.04998779296875
AL042016,232.9499969482422,267.8499755859375
AL052016,234.02999877929688,268.25
AL062016,233.10000610351562,265.7200012207031
AL072016,233.52999877929688,268.52001953125
AL082016,232.8000030517578,267.8499755859375
AL092016,233.52000427246094,268.1499938964844
AL102016,232.6199951171875,268.5
AL122016,232.8800048828125,267.82000732421875
AL112016,232.0,267.7799987792969
AL132016,232.8800048828125,267.7799987792969
AL142016,232.9199981689453,268.9700012207031
AL152016,232.27999877929688,265.9700012207031
AL162016,232.67999267578125,267.3499755859375
AL012017,223.10000610351562,254.17999267578125
AL022017,231.75999450683594,267.5299987792969
AL032017,235.25999450683594,269.0299987792969
AL042017,232.0500030517578,267.1600036621094
AL052017,232.42999267578125,267.5299987792969
AL062017,232.85000610351562,269.25
AL072017,233.8800048828125,267.2799987792969
AL082017,231.42999267578125,266.3800048828125
AL092017,232.50999450683594,267.20001220703125
AL112017,232.50999450683594,269.42999267578125
AL122017,231.9600067138672,268.30999755859375
AL132017,233.6300048828125,268.30999755859375
AL142017,231.97999572753906,268.1099853515625
AL152017,231.8300018310547,266.8800048828125
AL162017,233.75,267.72998046875
AL172017,225.91000366210938,260.510009765625
AL182017,234.39999389648438,268.30999755859375
AL192017,229.11000061035156,263.25
AL012018,232.8800048828125,267.42999267578125
AL022018,232.27999877929688,267.58001708984375
AL032018,228.75999450683594,265.510009765625
AL042018,228.1999969482422,264.22998046875
AL052018,228.8000030517578,264.80999755859375
AL062018,233.55999755859375,268.1600036621094
AL072018,230.75999450683594,265.92999267578125
AL092018,232.80999755859375,266.9599914550781
AL082018,233.5,267.3800048828125
AL102018,225.9600067138672,262.67999267578125
AL112018,232.25,267.3999938964844
AL132018,228.14999389648438,261.30999755859375
AL122018,232.14999389648438,267.1499938964844
AL142018,234.22999572753906,268.5299987792969
AL152018,231.97999572753906,267.95001220703125
AL162018,229.4499969482422,265.05999755859375
AL012019,228.27999877929688,263.5299987792969
AL022019,234.08999633789062,268.6300048828125
AL032019,230.97999572753906,266.4599914550781
AL042019,232.60000610351562,266.17999267578125
AL052019,231.67999267578125,267.2799987792969
AL062019,232.75,268.2799987792969
AL082019,232.91000366210938,269.5899963378906
AL072019,234.35000610351562,269.17999267578125
AL092019,232.2100067138672,268.1099853515625
AL102019,232.8800048828125,269.8499755859375
AL112019,233.25,267.83001708984375
AL122019,233.8800048828125,267.67999267578125
AL132019,231.97999572753906,267.760009765625
AL142019,229.86000061035156,265.2099914550781
AL152019,232.0500030517578,269.7099914550781
AL162019,234.6300048828125,268.08001708984375
AL182019,224.5500030517578,258.8800048828125
AL172019,232.97999572753906,267.8999938964844
AL192019,228.75999450683594,251.91000366210938
AL202019,231.02999877929688,267.08001708984375
AL012020,229.4250030517578,264.67498779296875
AL022020,231.29998779296875,265.6499938964844
AL032020,233.57501220703125,268.9750061035156
AL042020,226.67498779296875,264.2749938964844
AL052020,231.3000030517578,266.6000061035156
AL062020,232.5,266.875
AL072020,231.65000915527344,268.0
AL082020,233.72500610351562,268.75
AL092020,233.77500915527344,268.2750244140625
AL102020,233.8000030517578,268.3500061035156
AL112020,233.25,268.5
AL122020,231.9499969482422,266.6000061035156
AL132020,232.77499389648438,268.3500061035156
AL142020,234.14999389648438,269.125
AL152020,233.875,267.42498779296875
AL162020,233.39999389648438,269.2499694824219
AL182020,233.52499389648438,268.7749938964844
AL172020,233.22500610351562,270.57501220703125
AL192020,232.97499084472656,268.0249938964844
AL202020,233.35000610351562,268.6000061035156
AL212020,233.17498779296875,266.5
AL242020,225.3249969482422,256.9250183105469
AL232020,232.85000610351562,267.92498779296875
AL222020,234.85000610351562,268.8500061035156
AL252020,234.4250030517578,268.1999816894531
AL262020,234.0,267.5249938964844
AL272020,226.97500610351562,262.9750061035156
AL282020,234.95001220703125,269.625
AL292020,234.39999389648438,268.45001220703125
AL302020,224.75,262.20001220703125
AL312020,232.82501220703125,268.20001220703125
AL012021,225.60000610351562,258.6999816894531
AL022021,231.12501525878906,266.25
AL032021,233.0,267.67498779296875
AL042021,226.59999084472656,266.2250061035156
AL052021,231.8249969482422,266.875
AL062021,232.75,266.625
AL072021,232.35000610351562,268.0
AL082021,230.10000610351562,265.67498779296875
AL092021,233.90000915527344,268.2250061035156
AL102021,232.14999389648438,267.75
AL112021,230.95001220703125,267.54998779296875
AL122021,233.25,267.3999938964844
AL132021,232.05001831054688,265.54998779296875
AL142021,234.25,269.125
AL152021,231.85000610351562,267.3999938964844
AL162021,229.79998779296875,269.25
AL172021,233.52499389648438,269.0249938964844
AL182021,232.50001525878906,268.20001220703125
AL192021,230.15000915527344,263.67498779296875
AL202021,232.72500610351562,266.5999755859375
AL212021,228.8000030517578,264.875
AL012022,232.3000030517578,267.3249816894531
AL022022,232.42498779296875,267.67498779296875
AL032022,230.5,265.8999938964844
AL052022,228.4499969482422,265.6000061035156
AL062022,233.09999084472656,268.625
AL072022,231.22499084472656,267.9499816894531
AL082022,229.9250030517578,263.1999816894531
AL092022,233.39999389648438,268.0250244140625
AL102022,234.70001220703125,268.0
AL112022,231.72500610351562,269.45001220703125
AL122022,232.17498779296875,267.6499938964844
AL132022,233.15000915527344,267.5249938964844
AL142022,233.625,268.6000061035156
AL152022,234.20001220703125,268.82501220703125
AL162022,227.5500030517578,262.7749938964844
AL172022,231.625,265.67498779296875
AL012023,224.87501525878906,249.64999389648438
AL022023,228.75,263.95001220703125
AL032023,233.59999084472656,266.17498779296875
AL042023,233.67498779296875,266.3500061035156
AL052023,231.39999389648438,266.04998779296875
AL072023,235.20001220703125,268.7250061035156
AL062023,234.4250030517578,268.8500061035156
AL082023,234.64999389648438,270.29998779296875
AL092023,233.82501220703125,268.70001220703125
AL102023,234.57501220703125,268.79998779296875
AL112023,233.125,260.0250244140625
AL122023,234.92498779296875,269.2749938964844
AL132023,233.375,265.57501220703125
AL142023,234.125,269.2250061035156
AL152023,234.15000915527344,270.32501220703125
AL162023,231.09999084472656,267.3000183105469
AL172023,234.125,267.5999755859375
AL182023,234.47500610351562,268.0999755859375
AL192023,233.875,269.75
AL202023,234.0500030517578,267.29998779296875
AL212023,234.27500915527344,269.42498779296875
AL012024,236.82501220703125,269.7249755859375
AL022024,233.6750030517578,269.42498779296875
AL032024,235.02499389648438,269.70001220703125
AL042024,233.0500030517578,267.92498779296875
AL052024,233.6750030517578,267.75
AL062024,236.8000030517578,270.7749938964844
AL072024,236.0,265.2749938964844
AL092024,235.0500030517578,269.0249938964844
AL102024,230.77500915527344,263.6500244140625
AL112024,233.95001220703125,267.75
AL122024,234.375,266.95001220703125
AL132024,234.0,268.6499938964844
AL142024,234.6750030517578,269.125
AL152024,234.72500610351562,268.70001220703125
AL162024,233.625,268.3500061035156
AL172024,226.6750030517578,256.1750183105469
AL182024,234.25,268.5999755859375
AL192024,234.0500030517578,268.5250244140625
