code,amo
AL011851,-0.2643198
AL011852,0.2652884
AL011853,0.06452499
AL011854,0.3587915
AL011855,0.1014212
AL011856,0.101261
AL011857,-0.1242607
AL011858,-0.1535889
AL011859,0.06493098
AL011860,-0.08244408
AL011861,0.04519526209521352
AL011862,-0.3494586
AL011863,0.0122118
AL011864,0.0484329103584392
AL011865,-0.2447557
AL011866,0.050142380388791506
AL011867,-0.2064456
AL011868,0.05161051138033611
AL011869,0.1942134
AL011870,0.1914393
AL011871,0.4474
AL011872,0.4981944
AL011873,-0.09366209
AL011874,-0.1068109
AL011875,0.170223
AL011876,0.5813847
AL011877,0.0390946
AL011878,-0.005079426
AL011879,-0.3107575
AL011880,0.03760171
AL011881,-0.315805
AL011882,-0.08668603
AL011883,-0.08923036
AL011884,-0.1864564
AL011885,0.09167469
AL011886,0.3133972
AL011887,0.2077895
AL011888,0.2386481
AL011889,0.1372211
AL011890,0.1925979
AL011891,0.2329725
AL011892,-0.02279449
AL011893,0.4423769
AL011894,-0.108456
AL011895,-0.09161874
AL011896,0.148987
AL011897,-0.181676
AL011898,0.8603694
AL011899,0.4736462
AL011900,-0.0342759
AL011901,0.3071125
AL011902,-0.6371747
AL011903,-0.406555
AL011904,-0.2969737
AL011905,-0.4856826
AL011906,-0.04802908
AL011907,-0.2623857
AL011908,0.1165823
AL011909,-0.2330442
AL011910,0.03466159
AL011911,0.5436707
AL011912,-0.140408
AL011913,-0.5254564
AL011914,-0.1700475
AL011915,-0.1053682
AL011916,-0.006062597
AL011917,-0.05554312
AL011918,-0.4284212
AL011919,-0.4071527
AL011920,-0.2089069
AL011921,-0.2044805
AL011922,-0.09918323
AL011923,-0.3124243
AL011924,-0.130387
AL011925,-0.1081837
AL011926,-0.1541203
AL011927,0.08168969
AL011928,0.1221469
AL011929,-0.05361398
AL011930,0.059269
AL011931,0.09054442
AL011932,0.1223526
AL011933,0.3066532
AL011934,0.2926806
AL011935,0.2929207
AL011936,0.2256669
AL011937,0.7610686
AL011938,0.03241941
AL011939,0.1576415
AL011940,-0.2632276
AL011941,0.1382581
AL011942,0.5047354
AL011943,-0.08353291
AL011944,-0.05190581
AL011945,0.1998448
AL011946,0.1871189
AL011947,-0.2822462
AL011948,-0.2197956
AL011949,0.2814819
AL011950,0.1177401
AL011951,0.4613154
AL011952,0.2227582
AL011953,0.4016117
AL011954,0.1479184
AL011955,0.7034996
AL011956,-0.1950731
AL011957,-0.2443354
AL011958,-0.1082358
AL011959,-0.1742486
AL011960,0.1694872
AL011961,0.06073457
AL011962,-0.3370268
AL011963,-0.3965711
AL011964,-0.08110265
AL011965,-0.1048683
AL011966,-0.3411628
AL011967,-0.2681489
AL011968,-0.353038
AL011970,-0.2655475
AL011971,-0.1886985
AL011972,-0.6504196
AL011973,-0.4707859
AL011974,-0.5474893
AL011975,-0.2400168
AL011976,-0.03728599
AL011977,-0.2093507
AL011978,-0.09774901
AL011979,0.01446491
AL011980,-0.2583753
AL011981,-0.1972886
AL011982,-0.2515776
AL011983,-0.1222446
AL011984,-0.3573176
AL011985,-0.04405042
AL011986,-0.2566299
AL011987,-0.07911994
AL011988,-0.1935399
AL011989,0.6139269
AL011990,-0.2653035
AL011991,-0.4101728
AL011992,-0.1025703
AL011993,-0.2103136
AL011994,-0.2972081
AL011995,0.2565327
AL011996,-0.1829089
AL011997,-0.03549919
AL011998,0.06168078
AL011999,0.4377273
AL012000,0.09010331
AL012001,0.2672266
AL012002,-0.5735337
AL012003,0.04459563
AL012004,0.2971499
AL012005,-0.01862128
AL012006,0.3632346
AL012007,0.04088071
AL012008,0.347972
AL012009,-0.07632329
AL012010,-0.02460068
AL012011,-0.03633668
AL012012,0.1572864
AL012013,-0.322539
AL012014,-0.1056196
AL012015,-0.2038344
AL012016,-0.1761186
AL012017,0.1040331
AL012018,-0.000917986
AL012019,-0.000532493
AL012020,-0.1481099
AL012021,0.3120322
AL012022,-0.0002442896
AL012023,0.4039239
AL012024,0.5019015
AL021851,0.0006296784
AL021852,-0.01537079
AL021853,0.06452499
AL021854,0.5434471
AL021855,0.1014212
AL021856,0.101261
AL021857,0.131015
AL021858,-0.218124
AL021859,0.2530781
AL021860,-0.08244408
AL021861,-0.1570136
AL021862,-0.7425737
AL021863,0.0122118
AL021864,0.0484329103584392
AL021865,0.04926080075763211
AL021866,0.05020728682414494
AL021867,0.05086755562986564
AL021868,0.051658298063357706
AL021869,0.1942134
AL021870,0.2841065
AL021871,0.4474
AL021872,0.05328227964374393
AL021873,-0.005044296
AL021874,-0.1550696
AL021875,0.1252556
AL021876,0.5813847
AL021877,-0.3129176
AL021878,0.4450997
AL021879,-0.3107575
AL021880,0.148856
AL021881,-0.315805
AL021882,-0.1450633
AL021883,-0.08923036
AL021884,-0.1864564
AL021885,0.09167469
AL021886,0.3133972
AL021887,0.2077895
AL021888,-0.114989
AL021889,-0.03785139
AL021890,-0.004022405
AL021891,0.2149095
AL021892,0.3931
AL021893,0.02474917
AL021894,0.0452639
AL021895,-0.09161874
AL021896,0.1871086
AL021897,-0.2611014
AL021898,0.8603694
AL021899,0.2803799
AL021900,0.05160561
AL021901,0.2404445
AL021902,-0.6371747
AL021903,-0.7518937
AL021904,-0.2833524
AL021905,-0.4856826
AL021906,-0.04802908
AL021907,0.08114961
AL021908,0.008453801
AL021909,-0.2330442
AL021910,0.03466159
AL021911,0.5436707
AL021912,-0.2474444
AL021913,-0.1745297
AL021915,0.0004331023
AL021916,0.2577675
AL021917,0.1543656
AL021918,-0.4284212
AL021919,0.1562812
AL021920,-0.2089069
AL021921,-0.07302325
AL021922,-0.1645495
AL021923,-0.1439165
AL021924,-0.275265
AL021925,-0.1081837
AL021926,-0.1541203
AL021927,-0.1038499
AL021928,0.1221469
AL021929,0.2606692
AL021930,0.059269
AL021931,-0.0842938
AL021932,0.7504649
AL021933,0.4138713
AL021934,0.4421664
AL021935,0.0909895
AL021936,0.2256669
AL021937,0.719413
AL021938,0.2990613
AL021939,0.4290239
AL021940,-0.1319759
AL021941,0.1382581
AL021942,0.5047354
AL021943,0.09136268
AL021944,-0.05190581
AL021945,0.142473
AL021946,-0.02013613
AL021947,-0.03714961
AL021948,-0.04484185
AL021949,0.2814819
AL021950,0.1177401
AL021951,0.2892708
AL021952,0.6349738
AL021953,0.1815733
AL021954,0.1882949
AL021955,0.43666
AL021956,0.09848528
AL021957,-0.2443354
AL021958,-0.0647456
AL021959,-0.3654188
AL021960,0.1646683
AL021961,-0.01614939
AL021962,-0.3370268
AL021963,-0.5718845
AL021964,-0.1536866
AL021965,-0.09088934
AL021966,-0.3411628
AL021968,-0.353038
AL021970,-0.2987394
AL021971,-0.1886985
AL021972,-0.5665265
AL021973,-0.468478
AL021974,-0.5474893
AL021975,-0.2400168
AL021976,-0.0657316
AL021977,-0.119382
AL021978,-0.3289383
AL021979,0.01446491
AL021980,-0.2583753
AL021981,-0.1972886
AL021982,-0.2515776
AL021983,-0.1222446
AL021984,-0.3573176
AL021985,-0.04405042
AL021986,-0.2566299
AL021987,0.1787661
AL021988,-0.1935399
AL021989,0.6139269
AL021990,-0.2971747
AL021991,-0.5760218
AL021992,-0.136374
AL021993,-0.3984281
AL021994,-0.114877
AL021995,0.1296913
AL021996,-0.25969
AL021997,-0.3845969
AL021998,0.2196363
AL021999,0.3327177
AL022000,0.09010331
AL022001,-0.04059809
AL022002,-0.1923996
AL022003,0.04785661
AL022004,0.1207146
AL022005,-0.01862128
AL022006,0.4132828
AL022007,0.04088071
AL022008,0.2509336
AL022009,-0.1213458
AL022010,-0.002789028
AL022011,-0.364612
AL022012,0.1572864
AL022013,-0.322539
AL022014,0.1607495
AL022015,-0.1854035
AL022016,-0.02229999
AL022017,-0.02433658
AL022018,-0.2475229
AL022019,0.1262816
AL022020,-0.1481099
AL022021,0.1398476
AL022022,-0.0002442896
AL022023,0.3768142
AL022024,0.5019015
AL031851,0.0006296784
AL031852,-0.01537079
AL031853,0.06452499
AL031854,0.2607546
AL031855,0.1014212
AL031856,0.101261
AL031857,0.131015
AL031858,-0.1414031
AL031859,0.37755
AL031860,0.02420981
AL031861,-0.1570136
AL031862,-0.3758679
AL031863,0.0122118
AL031864,1.028202
AL031865,0.04940358573862631
AL031866,0.050271574706574625
AL031867,0.050925236907308116
AL031868,0.051658298063357706
AL031869,0.1942134
AL031870,-0.2980233
AL031871,0.2347319
AL031872,0.05330514030642522
AL031873,0.01930331
AL031874,-0.1550696
AL031875,0.1252556
AL031876,0.5813847
AL031877,-0.3129176
AL031878,0.4450997
AL031879,-0.3107575
AL031880,0.148856
AL031881,-0.315805
AL031882,-0.1450633
AL031883,-0.3485525
AL031884,-0.1864564
AL031885,0.09167469
AL031886,0.3133972
AL031887,0.5753594
AL031888,-0.1038935
AL031889,-0.0566068
AL031890,-0.004022405
AL031891,0.2149095
AL031892,-0.1826277
AL031893,0.1870472
AL031894,0.0452639
AL031895,0.2054829
AL031896,0.2307697
AL031897,-0.2611014
AL031898,0.5512835
AL031899,0.5172043
AL031900,0.05160561
AL031901,0.2404445
AL031902,0.04594231
AL031903,-0.4259915
AL031904,-0.2833524
AL031905,-0.4856826
AL031906,-0.03713121
AL031907,0.08114961
AL031908,0.49324
AL031909,-0.2330442
AL031910,0.1917145
AL031911,0.5436707
AL031912,-0.1186899
AL031913,-0.1745297
AL031915,0.0004331023
AL031916,0.1476466
AL031917,0.1543656
AL031918,-0.4284212
AL031919,0.1562812
AL031920,-0.2089069
AL031921,-0.07302325
AL031922,-0.1645495
AL031923,-0.1439165
AL031924,-0.0332381
AL031925,0.0731803
AL031926,-0.2654677
AL031927,-0.1038499
AL031928,0.129613
AL031929,0.2606692
AL031930,0.3397312
AL031931,0.01998159
AL031932,0.7504649
AL031933,0.3392501
AL031934,0.4421664
AL031935,0.0909895
AL031936,0.2256669
AL031937,0.719413
AL031938,0.2990613
AL031939,0.4290239
AL031940,-0.1319759
AL031941,0.1382581
AL031942,0.5047354
AL031943,0.09136268
AL031944,-0.05190581
AL031945,0.006099403
AL031946,0.0319785
AL031947,-0.03714961
AL031948,0.02853009
AL031949,0.2814819
AL031950,0.1177401
AL031951,0.1472546
AL031952,0.6349738
AL031953,-0.1240263
AL031954,0.1882949
AL031955,0.43666
AL031956,0.0346619
AL031957,-0.059383
AL031958,-0.0647456
AL031959,-0.3654188
AL031960,0.1646683
AL031961,-0.01614939
AL031962,-0.1119625
AL031963,-0.6529735
AL031964,-0.1936401
AL031965,-0.09088934
AL031966,-0.4599432
AL031967,-0.2681489
AL031968,-0.353038
AL031969,-0.5480447
AL031970,-0.2987394
AL031971,-0.1886985
AL031972,-0.5665265
AL031973,-0.3303408
AL031974,-0.5474893
AL031975,0.04596438
AL031976,-0.0657316
AL031977,-0.119382
AL031978,-0.3147709
AL031979,-0.1398673
AL031980,-0.2583753
AL031981,-0.1543847
AL031982,-0.3052499
AL031983,-0.4156596
AL031984,-0.2390456
AL031985,-0.5760488
AL031986,-0.2506712
AL031987,0.1787661
AL031988,-0.1935399
AL031989,0.3753757
AL031990,-0.2971747
AL031991,-0.3043797
AL031992,-0.3343955
AL031993,-0.1545277
AL031994,-0.2669998
AL031995,0.1296913
AL031996,-0.25969
AL031997,-0.1360856
AL031998,0.2196363
AL031999,0.4939605
AL032000,0.05749761
AL032001,0.1490442
AL032002,-0.1923996
AL032003,0.04785661
AL032004,0.1207146
AL032005,0.1902146
AL032006,0.4132828
AL032007,-0.1947094
AL032008,0.2509336
AL032009,-0.1213458
AL032010,-0.002789028
AL032011,-0.364612
AL032012,0.3048818
AL032013,0.01562457
AL032014,0.1607495
AL032015,-0.2756003
AL032016,0.01411422
AL032017,-0.02433658
AL032018,-0.2475229
AL032019,0.1262816
AL032020,-0.1180467
AL032021,0.1398476
AL032022,-0.1555018
AL032023,0.3720627
AL032024,0.5019015
AL041851,-0.299903
AL041852,-0.01537079
AL041853,0.293643
AL041854,0.2607546
AL041855,0.1014212
AL041856,0.101261
AL041857,0.131015
AL041858,-0.1414031
AL041859,0.37755
AL041860,0.02420981
AL041861,0.04540048784876922
AL041862,0.0466452302104802
AL041863,0.0122118
AL041864,0.04859174187534694
AL041865,0.04947521438683284
AL041866,0.050271574706574625
AL041867,0.050925236907308116
AL041868,0.051658298063357706
AL041869,0.04354461
AL041870,-0.2980233
AL041871,0.2347319
AL041872,0.05330514030642522
AL041873,0.01930331
AL041874,0.2702686
AL041875,0.1252556
AL041876,0.5813847
AL041877,-0.3129176
AL041878,0.4450997
AL041879,-0.3107575
AL041880,0.148856
AL041881,-0.315805
AL041882,-0.1450633
AL041883,-0.1426054
AL041884,-0.1812075
AL041885,-0.1210656
AL041886,0.2511215
AL041887,0.472713
AL041888,-0.1038935
AL041889,0.1001621
AL041890,0.3908559
AL041891,0.05281422
AL041892,-0.1826277
AL041893,0.1870472
AL041894,0.1167719
AL041895,0.1234735
AL041896,0.2307697
AL041897,-0.2611014
AL041898,0.5512835
AL041899,0.5172043
AL041900,0.05160561
AL041901,0.1053386
AL041902,0.1080191
AL041903,-0.4259915
AL041904,-0.2825925
AL041905,-0.3737876
AL041906,-0.03713121
AL041907,-0.1378121
AL041908,0.49324
AL041909,-0.1716131
AL041910,0.1917145
AL041911,0.3321184
AL041912,-0.1186899
AL041913,-0.1745297
AL041915,0.0004331023
AL041916,0.1476466
AL041917,-0.2745332
AL041918,-0.4284212
AL041919,0.1562812
AL041920,-0.2089069
AL041921,-0.07302325
AL041922,-0.1012741
AL041923,-0.1439165
AL041924,-0.0332381
AL041925,-0.4273968
AL041926,-0.1406062
AL041927,-0.1038499
AL041928,0.129613
AL041929,0.3142168
AL041931,0.01998159
AL041932,0.7504649
AL041933,0.3392501
AL041934,0.1565713
AL041935,0.0909895
AL041936,0.04749107
AL041937,0.3849436
AL041938,0.2990613
AL041939,0.456472
AL041940,-0.1319759
AL041941,0.1382581
AL041942,0.5047354
AL041943,-0.01038159
AL041944,0.1695287
AL041945,0.006099403
AL041946,0.1294988
AL041947,0.07075112
AL041948,0.02853009
AL041949,0.2160088
AL041950,0.1177401
AL041951,0.1472546
AL041952,0.6349738
AL041953,-0.1240263
AL041954,0.1551555
AL041955,0.43666
AL041956,-0.02322939
AL041957,-0.01062569
AL041958,-0.0647456
AL041959,-0.2765025
AL041960,0.1627197
AL041961,-0.01614939
AL041962,-0.1119625
AL041963,-0.6529735
AL041964,-0.1936401
AL041965,-0.1912214
AL041966,-0.4599432
AL041970,-0.2987394
AL041971,-0.3663183
AL041972,-0.3573528
AL041973,-0.244791
AL041974,-0.7371646
AL041975,0.04596438
AL041976,0.1966217
AL041977,-0.252035
AL041978,-0.3147709
AL041979,-0.1398673
AL041980,-0.2583753
AL041981,-0.05794118
AL041982,-0.2224944
AL041983,-0.4156596
AL041984,-0.07535153
AL041985,-0.5760488
AL041986,-0.3426447
AL041987,0.1787661
AL041988,-0.1935399
AL041989,0.3753757
AL041990,-0.2971747
AL041991,-0.3043797
AL041992,-0.5379443
AL041993,-0.1545277
AL041994,-0.2669998
AL041995,0.1296913
AL041996,-0.08881154
AL041997,-0.1360856
AL041998,0.2196363
AL041999,0.4939605
AL042000,0.05749761
AL042001,0.1490442
AL042002,-0.1923996
AL042003,0.2572402
AL042004,0.1207146
AL042005,0.1902146
AL042006,0.2574673
AL042007,-0.3957891
AL042008,0.2509336
AL042009,-0.1213458
AL042010,0.2348202
AL042011,-0.364612
AL042012,0.3048818
AL042013,0.01562457
AL042014,0.2648553
AL042015,-0.3407366
AL042016,0.01411422
AL042017,-0.2394267
AL042018,-0.1330236
AL042019,0.1164303
AL042020,-0.1180467
AL042021,0.1398476
AL042023,0.3720627
AL042024,0.1280671
AL051851,0.21759
AL051852,0.3354824
AL051853,0.293643
AL051854,0.107569
AL051855,0.01766351
AL051856,0.101261
AL051858,-0.1414031
AL051859,0.37755
AL051860,0.02420981
AL051861,0.04540048784876922
AL051862,0.0466452302104802
AL051863,0.047616883367142794
AL051864,0.04866767763208259
AL051865,0.04947521438683284
AL051866,0.050271574706574625
AL051867,0.05098231036189826
AL051869,0.04354461
AL051870,-0.2980233
AL051871,0.2347319
AL051872,0.05332673679669604
AL051873,0.01930331
AL051874,0.2702686
AL051875,0.1220539
AL051876,-0.2188371
AL051877,-0.3129176
AL051878,0.2087004
AL051879,0.2419821
AL051880,0.148856
AL051881,-0.315805
AL051882,-0.1450633
AL051885,-0.1210656
AL051886,0.0676253
AL051887,0.472713
AL051888,-0.1426325
AL051889,0.1001621
AL051891,0.05281422
AL051892,-0.1826277
AL051893,0.1870472
AL051894,-0.2395358
AL051895,0.1234735
AL051896,-0.231191
AL051897,-0.3044671
AL051898,0.5512835
AL051899,0.121917
AL051900,0.05798012
AL051901,0.1053386
AL051902,0.1278241
AL051903,-0.4259915
AL051904,-0.2825925
AL051905,-0.3737876
AL051906,-0.0613116
AL051907,-0.07388164
AL051908,0.3793511
AL051909,-0.006090805
AL051910,0.07600941
AL051911,0.3321184
AL051912,-0.08209515
AL051913,-0.08908822
AL051915,-0.04519059
AL051916,-0.0619386
AL051918,-0.4279201
AL051919,-0.07275306
AL051920,-0.2089069
AL051921,0.05219312
AL051922,-0.1012741
AL051923,-0.1439165
AL051924,-0.1094096
AL051926,-0.1406062
AL051927,-0.1038499
AL051928,0.129613
AL051929,0.3142168
AL051931,0.2701632
AL051932,0.4333062
AL051933,0.3392501
AL051934,0.1565713
AL051935,0.01323411
AL051936,0.04749107
AL051937,0.3849436
AL051938,0.3024473
AL051939,0.2767857
AL051940,-0.09709607
AL051941,-0.1676766
AL051942,0.5176257
AL051943,-0.01038159
AL051944,0.1695287
AL051945,0.006099403
AL051946,0.08494471
AL051947,0.07075112
AL051948,0.05360352
AL051949,0.2160088
AL051950,0.03346992
AL051951,0.1472546
AL051952,0.2865688
AL051953,-0.1240263
AL051954,0.1551555
AL051955,0.43666
AL051956,-0.02322939
AL051957,-0.01062569
AL051958,-0.0647456
AL051959,-0.2765025
AL051960,0.1627197
AL051961,-0.01614939
AL051962,-0.03697328
AL051963,-0.6529735
AL051964,-0.1936401
AL051965,-0.1912214
AL051966,-0.4599432
AL051968,-0.4126521
AL051969,-0.1829012
AL051970,-0.04943831
AL051971,-0.3663183
AL051972,-0.3573528
AL051973,-0.244791
AL051974,-0.7371646
AL051975,0.04596438
AL051976,0.1966217
AL051977,-0.252035
AL051978,0.05366969
AL051979,-0.1398673
AL051980,-0.239821
AL051981,-0.05794118
AL051982,-0.2224944
AL051983,-0.388594
AL051984,-0.07535153
AL051985,-0.5760488
AL051986,-0.3426447
AL051987,0.1787661
AL051988,-0.3055745
AL051989,0.3753757
AL051990,-0.0227745
AL051991,-0.3043797
AL051992,-0.266439
AL051993,-0.1545277
AL051994,-0.2669998
AL051995,0.1296913
AL051996,-0.08881154
AL051997,-0.1360856
AL051998,0.2196363
AL051999,0.4939605
AL052000,0.05749761
AL052001,0.1490442
AL052002,-0.163281
AL052003,0.2572402
AL052004,0.1207146
AL052005,0.1902146
AL052006,0.2574673
AL052007,-0.3957891
AL052008,0.2153644
AL052009,-0.1213458
AL052010,0.2348202
AL052011,-0.2363979
AL052012,0.4904583
AL052013,-0.08350044
AL052014,0.02028051
AL052015,-0.3407366
AL052016,-0.2480922
AL052017,-0.2394267
AL052018,-0.1330236
AL052019,0.1164303
AL052020,0.02956687
AL052021,0.1398476
AL052022,0.3346443
AL052023,0.5871773
AL052024,0.1280671
AL061851,0.569602
AL061853,0.293643
AL061856,0.2902186
AL061858,0.1640215
AL061859,-0.04992878
AL061860,0.02420981
AL061861,0.3243721
AL061862,0.04673836150178597
AL061863,0.047616883367142794
AL061865,0.04947521438683284
AL061866,0.050271574706574625
AL061867,0.05098231036189826
AL061869,0.04354461
AL061870,0.1267297
AL061871,0.052999698430002025
AL061874,0.2702686
AL061875,0.1220539
AL061877,-0.3256721
AL061878,0.2087004
AL061879,0.2419821
AL061880,0.5559285
AL061881,-0.08946049
AL061882,-0.01317169
AL061885,-0.1210656
AL061886,0.0676253
AL061887,0.4012992
AL061888,-0.1426325
AL061889,0.1001621
AL061891,0.05281422
AL061892,-0.1826277
AL061893,0.1870472
AL061894,-0.2395358
AL061895,0.1234735
AL061896,-0.231191
AL061897,-0.3044671
AL061898,0.5512835
AL061899,0.02963161
AL061900,0.05798012
AL061901,0.1053386
AL061903,-0.4259915
AL061904,-0.2825925
AL061906,-0.0613116
AL061908,0.1255934
AL061909,-0.006090805
AL061911,-0.07019619
AL061912,-0.08209515
AL061913,-0.08908822
AL061915,-0.04519059
AL061916,-0.0619386
AL061918,-0.4279201
AL061921,0.05219312
AL061923,-0.09269698
AL061924,-0.1094096
AL061926,-0.1406062
AL061927,0.03886761
AL061928,0.09006132
AL061931,0.2701632
AL061932,0.4333062
AL061933,0.2899238
AL061934,0.3968007
AL061935,-0.07122868
AL061936,0.107435
AL061937,0.3849436
AL061938,0.3024473
AL061939,0.2767857
AL061940,-0.09709607
AL061941,-0.1676766
AL061942,0.5176257
AL061943,-0.01038159
AL061944,0.3891741
AL061945,0.006099403
AL061946,0.08494471
AL061947,0.07075112
AL061948,0.05360352
AL061949,0.2160088
AL061950,0.03346992
AL061951,-0.0171911
AL061952,0.2865688
AL061953,0.08984572
AL061954,-0.0387999
AL061955,0.3266099
AL061956,-0.02322939
AL061957,-0.01062569
AL061958,0.01004311
AL061959,-0.07856771
AL061960,-0.0001736879
AL061961,-0.01614939
AL061962,-0.3286625
AL061963,-0.6529735
AL061964,-0.1936401
AL061965,-0.312718
AL061966,-0.09814698
AL061968,-0.4126521
AL061969,-0.1829012
AL061971,-0.3663183
AL061972,-0.3573528
AL061973,-0.244791
AL061974,-0.7184526
AL061975,0.04596438
AL061976,0.1966217
AL061977,-0.2145281
AL061978,0.05366969
AL061979,-0.1398673
AL061980,-0.239821
AL061981,-0.05794118
AL061982,-0.2224944
AL061983,-0.388594
AL061984,-0.07535153
AL061985,-0.3247655
AL061986,-0.3426447
AL061987,0.1787661
AL061988,-0.3055745
AL061989,0.1021773
AL061990,-0.0227745
AL061991,-0.2404323
AL061992,-0.266439
AL061993,-0.1545277
AL061994,-0.2955748
AL061995,-0.09376836
AL061996,-0.08881154
AL061997,-0.1360856
AL061998,0.1728268
AL061999,0.4939605
AL062000,0.05749761
AL062001,0.236595
AL062002,-0.163281
AL062003,0.2572402
AL062004,0.1207146
AL062005,0.1902146
AL062006,0.2574673
AL062007,-0.3957891
AL062008,0.2153644
AL062009,-0.5041016
AL062010,0.2348202
AL062011,-0.2363979
AL062012,0.4904583
AL062013,-0.08350044
AL062014,0.02028051
AL062015,-0.3407366
AL062016,-0.2480922
AL062017,-0.2394267
AL062018,-0.1330236
AL062019,0.1164303
AL062020,0.02956687
AL062021,-0.008193001
AL062022,0.5967269
AL062023,0.2781742
AL062024,0.2018935
AL071853,0.293643
AL071859,-0.04992878
AL071860,0.5827007
AL071861,0.3243721
AL071863,0.047616883367142794
AL071865,0.04954393413062489
AL071866,0.05033320069994301
AL071867,0.05103696486736293
AL071869,0.04354461
AL071870,0.1267297
AL071871,0.052999698430002025
AL071874,0.3285772
AL071877,-0.3256721
AL071878,0.2087004
AL071879,0.2419821
AL071880,0.5559285
AL071881,-0.08946049
AL071885,-0.1210656
AL071886,0.0676253
AL071887,0.4012992
AL071888,-0.1079158
AL071889,0.1001621
AL071891,-0.2509148
AL071892,-0.1717668
AL071893,0.1870472
AL071894,-0.2395358
AL071896,-0.06182984
AL071898,0.5512835
AL071899,0.02963161
AL071900,0.05798012
AL071901,0.1053386
AL071903,-0.5419869
AL071906,-0.0613116
AL071908,0.1255934
AL071909,-0.006090805
AL071912,-0.09577273
AL071916,-0.0619386
AL071921,-0.160184
AL071923,-0.09269698
AL071924,-0.1094096
AL071926,-0.1406062
AL071927,0.03886761
AL071931,0.2701632
AL071932,0.4333062
AL071933,0.2899238
AL071934,0.3968007
AL071935,-0.07122868
AL071936,0.107435
AL071937,0.3849436
AL071938,0.2577692
AL071940,-0.09709607
AL071942,0.5176257
AL071943,-0.01038159
AL071944,0.3891741
AL071945,0.4404316
AL071946,0.08494471
AL071947,-0.04435459
AL071948,0.05360352
AL071949,0.2160088
AL071950,0.03346992
AL071951,-0.0171911
AL071952,0.2865688
AL071953,0.08984572
AL071954,-0.0387999
AL071955,0.3266099
AL071956,-0.02322939
AL071957,-0.01062569
AL071958,0.01004311
AL071959,0.2317334
AL071960,-0.0001736879
AL071961,-0.01614939
AL071962,-0.00523857
AL071963,-0.6529735
AL071964,0.05534141
AL071965,-0.1912214
AL071966,-0.07714254
AL071969,-0.3475042
AL071970,-0.04943831
AL071971,-0.3663183
AL071972,-0.6462438
AL071973,-0.2259331
AL071974,-0.7184526
AL071975,0.2435238
AL071976,0.2286659
AL071977,-0.2145281
AL071978,0.05366969
AL071979,-0.1398673
AL071980,-0.239821
AL071981,-0.3683351
AL071982,-0.2224944
AL071984,-0.07535153
AL071985,-0.3247655
AL071986,-0.3136323
AL071987,-0.01665039
AL071988,-0.3055745
AL071989,0.1021773
AL071990,-0.0227745
AL071991,-0.2404323
AL071992,-0.266439
AL071993,-0.09936358
AL071994,-0.2955748
AL071995,-0.09376836
AL071996,-0.08881154
AL071997,-0.04944465
AL071998,0.1728268
AL071999,0.3404911
AL072000,0.05749761
AL072001,0.236595
AL072002,-0.163281
AL072003,0.2572402
AL072004,0.1207146
AL072005,0.1902146
AL072006,0.1300277
AL072007,-0.04784122
AL072008,0.2153644
AL072009,-0.5041016
AL072010,0.2348202
AL072011,-0.2363979
AL072012,0.4904583
AL072013,0.003842607
AL072014,0.1205638
AL072015,-0.1790467
AL072016,-0.2480922
AL072017,-0.3353164
AL072018,-0.05443552
AL072019,-0.1293316
AL072020,0.02956687
AL072021,-0.008193001
AL072022,0.5967269
AL072023,0.2781742
AL072024,0.2018935
AL081853,0.15198
AL081859,-0.04992878
AL081861,0.045599782803144556
AL081863,0.047616883367142794
AL081867,0.05103696486736293
AL081869,0.04354461
AL081870,0.1267297
AL081871,0.05302767201688937
AL081877,0.1653856
AL081878,-0.6623824
AL081879,0.1156265
AL081880,0.5559285
AL081885,-0.1558054
AL081886,-0.1216455
AL081887,0.02752881
AL081888,-0.01177407
AL081889,0.1001621
AL081891,-0.2509148
AL081892,-0.1717668
AL081893,-0.3246513
AL081898,0.5512835
AL081899,0.02963161
AL081901,0.1362273
AL081903,-0.5419869
AL081906,-0.05468869
AL081908,0.1255934
AL081909,-0.006090805
AL081916,-0.0619386
AL081923,-0.09269698
AL081924,-0.1094096
AL081926,-0.1406062
AL081927,0.07618633
AL081931,0.2701632
AL081932,0.4333062
AL081933,0.2899238
AL081934,0.3968007
AL081935,0.3123723
AL081936,0.107435
AL081937,0.3849436
AL081938,0.2577692
AL081940,0.1777069
AL081942,0.5176257
AL081943,-0.008436292
AL081944,0.3891741
AL081945,0.4404316
AL081947,-0.04435459
AL081948,0.05360352
AL081949,0.2160088
AL081950,0.001910508
AL081951,-0.0171911
AL081952,0.2865688
AL081953,0.08984572
AL081954,-0.03437169
AL081955,0.3266099
AL081956,0.08239143
AL081957,-0.08169029
AL081958,0.01004311
AL081959,0.2317334
AL081960,-0.0001736879
AL081961,0.05737801
AL081963,-0.2445248
AL081964,0.05534141
AL081965,-0.1912214
AL081966,-0.07714254
AL081968,-0.1360807
AL081969,-0.3475042
AL081970,-0.04943831
AL081971,-0.3663183
AL081972,-0.6462438
AL081973,-0.2259331
AL081974,-0.7184526
AL081975,0.2435238
AL081976,0.2286659
AL081977,-0.2145281
AL081978,0.05366969
AL081979,-0.1398673
AL081980,-0.239821
AL081981,-0.3683351
AL081982,-0.2224944
AL081984,-0.07535153
AL081985,-0.3247655
AL081986,-0.3136323
AL081987,-0.01665039
AL081988,-0.3055745
AL081989,0.1021773
AL081990,-0.0227745
AL081991,-0.2404323
AL081992,-0.266439
AL081993,-0.09936358
AL081994,-0.2955748
AL081995,-0.09376836
AL081996,0.03276671
AL081997,0.01295021
AL081998,0.1728268
AL081999,0.3404911
AL082000,0.162359
AL082001,0.236595
AL082002,-0.163281
AL082003,0.1547062
AL082004,0.1207146
AL082005,0.1582295
AL082006,0.1300277
AL082007,-0.04784122
AL082008,0.2153644
AL082009,-0.5041016
AL082010,0.2348202
AL082011,-0.2363979
AL082012,0.4904583
AL082013,0.003842607
AL082014,0.1205638
AL082015,-0.1790467
AL082016,-0.2480922
AL082017,-0.3353164
AL082018,-0.05443552
AL082019,-0.1293316
AL082020,0.02956687
AL082021,-0.008193001
AL082022,0.5967269
AL082023,0.2781742
AL091863,0.047616883367142794
AL091867,0.05103696486736293
AL091869,0.05219529594992929
AL091870,0.1267297
AL091878,-0.6623824
AL091880,0.3196353
AL091886,-0.1216455
AL091887,0.02752881
AL091888,-0.01177407
AL091889,0.08895393
AL091891,-0.2509148
AL091892,-0.1717668
AL091893,-0.3246513
AL091898,0.1416132
AL091899,0.02963161
AL091901,0.1362273
AL091903,-0.5419869
AL091906,-0.05468869
AL091908,0.09896912
AL091909,0.153113
AL091916,0.0217393
AL091923,-0.09269698
AL091924,0.083221
AL091926,0.1399005
AL091931,0.3540871
AL091932,0.4333062
AL091933,0.2899238
AL091934,0.3968007
AL091936,0.107435
AL091937,0.3849436
AL091938,0.367488
AL091940,0.1777069
AL091942,0.3267823
AL091943,-0.008436292
AL091944,0.3891741
AL091945,0.4404316
AL091947,-0.04435459
AL091948,0.1490669
AL091949,0.2160088
AL091950,0.001910508
AL091951,-0.0171911
AL091952,0.44871
AL091953,0.08984572
AL091954,-0.03437169
AL091955,0.3266099
AL091956,-0.1950731
AL091958,0.01004311
AL091959,0.2317334
AL091961,0.05737801
AL091963,-0.2445248
AL091964,0.05534141
AL091965,-0.312718
AL091966,-0.07714254
AL091968,-0.1360807
AL091969,-0.3475042
AL091970,-0.04943831
AL091971,-0.3663183
AL091972,-0.6462438
AL091973,-0.2259331
AL091974,-0.7184526
AL091975,-0.02537509
AL091976,0.2286659
AL091977,-0.2145281
AL091978,0.05366969
AL091979,-0.300475
AL091980,-0.2298388
AL091981,-0.449028
AL091984,-0.1565223
AL091985,-0.3247655
AL091986,-0.3136323
AL091987,-0.01665039
AL091988,-0.3055745
AL091989,0.1021773
AL091990,-0.0227745
AL091991,-0.3223737
AL091992,-0.266439
AL091993,-0.09936358
AL091994,-0.2955748
AL091995,-0.09376836
AL091996,0.03276671
AL091997,0.01295021
AL091998,0.1728268
AL091999,0.3404911
AL092000,0.162359
AL092001,0.236595
AL092002,-0.163281
AL092003,0.1547062
AL092004,-0.1230783
AL092005,0.1582295
AL092006,0.1300277
AL092007,-0.04784122
AL092008,0.02525981
AL092009,-0.5041016
AL092010,0.109129
AL092011,-0.2363979
AL092012,0.4904583
AL092013,0.003842607
AL092014,0.1205638
AL092015,-0.1790467
AL092016,-0.2480922
AL092017,-0.3353164
AL092018,-0.05443552
AL092019,-0.1293316
AL092020,0.02956687
AL092021,-0.008193001
AL092022,0.5967269
AL092023,0.2781742
AL092024,0.2018935
AL101869,0.05219529594992929
AL101870,0.1267297
AL101878,-0.6623824
AL101880,0.3196353
AL101886,-0.01805629
AL101887,0.02752881
AL101891,-0.08125837
AL101893,-0.3246513
AL101898,0.1416132
AL101899,-0.07882303
AL101901,0.1362273
AL101903,-0.171115
AL101906,-0.05468869
AL101908,0.09896912
AL101909,0.153113
AL101916,0.0217393
AL101924,0.083221
AL101926,0.1399005
AL101931,0.3540871
AL101932,0.4333062
AL101933,0.2899238
AL101934,0.3226268
AL101936,0.107435
AL101937,0.08542521
AL101942,0.3267823
AL101943,-0.008436292
AL101944,0.3891741
AL101945,0.3290686
AL101947,-0.04435459
AL101948,0.4279966
AL101949,0.2160088
AL101950,0.001910508
AL101951,0.05018762
AL101952,0.44871
AL101953,-0.03406249
AL101954,-0.03437169
AL101955,0.3266099
AL101956,0.08239143
AL101958,-0.1549617
AL101959,0.002198815
AL101961,0.216707
AL101963,-0.3415993
AL101964,0.05534141
AL101965,-0.3413039
AL101966,-0.07714254
AL101968,-0.1360807
AL101970,-0.2569078
AL101971,-0.3663183
AL101972,-0.6462438
AL101973,-0.2108843
AL101974,-0.7184526
AL101975,-0.02537509
AL101976,0.2286659
AL101977,-0.2145281
AL101978,0.05366969
AL101979,-0.300475
AL101980,-0.2298388
AL101981,-0.449028
AL101984,-0.1565223
AL101985,-0.3247655
AL101986,-0.4810596
AL101987,-0.01665039
AL101988,-0.3055745
AL101989,0.1021773
AL101990,0.138665
AL101991,-0.3223737
AL101992,-0.2930784
AL101993,-0.09936358
AL101994,-0.2955748
AL101995,-0.09376836
AL101996,-0.02838649
AL101998,0.1728268
AL101999,0.3404911
AL102000,0.162359
AL102001,0.236595
AL102002,-0.163281
AL102003,0.1547062
AL102004,-0.1230783
AL102005,0.1582295
AL102006,0.1300277
AL102007,-0.04784122
AL102008,0.02525981
AL102009,-0.1111536
AL102010,0.109129
AL102011,-0.2363979
AL102012,0.4904583
AL102013,0.003842607
AL102015,-0.1790467
AL102016,-0.2530778
AL102018,-0.05443552
AL102019,-0.1293316
AL102020,0.02956687
AL102021,-0.008193001
AL102022,0.5967269
AL102023,0.2781742
AL102024,0.2018935
AL111870,0.1267297
AL111878,-0.6623824
AL111880,0.3196353
AL111886,-0.01805629
AL111887,0.2008824
AL111893,0.1802691
AL111898,0.1416132
AL111901,-0.04277378
AL111906,0.174571
AL111909,0.204958
AL111916,0.0217393
AL111924,-0.1434056
AL111926,0.01025324
AL111931,0.2369736
AL111932,0.3427701
AL111933,0.2899238
AL111934,0.3226268
AL111936,0.107435
AL111937,0.08542521
AL111942,0.3429614
AL111944,0.3891741
AL111945,0.3290686
AL111949,0.2160088
AL111950,0.001910508
AL111951,0.05018762
AL111952,0.3066844
AL111953,-0.03406249
AL111954,-0.03437169
AL111955,0.3266099
AL111956,0.08239143
AL111958,-0.0309151
AL111959,0.002198815
AL111961,0.216707
AL111964,-0.005505487
AL111966,-0.07135989
AL111967,0.1427743
AL111970,-0.2569078
AL111971,-0.3136358
AL111972,-0.6462438
AL111973,-0.2108843
AL111974,-0.6929452
AL111975,-0.02537509
AL111976,0.2286659
AL111977,-0.1124885
AL111978,0.05366969
AL111979,-0.300475
AL111980,-0.2298388
AL111981,-0.449028
AL111984,-0.1565223
AL111985,-0.2935741
AL111987,-0.01665039
AL111988,-0.187469
AL111989,-0.2180875
AL111990,0.138665
AL111991,-0.3223737
AL111994,0.01466024
AL111995,-0.09376836
AL111996,-0.02838649
AL111998,0.1728268
AL111999,0.1319584
AL112000,0.162359
AL112001,0.242156
AL112002,-0.163281
AL112003,0.1547062
AL112004,-0.1230783
AL112005,0.1582295
AL112007,-0.04784122
AL112008,0.02525981
AL112009,-0.1625424
AL112010,0.109129
AL112011,-0.2363979
AL112012,0.4904583
AL112013,0.003842607
AL112015,-0.1790467
AL112016,-0.2530778
AL112017,-0.3353164
AL112018,-0.05443552
AL112019,-0.1293316
AL112020,0.2384413
AL112021,-0.008193001
AL112022,0.5967269
AL112023,0.2781742
AL112024,0.2018935
AL121878,-0.5041836
AL121886,-0.01805629
AL121887,0.2008824
AL121893,0.07478753
AL121901,-0.04277378
AL121909,-0.2746885
AL121916,0.2699913
AL121931,0.2369736
AL121932,0.3427701
AL121933,0.5939472
AL121934,0.3226268
AL121936,0.0629456
AL121944,0.3853768
AL121949,0.1115758
AL121950,0.001910508
AL121951,0.1618618
AL121953,-0.03406249
AL121954,-0.03437169
AL121955,0.3124993
AL121956,-0.04739507
AL121958,-0.1549617
AL121959,-0.07856771
AL121961,0.216707
AL121964,0.01536644
AL121966,-0.3411628
AL121967,0.03878552
AL121968,-0.1360807
AL121969,-0.3475042
AL121970,-0.2569078
AL121971,-0.3136358
AL121972,-0.4458577
AL121973,-0.2108843
AL121974,-0.6929452
AL121975,-0.02537509
AL121976,-0.04123319
AL121977,-0.1124885
AL121978,-0.1380226
AL121979,-0.300475
AL121980,-0.2298388
AL121981,-0.449028
AL121984,-0.1565223
AL121985,-0.2935741
AL121987,-0.01665039
AL121988,0.1114517
AL121989,-0.2180875
AL121990,0.138665
AL121991,-0.3223737
AL121994,0.01466024
AL121995,-0.09376836
AL121996,-0.02838649
AL121998,0.2486732
AL121999,0.1319584
AL122000,0.162359
AL122001,0.242156
AL122002,-0.163281
AL122003,0.2512206
AL122004,-0.1230783
AL122005,0.1582295
AL122007,-0.04784122
AL122008,0.02525981
AL122010,0.109129
AL122011,-0.2363979
AL122012,0.4904583
AL122013,0.32692
AL122015,-0.3501204
AL122016,-0.2530778
AL122017,-0.08945057
AL122018,-0.05443552
AL122019,-0.1293316
AL122020,0.2384413
AL122021,-0.008193001
AL122022,0.5406085
AL122023,0.2781742
AL122024,0.2018935
AL131887,0.2008824
AL131901,-0.04277378
AL131916,0.2699913
AL131931,0.2369736
AL131932,0.3427701
AL131933,0.5939472
AL131934,0.1263335
AL131936,0.0629456
AL131944,0.3853768
AL131949,0.1115758
AL131950,0.001910508
AL131953,0.4680054
AL131954,-0.03437169
AL131955,0.3124993
AL131959,-0.07856771
AL131964,-0.1536866
AL131966,-0.4599432
AL131967,0.03878552
AL131968,-0.1360807
AL131969,-0.3475042
AL131970,-0.2569078
AL131971,-0.3136358
AL131972,-0.4458577
AL131973,-0.2108843
AL131974,-0.6929452
AL131975,-0.02537509
AL131976,-0.04123319
AL131977,-0.1124885
AL131978,-0.1380226
AL131979,-0.1997565
AL131980,-0.2298388
AL131981,-0.449028
AL131984,-0.1565223
AL131985,-0.3030739
AL131987,-0.2742668
AL131988,-0.043171
AL131989,-0.1700547
AL131990,-0.07542969
AL131995,-0.09376836
AL131996,0.03695694
AL131998,0.2486732
AL131999,0.1319584
AL132000,0.162359
AL132001,0.242156
AL132002,-0.163281
AL132003,0.2512206
AL132004,-0.1230783
AL132005,0.1582295
AL132007,-0.04784122
AL132008,-0.05278789
AL132010,0.109129
AL132011,-0.1412669
AL132012,0.3846337
AL132013,0.32692
AL132016,-0.2530778
AL132017,-0.08945057
AL132018,-0.05443552
AL132019,-0.1293316
AL132020,0.2384413
AL132021,0.2596208
AL132022,0.5406085
AL132023,0.1324772
AL132024,0.166751
AL141887,0.2008824
AL141916,0.2699913
AL141932,0.3427701
AL141933,0.5939472
AL141936,0.0629456
AL141944,0.5617996
AL141949,0.1115758
AL141950,0.001910508
AL141953,0.3851718
AL141954,0.1216299
AL141959,0.2317334
AL141966,-0.07714254
AL141967,0.03878552
AL141968,-0.2337194
AL141970,-0.2569078
AL141971,-0.3136358
AL141972,-0.4458577
AL141973,-0.3355934
AL141974,-0.6929452
AL141975,-0.02537509
AL141976,-0.04123319
AL141977,-0.1124885
AL141978,-0.1380226
AL141979,-0.1997565
AL141980,-0.10911
AL141981,-0.08683288
AL141984,-0.1565223
AL141985,-0.3664913
AL141987,-0.2742668
AL141988,-0.1935399
AL141989,-0.1700547
AL141990,-0.07542969
AL141995,-0.2706596
AL141998,0.4272304
AL141999,0.1319584
AL142000,0.162359
AL142001,0.242156
AL142002,-0.1330654
AL142003,0.2512206
AL142004,-0.05386229
AL142005,0.09605761
AL142007,-0.04784122
AL142008,-0.05278789
AL142010,0.109129
AL142011,-0.1412669
AL142012,0.3846337
AL142013,-0.02885433
AL142016,-0.2530778
AL142017,-0.08945057
AL142018,-0.3391539
AL142019,-0.3376523
AL142020,0.2384413
AL142021,0.2596208
AL142022,0.5406085
AL142023,0.1324772
AL142024,0.166751
AL151887,0.2008824
AL151916,-0.06000464
AL151932,0.2498174
AL151933,0.5939472
AL151936,0.0629456
AL151949,0.3486018
AL151950,0.001910508
AL151954,0.03643183
AL151966,0.04293722
AL151967,0.03878552
AL151968,-0.2013992
AL151969,-0.4282644
AL151970,-0.2569078
AL151971,-0.3136358
AL151972,-0.4458577
AL151973,-0.3355934
AL151974,-0.6929452
AL151975,-0.02537509
AL151976,-0.04123319
AL151977,-0.1124885
AL151978,-0.1380226
AL151979,-0.1997565
AL151980,-0.10911
AL151981,-0.08683288
AL151984,-0.1565223
AL151988,-0.1935399
AL151989,-0.02764394
AL151990,-0.07542969
AL151995,-0.2706596
AL151999,0.1319584
AL152000,0.162359
AL152001,0.242156
AL152003,0.2512206
AL152004,-0.05386229
AL152005,0.09605761
AL152007,0.1374353
AL152008,-0.05278789
AL152010,0.109129
AL152011,-0.1412669
AL152012,0.09135012
AL152013,-0.03817379
AL152016,-0.2092735
AL152017,-0.08945057
AL152018,-0.3391539
AL152019,-0.3376523
AL152020,0.2384413
AL152021,0.2596208
AL152022,0.5406085
AL152023,0.1324772
AL152024,0.166751
AL161887,0.2008824
AL161933,0.7834247
AL161936,-0.07793569
AL161949,0.3486018
AL161950,0.4048225
AL161954,0.2898469
AL161966,-0.07135989
AL161967,0.03878552
AL161968,-0.1360807
AL161969,-0.4282644
AL161970,-0.2569078
AL161971,-0.3136358
AL161972,-0.6038499
AL161973,-0.3355934
AL161974,-0.6929452
AL161975,-0.02537509
AL161976,-0.04123319
AL161978,-0.1380226
AL161979,-0.1997565
AL161980,-0.356136
AL161981,-0.08683288
AL161984,-0.3534823
AL161988,-0.1935399
AL161990,-0.07542969
AL161995,-0.2706596
AL161999,0.04825813
AL162000,0.05557482
AL162001,0.005195633
AL162003,0.2512206
AL162004,-0.07255693
AL162005,0.09605761
AL162007,0.1374353
AL162008,-0.05278789
AL162010,0.109129
AL162011,-0.1412669
AL162012,0.09135012
AL162016,0.06151003
AL162017,0.005492806
AL162018,-0.3391539
AL162019,-0.3376523
AL162020,-0.1430234
AL162021,0.2596208
AL162022,0.5406085
AL162023,0.1324772
AL162024,0.166751
AL171887,0.2994763
AL171933,0.7834247
AL171936,0.04461878
AL171966,-0.07135989
AL171967,0.03878552
AL171969,-0.4282644
AL171971,-0.3136358
AL171972,-0.6038499
AL171973,-0.3279296
AL171974,-0.6929452
AL171975,-0.2402019
AL171976,-0.04123319
AL171978,-0.1380226
AL171979,-0.1377179
AL171980,-0.356136
AL171981,-0.08683288
AL171984,-0.3534823
AL171988,-0.3055745
AL171995,-0.2706596
AL172000,0.05557482
AL172001,0.005195633
AL172003,0.2512206
AL172005,0.09605761
AL172007,0.2779492
AL172008,-0.02235816
AL172010,-0.006123185
AL172011,-0.1412669
AL172012,0.09135012
AL172017,0.005492806
AL172019,-0.3376523
AL172020,-0.1430234
AL172021,0.2596208
AL172022,0.5225784
AL172023,0.1324772
AL172024,0.166751
AL181887,0.123536
AL181933,0.7834247
AL181967,0.03878552
AL181970,-0.2364841
AL181971,-0.3136358
AL181972,-0.6038499
AL181974,-0.5500525
AL181975,-0.2402019
AL181976,-0.04123319
AL181978,-0.1380226
AL181979,-0.1377179
AL181980,-0.356136
AL181981,-0.08683288
AL181984,-0.3046322
AL181988,-0.3055745
AL181995,-0.006541282
AL182000,0.05557482
AL182003,0.2443894
AL182005,0.09605761
AL182010,-0.006123185
AL182011,-0.001869783
AL182012,0.09135012
AL182017,0.005492806
AL182019,-0.3376523
AL182020,-0.1430234
AL182021,0.2596208
AL182023,0.1324772
AL182024,0.2063122
AL191887,0.123536
AL191933,0.7834247
AL191967,-0.06192318
AL191969,-0.4282644
AL191970,-0.2364841
AL191971,-0.3136358
AL191972,-0.550753
AL191974,-0.5500525
AL191975,-0.2402019
AL191976,-0.09949531
AL191978,-0.1574539
AL191979,-0.1377179
AL191981,-0.08683288
AL191984,-0.3046322
AL191988,-0.187469
AL191995,-0.006541282
AL192000,0.05557482
AL192003,0.2443894
AL192005,0.09605761
AL192010,-0.006123185
AL192011,-0.1243511
AL192012,0.09135012
AL192017,0.2389104
AL192019,-0.3376523
AL192020,-0.1430234
AL192021,0.2596208
AL192023,0.2168815
AL192024,0.2063122
AL201933,0.4331533
AL201969,-0.4282644
AL201970,-0.2569078
AL201971,-0.1564537
AL201974,-0.3394151
AL201975,-0.2402019
AL201976,-0.09949531
AL201978,-0.1574539
AL201979,-0.07625245
AL201981,-0.1931746
AL201984,-0.1290393
AL201995,-0.006541282
AL202003,0.06460998
AL202005,-0.04370509
AL202010,-0.006123185
AL202011,-0.2363979
AL202019,-0.1268428
AL202020,-0.1430234
AL202021,0.2596208
AL202023,0.2168815
AL211967,-0.06192318
AL211969,-0.4282644
AL211970,-0.2569078
AL211971,-0.1564537
AL211975,-0.003688864
AL211976,-0.09949531
AL211978,-0.1574539
AL211981,-0.06630193
AL211995,-0.006541282
AL212003,0.06460998
AL212005,-0.04370509
AL212010,-0.006123185
AL212020,-0.1430234
AL212021,0.4397475
AL212023,0.2168815
AL221969,-0.4282644
AL221970,-0.2493566
AL221971,-0.165799
AL221975,-0.003688864
AL221978,-0.1574539
AL221981,-0.06630193
AL222005,-0.04370509
AL222020,-0.1430234
AL231967,-0.06192318
AL231969,-0.4282644
AL231970,-0.2493566
AL231975,-0.1217666
AL231978,-0.1574539
AL232005,-0.04370509
AL232020,-0.1430234
AL241967,-0.06192318
AL241969,-0.4328577
AL241978,-0.04571602
AL242005,-0.04370509
AL242020,-0.1430234
AL251967,-0.06192318
AL251969,-0.4328577
AL252005,-0.04370509
AL252020,0.03329511
AL261969,-0.4328577
AL262005,-0.04370509
AL262020,0.03329511
AL271967,-0.2681489
AL271969,-0.4328577
AL272005,-0.04370509
AL272020,0.03329511
AL281967,0.03878552
AL281969,-0.4328577
AL282005,-0.005498171
AL282020,0.03329511
AL291969,-0.3161995
AL292005,-0.005498171
AL292020,0.03329511
AL301969,-0.3475042
AL302005,-0.005498171
AL302020,-0.1720076
AL312005,0.2110061
AL312020,-0.1720076
