code,cape_minus_0_days,cape_minus_2_days,cape_minus_3_days
AL011940,0.0,3.5,0.0
AL011941,178.125,196.875,390.0
AL011942,399.25,517.5,517.25
AL011943,1.25,0.375,0.5
AL011944,10.125,15.5,0.0
AL011945,0.0,0.0,0.0
AL011946,2.625,1.75,24.125
AL011947,0.0,90.5,389.25
AL011948,0.0,0.0,0.0
AL011949,132.625,145.75,371.5
AL011950,74.0,0.0,0.0
AL011951,8.6875,7.8125,27.3125
AL011952,0.0,0.0,0.0
AL011953,0.0,0.0,0.0
AL011954,0.0,0.125,0.125
AL011955,0.0,0.0,0.5
AL011956,0.0,0.0,0.0
AL011957,0.0,0.0,0.0
AL011958,0.0,0.0,0.0
AL011959,0.0,0.0,0.0
AL011960,75.875,0.0,0.0
AL011961,980.0,978.125,663.375
AL011962,0.0,0.0,2.75
AL011963,937.25,1596.5,498.5
AL011964,0.0,0.0,0.0
AL011965,0.0,0.0,0.0
AL011966,0.0,75.25,0.0
AL011967,9.125,0.0,0.0
AL011968,0.0,0.0,0.0
AL011970,2020.75,713.5,725.875
AL011971,7.375,16.25,8.375
AL011972,2.75,0.5,0.875
AL011973,0.0,0.0,0.0
AL011974,0.5,0.0,0.0
AL011975,2.125,12.0,2.875
AL011976,0.0,0.0,0.0
AL011977,0.0,0.0,0.0
AL011978,0.0,0.0,0.0
AL011979,350.5,0.0,0.0
AL011980,0.5,0.0,0.0
AL011981,0.0,0.0,0.0
AL011982,0.0,0.0,0.0
AL011983,223.25,539.0,238.25
AL011984,0.75,3.875,13.75
AL011985,0.0,0.25,0.0
AL011986,1.125,0.0,0.0
AL011987,0.0,0.0,0.0
AL011988,7.5,1.25,0.25
AL011989,0.0,1.125,33.25
AL011990,0.0,0.0,0.0
AL011991,0.0,92.75,0.0
AL011992,0.0,0.0,0.0
AL011993,0.0,0.0,0.0
AL011994,0.0,0.0,0.0
AL011995,0.0,0.0,0.0
AL011996,6.25,0.125,0.5
AL011997,10.75,27.0,12.5
AL011998,577.5,466.75,276.5
AL011999,0.125,0.0,0.25
AL012000,0.0,0.0,0.0
AL012001,0.0,0.0,0.0
AL012002,4.75,4.5,2.5
AL012003,16.625,5.875,6.875
AL012004,0.0,256.25,182.0
AL012005,2.5,683.25,125.25
AL012006,0.0,0.0,0.0
AL012007,0.0,12.625,25.0
AL012008,0.0,0.0,0.0
AL012009,8.0,1.375,0.5
AL012010,440.75,0.0,440.5
AL012011,7.75,0.0,142.625
AL012012,3.5,1.0,0.0
AL012013,0.0,0.0,0.0
AL012014,0.5,1.0,8.5
AL012015,0.0,0.0,0.0
AL012016,0.0,0.125,0.0
AL012017,0.0,7.5,44.25
AL012018,0.0,0.0,0.0
AL012019,44.5,14.25,0.0
AL012020,5.5,15.875,25.25
AL012021,0.0,0.0,0.625
AL012022,1.25,0.25,0.25
AL012023,5.875,7.3125,0.0
AL012024,0.0,0.0,0.0
AL021940,6.75,0.5,4.25
AL021941,0.75,0.0,0.0
AL021942,468.0,300.875,149.0
AL021943,1422.25,567.5,1356.25
AL021944,1054.75,1175.0,789.125
AL021945,0.0,1.75,0.0
AL021946,0.0,0.0,0.125
AL021947,592.75,328.5,305.5
AL021948,0.25,0.5,8.25
AL021949,921.5,1300.75,1379.5
AL021950,746.75,418.5,457.25
AL021951,0.75,0.25,2.25
AL021952,548.5,798.5,923.5
AL021953,0.0,0.0,0.0
AL021954,0.0,0.0,0.0
AL021955,589.25,758.25,453.0
AL021956,0.0,0.0,0.0
AL021957,0.0,0.0,0.0
AL021958,225.25,1470.5,678.75
AL021959,0.0,0.0,0.0
AL021960,583.25,718.0,829.25
AL021961,130.125,1063.875,502.625
AL021962,145.0,1496.0,912.75
AL021963,1205.0,973.5,396.25
AL021964,811.0,994.25,365.5
AL021965,7.0,0.5,18.0
AL021966,0.75,0.25,0.0
AL021968,0.0,0.0,0.0
AL021970,180.125,90.5,14.0
AL021971,2.5,5.0,35.5
AL021972,0.0,0.0,0.0
AL021973,0.0,0.0,0.0
AL021974,0.0,0.25,0.0
AL021975,3.5,0.0,2.375
AL021976,25.125,0.375,0.0
AL021977,0.0,0.0,0.25
AL021978,0.0,0.0,0.0
AL021979,365.75,481.0,511.0
AL021980,0.0,0.0,0.0
AL021981,2.5,724.75,756.0
AL021982,0.125,0.0,0.0
AL021983,729.0,1431.0,454.25
AL021984,0.0,4.5,277.5
AL021985,2.875,0.0,0.0
AL021986,0.0,0.0,0.0
AL021987,4.25,2.5,5.75
AL021988,0.25,0.0,6.0
AL021989,0.25,0.0,31.75
AL021990,250.0,146.25,163.0
AL021991,0.5,0.0,0.25
AL021992,0.0,0.0,0.0
AL021993,1.0,0.0,0.0
AL021994,0.0,1.625,6.75
AL021995,0.625,12.75,20.625
AL021996,1688.0,162.5,326.75
AL021997,0.0,9.75,39.75
AL021998,1398.5,1347.75,801.25
AL021999,1.75,89.5,0.0
AL022000,549.25,472.25,418.75
AL022001,1110.875,764.0,859.25
AL022002,0.0,3.0,1.75
AL022003,751.25,707.5,454.25
AL022004,918.25,305.0,1400.0
AL022005,0.0,77.625,2.75
AL022006,0.0,0.5,3.0
AL022007,0.0,0.0,0.0
AL022008,255.25,255.25,1345.25
AL022009,695.5,493.375,757.5
AL022010,0.0,0.0,0.0
AL022011,0.0,0.0,0.75
AL022012,0.125,0.0,0.75
AL022013,1406.625,1699.875,1567.875
AL022014,206.0,293.5,178.5
AL022015,0.25,4.0,0.0
AL022016,0.25,3.875,1.625
AL022017,420.0,501.0,375.75
AL022018,263.5,399.5,567.0
AL022019,22.75,3.75,1.75
AL022020,0.0,0.0,0.0
AL022021,6.25,0.0,0.0
AL022022,489.25,187.0,211.5
AL022023,0.0,0.25,0.0
AL022024,437.75,618.75,319.75
AL031940,408.5,228.0,69.0
AL031941,38.0,91.125,149.25
AL031942,1108.125,907.25,807.625
AL031943,628.75,1068.75,736.75
AL031944,207.75,68.0,0.0
AL031945,920.5,739.875,982.375
AL031946,0.0,10.5,0.0
AL031947,0.0,1.75,538.25
AL031948,192.5,395.375,423.75
AL031949,1433.25,366.5,573.5
AL031950,296.0,519.75,678.5
AL031951,0.0,1.625,1.75
AL031952,2.25,68.625,0.75
AL031953,0.0,0.0,0.0
AL031954,0.0,0.5,0.25
AL031955,300.75,132.75,612.5
AL031956,322.5,168.0,134.75
AL031957,0.0,0.0,0.0
AL031958,282.25,585.75,132.75
AL031959,0.0,0.0,0.0
AL031960,0.25,1.0,1.0
AL031961,267.375,294.25,1321.75
AL031962,1711.125,1305.875,1722.5
AL031963,0.0,79.125,29.75
AL031964,6.375,0.75,0.0
AL031965,752.75,1292.25,767.0
AL031966,0.0,0.0,0.0
AL031967,8.625,0.25,0.0
AL031968,0.0,0.0,0.25
AL031969,0.0,0.0,0.0
AL031970,0.0,0.0,1.0
AL031971,1.0,0.25,0.0
AL031972,5.75,2.0,1.5
AL031973,0.75,0.0,0.0
AL031974,38.0,0.0,0.0
AL031975,0.0,0.0,0.0
AL031976,11.5,0.0,0.375
AL031977,0.0,0.0,0.0
AL031978,693.0,19.25,269.75
AL031979,1.0,0.0,0.0
AL031980,0.0,0.0,0.0
AL031981,164.375,458.25,23.5
AL031982,986.75,712.75,813.25
AL031983,0.0,0.25,0.5
AL031984,1342.0,673.0,1419.25
AL031985,0.0,0.0,0.0
AL031986,0.0,0.0,0.0
AL031987,0.0,0.0,0.0
AL031988,1248.25,945.75,1107.5
AL031989,766.25,1124.0,1071.25
AL031990,0.0,0.5,2.25
AL031991,0.0,2.0,0.0
AL031992,0.0,0.0,0.5
AL031993,858.25,1151.25,870.0
AL031994,0.25,0.5,0.5
AL031995,1044.25,215.0,0.0
AL031996,531.0,1270.75,1313.0
AL031997,0.25,0.0,0.0
AL031998,0.0,0.0,0.0
AL031999,4.25,174.5,396.5
AL032000,294.0,240.75,212.75
AL032001,0.0,0.0,0.0
AL032002,0.5,2.0,1.25
AL032003,1.375,3.75,22.125
AL032004,211.5,884.75,365.5
AL032005,34.625,0.0,0.0
AL032006,0.25,1.75,2.75
AL032007,0.0,6.75,1.25
AL032008,1.75,0.0,0.0
AL032009,905.375,272.875,425.0
AL032010,19.25,22.5,99.5
AL032011,3.0,10.25,11.0
AL032012,0.375,1.375,0.0
AL032013,235.5,326.5,325.0
AL032014,198.5,357.75,153.75
AL032015,0.75,1.0,0.25
AL032016,0.0,0.0,0.0
AL032017,0.0,0.0,0.0
AL032018,0.0,0.0,3.75
AL032019,0.0,0.0,0.0
AL032020,0.0,0.375,0.0
AL032021,0.0,0.125,0.0
AL032022,14.875,13.75,10.75
AL032023,1055.625,609.75,254.25
AL032024,0.0,0.0,0.0
AL041940,4.5,0.0,11.75
AL041941,1648.125,1600.625,1337.75
AL041942,16.5,19.125,15.25
AL041943,0.0,0.0,80.0
AL041944,153.25,391.75,185.75
AL041945,612.75,33.375,247.75
AL041946,0.0,0.0,0.0
AL041947,361.0,598.75,854.5
AL041948,1195.75,1116.5,1308.25
AL041949,12.75,958.25,1344.375
AL041950,556.25,1062.0,469.25
AL041951,983.75,398.125,152.625
AL041952,195.25,81.0,17.375
AL041953,275.25,1124.625,677.25
AL041954,4.75,0.125,0.875
AL041955,459.25,354.0,213.0
AL041956,0.0,411.25,348.5
AL041957,629.5,1112.875,494.75
AL041958,0.0,0.0,0.0
AL041959,0.25,0.0,0.0
AL041960,0.0,0.0,0.0
AL041961,368.125,316.0,130.125
AL041962,1929.75,1559.375,879.125
AL041963,0.0,4.625,13.625
AL041964,4.25,0.5,3.75
AL041965,1431.125,1509.5,1317.75
AL041966,0.0,3.25,1.25
AL041970,160.5,1.75,209.5
AL041971,0.0,0.0,0.0
AL041972,4.625,2.5,20.75
AL041973,0.0,0.0,0.0
AL041974,0.0,0.125,0.0
AL041975,22.25,4.0,0.0
AL041976,0.0,3.625,0.875
AL041977,132.5,659.75,467.5
AL041978,30.5,0.0,0.0
AL041979,0.0,0.0,0.0
AL041980,1017.5,1275.25,445.75
AL041981,0.0,0.0,0.0
AL041982,0.0,1431.75,334.25
AL041983,0.0,1.25,2.0
AL041984,0.0,14.0,11.375
AL041985,111.0,7.25,87.75
AL041986,28.25,2.5,44.75
AL041987,2290.25,2358.75,763.0
AL041988,59.375,486.5,1192.5
AL041989,0.0,0.0,0.0
AL041990,196.25,435.0,709.5
AL041991,377.875,1946.625,320.875
AL041992,804.5,766.25,499.5
AL041993,1233.5,1046.0,1257.25
AL041994,839.5,854.0,398.25
AL041995,1.25,0.0,0.0
AL041996,746.5,705.5,1001.0
AL041997,5.25,1.0,1.0
AL041998,797.25,949.75,482.0
AL041999,318.0,654.0,350.75
AL042000,1.75,0.0,0.0
AL042001,1071.25,292.0,161.0
AL042002,61.0,264.0,243.0
AL042003,988.5,769.5,1108.0
AL042004,377.75,638.0,1586.0
AL042005,269.75,1060.25,883.5
AL042006,1603.25,342.0,1192.5
AL042007,403.0,270.75,501.0
AL042008,11.0,405.25,470.75
AL042009,1.875,5.875,5.5
AL042010,637.0,313.0,18.0
AL042011,0.25,0.0,0.0
AL042012,0.0,0.0,0.0
AL042013,289.75,1173.0,1310.75
AL042014,0.0,224.5,21.75
AL042015,159.0,371.5,311.5
AL042016,0.0,0.0,0.0
AL042017,170.0,523.5,671.5
AL042018,1.5,8.5,42.5
AL042019,2.25,2.25,45.25
AL042020,52.75,3.0,4.25
AL042021,0.0,0.0,1.25
AL042023,586.75,1101.0,1055.625
AL042024,37.75,0.0,0.0
AL051940,1463.875,1848.625,1581.875
AL051941,252.625,195.5625,241.3125
AL051942,721.5,1269.125,501.875
AL051943,0.0,5.0,111.25
AL051944,5.5,706.5,117.5
AL051945,184.25,1214.25,1342.875
AL051946,2.25,4.25,36.5
AL051947,2.75,1.625,31.75
AL051948,0.0,0.0,0.0
AL051949,0.0,20.875,36.75
AL051950,27.625,960.125,1128.25
AL051951,513.25,647.875,1293.125
AL051952,4.25,1.75,25.75
AL051953,1.5,50.5,9.0
AL051954,0.0,0.0,2.75
AL051955,0.0,0.0,0.0
AL051956,0.0,520.375,167.5
AL051957,0.0,0.0,142.5
AL051958,436.75,227.5,702.5
AL051959,1.75,7.75,4.5
AL051960,172.25,232.0,129.75
AL051961,483.5,395.75,777.5
AL051962,0.0,0.0,0.0
AL051963,2102.25,2512.375,3530.25
AL051964,221.0,575.5,270.0
AL051965,0.0,0.0,7.75
AL051966,582.75,748.875,691.375
AL051968,0.875,0.0,0.0
AL051969,437.375,625.125,511.125
AL051970,176.25,855.0,387.25
AL051971,0.0,0.0,0.0
AL051972,27.5,1.25,0.0
AL051973,1119.5,670.0,945.0
AL051974,1.375,2.75,0.0
AL051975,0.5,66.75,150.5
AL051976,624.875,1043.75,301.0
AL051977,0.0,1.5,10.25
AL051978,0.0,1.625,3.125
AL051979,0.75,0.0,5.0
AL051980,359.25,1604.75,1714.5
AL051981,4.25,27.75,0.0
AL051982,0.0,0.0,0.0
AL051983,2.25,83.0,18.25
AL051984,0.875,2.25,3.5
AL051985,4.0,71.0,0.0
AL051986,13.5,4.5,1.25
AL051987,1302.0,389.75,1655.0
AL051988,2.25,3.5,3.0
AL051989,742.5,1143.25,1373.0
AL051990,1069.75,483.0,723.75
AL051991,1331.375,816.5,1440.0
AL051992,0.0,383.5,36.875
AL051993,41.5,0.0,0.0
AL051994,0.0,43.125,534.75
AL051995,1.25,32.0,13.0
AL051996,527.0,412.25,1000.5
AL051997,0.0,2.125,0.875
AL051998,0.0,0.0,69.75
AL051999,86.25,0.0,0.0
AL052000,0.0,0.0,0.75
AL052001,18.5,0.0,0.0
AL052002,5.25,13.0,0.0
AL052003,0.25,2.75,1.0
AL052004,208.0,493.0,774.0
AL052005,505.75,552.5,530.0
AL052006,455.5,414.75,907.75
AL052007,0.0,0.0,0.0
AL052008,0.5,0.0,0.0
AL052009,0.0,22.5,2.75
AL052010,0.75,0.75,0.0
AL052011,1119.0,205.75,305.0
AL052012,676.5,171.5,436.0
AL052013,73.0,141.75,126.25
AL052014,0.0,2253.75,1942.25
AL052015,633.75,1066.5,599.25
AL052016,900.5,1127.75,1158.5
AL052017,474.0,521.75,478.75
AL052018,19.0,8.75,8.5
AL052019,709.25,601.0,472.25
AL052020,0.0,0.25,0.0
AL052021,454.5,1054.625,110.0
AL052022,9.75,34.25,17.0
AL052023,0.25,0.25,2.25
AL052024,320.75,642.5,836.75
AL061940,1606.25,1247.5,1494.625
AL061941,0.125,1.75,0.0
AL061942,187.75,29.0,27.5
AL061943,0.0,0.0,3.75
AL061944,0.0,83.25,1964.5
AL061945,686.0,693.25,1202.0
AL061946,44.625,0.0,0.0
AL061947,2449.75,976.5,852.75
AL061948,390.875,1051.0,801.0
AL061949,28.25,4.75,1.375
AL061950,1861.5,378.25,274.375
AL061951,463.75,646.25,670.5
AL061952,0.0,1143.0,230.25
AL061953,3161.875,1172.0,983.5
AL061954,0.0,0.0,0.0
AL061955,115.75,1234.625,1593.5
AL061956,1.125,0.125,48.25
AL061957,6.0,679.75,0.0
AL061958,198.5,213.875,720.625
AL061959,391.0,460.5,640.75
AL061960,0.0,1.75,4.0
AL061961,0.0,0.0,0.0
AL061962,0.5,2.75,4.875
AL061963,985.375,1288.0,488.5
AL061964,144.125,524.5,1025.75
AL061965,658.625,938.5,811.25
AL061966,359.0,509.0,497.5
AL061968,3.0,10.25,25.5
AL061969,152.625,117.75,125.5
AL061971,0.0,0.0,0.0
AL061972,27.875,9.0,13.5
AL061973,9.75,0.0,0.0
AL061974,3.25,1.5,17.75
AL061975,37.0,14.75,5.5
AL061976,0.75,5.5,0.375
AL061977,9.0,0.125,0.0
AL061978,865.0,102.875,334.0
AL061979,858.5,596.75,448.5
AL061980,714.25,400.25,703.75
AL061981,18.25,2.0,13.875
AL061982,0.0,67.75,0.0
AL061983,601.875,93.125,0.0
AL061984,1271.0,1636.0,822.0
AL061985,0.0,964.75,445.75
AL061986,681.5,1697.5,574.5
AL061987,2043.5,772.75,1601.75
AL061988,1014.5,1101.5,840.25
AL061989,0.0,549.875,691.25
AL061990,0.25,0.25,21.0
AL061991,113.0,190.375,57.0
AL061992,0.0,266.875,190.5
AL061993,1148.0,436.5,1622.5
AL061994,1495.75,772.125,826.5
AL061995,70.5,935.25,109.5
AL061996,731.5,1199.25,900.75
AL061997,525.5,1380.75,1690.125
AL061998,0.25,0.25,0.0
AL061999,339.0,629.75,1055.0
AL062000,651.25,518.0,1064.5
AL062001,1088.5,685.5,1016.25
AL062002,0.25,0.0,2.5
AL062003,590.75,794.75,652.0
AL062004,906.375,487.25,181.0
AL062005,0.0,0.0,0.0
AL062006,349.75,840.75,504.75
AL062007,532.75,448.25,415.25
AL062008,226.75,0.0,93.0
AL062009,1088.875,1469.0,965.0
AL062010,524.0,563.75,678.5
AL062011,2.0,0.0,0.0
AL062012,48.0,1049.25,548.75
AL062013,66.25,1755.25,1129.0
AL062014,1335.5,405.25,863.0
AL062015,173.5,440.25,593.75
AL062016,245.5,1015.5,1068.5
AL062017,0.25,0.0,0.0
AL062018,526.5,593.75,854.0
AL062019,5.5,155.75,30.25
AL062020,2.75,0.0,0.0
AL062021,373.75,545.25,418.75
AL062022,1243.25,127.5,564.25
AL062023,1468.75,738.75,429.25
AL062024,0.0,0.0,0.0
AL071940,37.75,51.375,5.0
AL071942,2.25,11.375,6.875
AL071943,20.0,9.875,5.625
AL071944,138.75,1805.75,1464.25
AL071945,182.5,108.0,208.5
AL071946,0.0,3.875,0.0
AL071947,0.0,1.125,0.75
AL071948,0.0,6.125,25.625
AL071949,31.5,25.25,24.5
AL071950,15.25,92.5,14.125
AL071951,147.125,743.75,646.25
AL071952,470.25,462.75,464.0
AL071953,1220.25,630.25,1547.375
AL071954,689.0,1101.75,1437.5
AL071955,547.25,43.5,833.625
AL071956,354.25,579.625,369.875
AL071957,4.75,0.0,0.0
AL071958,455.0,0.125,3.875
AL071959,711.125,991.5,1015.875
AL071960,18.125,7.375,0.0
AL071961,425.75,1223.5,1522.25
AL071962,25.75,12.125,18.25
AL071963,382.125,1210.125,251.125
AL071964,867.875,1015.875,324.5
AL071965,3.75,1.0,20.75
AL071966,1097.125,747.25,714.25
AL071969,0.0,22.0,11.625
AL071970,147.0,182.25,23.625
AL071971,0.0,0.0,0.0
AL071972,1232.75,1164.25,1843.25
AL071973,544.5,550.5,300.625
AL071974,823.25,1004.75,539.25
AL071975,0.0,5.5,22.0
AL071976,409.0,0.0,0.0
AL071977,9.25,2.5,0.75
AL071978,865.0,102.875,334.0
AL071979,244.5,494.75,722.75
AL071980,94.5,40.25,0.0
AL071981,0.0,0.0,0.0
AL071982,0.0,0.0,0.0
AL071984,1851.25,969.0,1673.125
AL071985,429.375,1313.875,909.25
AL071986,143.25,449.5,34.0
AL071987,1063.75,1651.75,1431.625
AL071988,15.25,0.0,0.0
AL071989,843.75,927.625,418.5
AL071990,274.25,75.0,323.0
AL071991,1471.875,345.125,806.75
AL071992,3.75,6.0,38.25
AL071993,0.0,206.75,15.75
AL071994,446.5,247.25,511.75
AL071995,1384.5,842.5,543.5
AL071996,632.5,1477.0,527.25
AL071997,666.5,675.0,205.0
AL071998,283.75,321.25,354.0
AL071999,0.0,0.0,0.0
AL072000,436.25,683.0,211.75
AL072001,1366.25,816.75,950.625
AL072002,0.0,0.0,0.5
AL072003,1.5,0.0,0.0
AL072004,320.75,1025.25,167.75
AL072005,1.75,842.25,512.0
AL072006,428.75,1120.75,877.5
AL072007,0.25,37.25,29.75
AL072008,216.0,604.25,428.75
AL072009,307.0,593.75,545.0
AL072010,544.0,362.0,193.75
AL072011,0.25,0.75,0.0
AL072012,107.75,342.25,323.75
AL072013,994.0,786.5,154.75
AL072014,0.0,0.0,0.0
AL072015,486.25,980.125,620.75
AL072016,369.0,922.0,840.0
AL072017,34.0,1185.5,468.0
AL072018,7.5,0.0,0.0
AL072019,40.5,181.0,69.25
AL072020,119.75,262.25,205.5
AL072021,2070.0,240.0,1092.25
AL072022,2345.25,158.75,865.5
AL072023,655.0,571.5,1478.25
AL072024,1182.75,391.75,74.75
AL081940,1032.25,1085.25,1839.25
AL081942,0.0,0.0,0.0
AL081943,0.0,0.0,0.0
AL081944,723.0,0.5,976.0
AL081945,1423.5,1088.25,563.875
AL081947,15.625,94.5,367.375
AL081948,1054.125,1643.375,498.25
AL081949,74.125,1372.625,1533.25
AL081950,2069.75,90.625,15.875
AL081951,802.0,786.5,595.0
AL081952,529.5,639.0,462.75
AL081953,16.75,335.625,0.0
AL081954,1653.75,0.0,403.25
AL081955,365.875,1059.625,414.125
AL081956,19.6875,0.0,0.0
AL081957,2.625,64.0,0.0
AL081958,405.375,2697.125,1495.0
AL081959,1.375,73.5,0.875
AL081960,0.0,0.375,22.25
AL081961,0.0,0.0,0.0
AL081963,2.375,0.0,0.375
AL081964,349.0,1336.25,1101.0
AL081965,15.75,24.875,1.125
AL081966,996.5,0.0,0.0
AL081968,2741.75,444.0,695.25
AL081969,694.25,1003.75,800.25
AL081970,518.875,903.5,1036.5
AL081971,1058.125,654.75,790.5
AL081972,4.75,11.625,3.5
AL081973,50.75,0.0,0.0
AL081974,0.0,0.0,0.0
AL081975,3.75,1.0,0.0
AL081976,0.0,438.375,736.0
AL081977,582.625,1347.625,691.125
AL081978,0.0,0.0,0.0
AL081979,1455.0,184.25,625.25
AL081980,1056.625,867.5,1.75
AL081981,0.0,0.0,0.0
AL081982,0.0,0.0,0.0
AL081984,12.0,0.0,2.5
AL081985,0.0,0.0,14.75
AL081986,1270.0,845.0,468.0
AL081987,821.375,2038.25,602.875
AL081988,242.5,1304.75,934.0
AL081989,347.5,1799.5,906.5
AL081990,1664.5,1124.125,885.0
AL081991,1.375,0.0,0.75
AL081992,1582.75,833.875,687.0
AL081993,941.875,472.75,974.5
AL081994,0.0,72.0,113.25
AL081995,0.0,0.0,2.0
AL081996,618.75,1129.25,1227.75
AL081997,0.0,0.0,0.0
AL081998,26.5,3.75,1.25
AL081999,918.75,1847.5,1280.0
AL082000,1681.5,1284.75,2753.5
AL082001,0.0,0.0,0.0
AL082002,0.0,0.0,0.0
AL082003,4.25,1392.5,758.25
AL082004,183.25,144.25,99.0
AL082005,4.0,3.0,7.5
AL082006,1.0,624.0,484.25
AL082007,595.125,344.5,441.75
AL082008,267.25,699.5,112.25
AL082009,2416.875,885.5,807.0
AL082010,625.0,891.25,720.25
AL082011,137.0,659.625,572.625
AL082012,0.0,0.25,78.0
AL082013,9.25,387.5,0.0
AL082014,75.0,138.875,1192.0
AL082015,12.0,22.0,0.0
AL082016,167.25,9.25,4.75
AL082017,63.25,0.0,0.75
AL082018,419.5,721.0,688.75
AL082019,1503.0,1297.25,220.25
AL082020,0.0,0.0,0.0
AL082021,6.0,0.0,0.5
AL082022,246.5,32.625,45.5
AL082023,1254.0,746.75,306.25
AL091940,0.75,0.0,0.0
AL091942,1217.875,74.375,125.75
AL091943,2159.625,1689.625,2262.625
AL091944,2770.75,599.75,746.875
AL091945,336.875,934.625,1371.0
AL091947,2282.5,3666.75,3651.125
AL091948,1134.375,93.75,512.125
AL091949,37.875,222.25,258.375
AL091950,0.0,0.0,4.375
AL091951,2283.25,1181.75,634.25
AL091952,2671.75,2945.125,2354.5
AL091953,702.0,2828.0,2273.75
AL091954,16.0,8.75,2.75
AL091955,1381.625,1943.0,699.25
AL091956,10.25,0.625,1.0
AL091958,321.25,691.625,218.625
AL091959,2.875,0.0,4.75
AL091961,1345.0625,2633.875,1288.875
AL091963,0.0,0.4375,10.6875
AL091964,1012.625,1072.125,741.125
AL091965,21.5,91.125,409.5
AL091966,798.625,335.0,316.5
AL091968,89.375,0.0,19.5
AL091969,0.0,62.0,36.25
AL091970,985.875,728.5,877.25
AL091971,703.0,1085.0,1004.625
AL091972,682.875,962.0,870.75
AL091973,819.5,795.5,1099.5
AL091974,0.0,0.0,0.0
AL091975,209.0,700.625,1131.625
AL091976,0.0,172.375,523.375
AL091977,0.0,37.625,880.375
AL091978,0.0,2.125,7.375
AL091979,125.5,335.5,406.75
AL091980,740.375,1278.625,1584.0
AL091981,16.25,6.75,2.75
AL091984,0.0,241.875,12.5
AL091985,719.375,2234.25,1271.25
AL091986,1586.625,10.5,1.25
AL091987,948.25,3.625,2.75
AL091988,1682.0,519.75,1513.75
AL091989,670.25,266.5,339.5
AL091990,1083.75,1466.25,1124.125
AL091991,0.0,4.625,11.75
AL091992,0.25,2.75,1.0
AL091993,0.0,1.25,3.875
AL091994,804.25,1149.625,17.0
AL091995,639.0,1049.25,1320.75
AL091996,334.375,175.125,211.625
AL091997,0.0,0.0,0.25
AL091998,1400.25,489.75,428.75
AL091999,415.0,1105.0,604.25
AL092000,6.375,0.75,7.5
AL092001,1228.75,910.75,887.25
AL092002,0.0,0.0,0.0
AL092003,752.5,556.25,796.0
AL092004,785.25,371.75,222.75
AL092005,1069.75,555.25,575.75
AL092006,249.0,847.25,223.0
AL092007,7.75,0.5,0.25
AL092008,1106.25,803.5,1515.5
AL092009,4.5,0.125,6.0
AL092010,239.25,399.25,240.25
AL092011,742.75,162.0,513.25
AL092012,1694.25,1012.5,1321.25
AL092013,61.0,332.5,740.5
AL092014,0.0,0.0,0.0
AL092015,1937.75,956.25,1043.0
AL092016,6.5,0.25,0.0
AL092017,792.25,828.5,293.0
AL092018,419.5,721.0,688.75
AL092019,0.0,0.0,0.25
AL092020,512.75,1130.5,596.5
AL092021,563.0,1171.25,915.5
AL092022,631.25,353.5,929.5
AL092023,13.25,35.25,9.0
AL092024,1641.75,1681.25,931.5
AL101942,0.0,0.875,26.25
AL101943,215.9375,36.625,0.625
AL101944,4.0,223.25,391.375
AL101945,2558.375,198.125,537.625
AL101947,0.0,40.625,2.25
AL101948,0.0,0.0,0.0
AL101949,1465.625,1900.375,2657.375
AL101950,220.0,152.625,0.0
AL101951,762.25,861.375,1215.875
AL101952,1584.875,1777.0,1089.5
AL101953,1391.75,945.5,1539.25
AL101954,0.5,0.0,89.75
AL101955,1158.5,945.0,651.0
AL101956,1684.0,1587.75,1222.875
AL101958,2.75,385.5,475.0
AL101959,0.125,1.75,0.0
AL101961,0.0,0.0,0.0
AL101963,0.0,0.0,0.0
AL101964,0.0,0.0,0.0
AL101965,0.0,0.0,0.0
AL101966,1008.25,648.625,1338.625
AL101968,1312.5,1198.0,1874.875
AL101970,147.375,0.25,953.5
AL101971,0.0,1.625,2.75
AL101972,25.75,5.5,206.0
AL101973,0.0,7.5,17.25
AL101974,191.875,1392.75,1304.5
AL101975,117.5,346.625,1293.25
AL101976,1904.75,798.5,548.0
AL101977,4.625,15.125,2.0
AL101978,0.0,0.0,0.0
AL101979,562.5,260.25,759.25
AL101980,943.75,775.375,17.625
AL101981,518.5,150.0,282.25
AL101984,0.0,190.25,206.5
AL101985,35.25,59.125,5.5
AL101986,0.0,0.0,0.0
AL101987,478.25,841.375,1327.0
AL101988,462.125,446.125,468.75
AL101989,507.0,482.5,1079.25
AL101990,118.25,396.0,516.75
AL101991,1035.375,2416.75,1456.25
AL101992,3.5,1.75,267.5
AL101993,12.75,21.25,61.0
AL101994,1558.5,1965.75,1404.0
AL101995,639.0,1049.25,1320.75
AL101996,654.5,44.625,0.0
AL101998,283.0,365.0,507.875
AL101999,0.0,4.25,9.75
AL102000,1.0,0.0,0.125
AL102001,0.0,0.0,0.0
AL102002,308.0,604.75,571.25
AL102003,856.0,561.875,1506.0
AL102004,12.75,5.0,2.25
AL102005,555.0,398.5,592.25
AL102006,0.0,0.0,0.0
AL102007,0.0,0.5,0.125
AL102008,967.25,533.5,361.75
AL102009,2626.75,3294.5,2683.25
AL102010,318.0,210.5,42.25
AL102011,998.875,222.25,78.0
AL102012,847.0,353.25,628.25
AL102013,2.25,240.125,999.75
AL102015,381.75,310.75,270.5
AL102016,17.75,92.0,129.25
AL102018,0.0,2.75,1.0
AL102019,1834.5,796.25,560.75
AL102020,293.0,117.5,1130.5
AL102021,781.25,1436.25,1138.5
AL102022,994.125,213.75,582.5
AL102023,0.0,1.25,33.5
AL102024,3.5,63.25,48.5
AL111942,0.375,0.0,0.0
AL111944,2711.5,2849.375,3658.25
AL111945,1971.5,1753.125,2991.5
AL111949,1778.0,771.125,1150.5
AL111950,474.0,75.25,549.625
AL111951,4.5,14.25,7.375
AL111952,0.0,0.0,2.0
AL111953,0.0,0.0,0.0
AL111954,0.0,0.25,3.625
AL111955,748.25,0.0,0.0
AL111956,2.875,93.5,250.125
AL111958,0.0,0.0,0.0
AL111959,39.125,1826.875,1695.875
AL111961,0.0,0.0,0.0
AL111964,109.125,688.625,591.5
AL111966,0.0,304.0,0.0
AL111967,1098.75,1367.875,1511.5
AL111970,498.375,712.75,561.5
AL111971,2.5,0.5,0.0
AL111972,0.0,0.0,0.5
AL111973,4.5,1023.25,1045.5
AL111974,398.75,748.25,279.625
AL111975,0.0,976.25,308.375
AL111976,1474.5,312.5,2284.25
AL111977,629.5,677.625,682.375
AL111978,0.375,3.75,0.0
AL111979,1454.75,555.0,219.25
AL111980,7.25,294.0,316.25
AL111981,472.0,1001.0,837.5
AL111984,0.0,0.0,0.0
AL111985,0.0,1555.125,0.0
AL111987,2468.625,2384.5,1729.5
AL111988,787.625,709.5,599.125
AL111989,571.0,1139.75,1909.25
AL111990,1538.5,1819.0,1598.375
AL111991,33.75,2.875,2.0
AL111994,0.0,0.0,0.0
AL111995,0.0,0.5,0.25
AL111996,0.75,715.625,1787.875
AL111998,44.25,2.0,8.5
AL111999,0.25,0.0,0.0
AL112000,1010.875,0.0,692.5
AL112001,2843.5,1728.625,1624.25
AL112002,159.25,211.75,4.875
AL112003,0.0,0.0,0.0
AL112004,2119.25,1290.5,2060.75
AL112005,0.0,1082.25,1.75
AL112007,2.0,3.25,69.0
AL112008,14.75,0.0,164.75
AL112009,509.375,1013.25,1284.375
AL112010,677.5,332.25,700.25
AL112011,1.0,21.25,6.5
AL112012,0.5,5.5,1.0
AL112013,378.125,0.0,0.0
AL112015,0.5,212.5,267.0
AL112016,51.0,1.125,2.5
AL112017,1801.0,1698.75,1843.5
AL112018,3092.25,1166.0,806.25
AL112019,0.0,0.0,0.25
AL112020,252.75,322.25,248.25
AL112021,2.75,1.0,4.25
AL112022,591.75,536.75,661.75
AL112023,0.0,0.0,96.0
AL112024,1797.375,598.25,1665.125
AL121944,7.875,25.75,25.0
AL121949,0.0,0.0,0.0
AL121950,4.25,0.375,0.375
AL121951,17.8125,14.1875,11.9375
AL121953,0.0,10.625,55.5
AL121954,1455.125,521.25,891.0
AL121955,2.5,0.0,0.0
AL121956,0.0,0.0,0.0
AL121958,0.0,0.0,0.0
AL121959,0.75,5.625,15.875
AL121961,0.0,0.0,0.0
AL121964,928.75,338.375,1253.625
AL121966,0.0,0.0,0.0
AL121967,796.25,1053.25,651.125
AL121968,1.5,86.75,0.125
AL121969,1.75,6.25,0.0
AL121970,1925.125,1439.0,717.125
AL121971,1977.25,877.125,1754.25
AL121972,3.75,7.0,52.25
AL121973,878.0,530.0,1265.75
AL121974,3.25,1.0,0.875
AL121975,7.375,0.125,1.5
AL121976,55.0,29.875,18.5
AL121977,45.75,0.0,0.0
AL121978,1511.375,174.0,520.75
AL121979,0.0,0.0,0.0
AL121980,353.625,521.75,179.5
AL121981,0.0,9.375,333.0
AL121984,738.875,1275.5,881.75
AL121985,0.0,0.0625,0.5
AL121987,528.5,600.375,476.75
AL121988,42.75,0.0,0.125
AL121989,879.75,590.5,386.25
AL121990,2289.375,741.5,928.25
AL121991,5.75,21.0,15.125
AL121994,2246.5,1674.875,1868.375
AL121995,415.5,628.75,2254.0
AL121996,2215.5,1219.125,1989.0
AL121998,1276.875,1509.25,1672.0
AL121999,472.625,1214.75,1470.25
AL122000,586.0,1213.5,1928.75
AL122001,834.0,1651.0,2332.625
AL122002,198.5,8.5,29.5
AL122003,46.0,61.25,1.0
AL122004,919.875,810.125,1406.25
AL122005,0.0,9.75,355.5
AL122007,372.75,938.75,719.75
AL122008,9.875,7.25,40.75
AL122010,235.25,1201.625,546.0
AL122011,204.5,55.0,81.5
AL122012,577.5,360.0,797.75
AL122013,0.0,0.0,0.0
AL122015,0.0,0.0,0.0
AL122016,989.75,849.25,2056.75
AL122017,327.75,405.5,646.75
AL122018,332.0,852.0,314.25
AL122019,711.875,922.75,482.25
AL122020,39.875,9.25,3.75
AL122021,438.0,584.5,967.5
AL122022,2588.375,812.75,1277.75
AL122023,328.0,934.75,620.5
AL122024,2969.375,1241.5,475.0
AL131944,80.75,2387.125,1408.25
AL131949,0.0,0.0,0.0
AL131950,1.5,0.375,0.75
AL131953,0.0,0.0,0.0
AL131954,314.75,65.0,101.25
AL131955,679.5,1871.375,1720.0
AL131959,18.875,345.0,84.0
AL131964,2.5,0.25,0.0
AL131966,3.5,0.625,0.625
AL131967,679.75,428.0,522.375
AL131968,0.5,0.0,0.0
AL131969,900.5,1004.25,1384.5
AL131970,0.0,0.0,0.0
AL131971,505.0,1090.5,821.5
AL131972,0.0,149.5,41.5
AL131973,4.875,12.5,47.375
AL131974,1222.875,1650.75,2156.125
AL131975,744.875,582.75,669.75
AL131976,70.25,169.0,32.125
AL131977,0.625,5.875,0.0
AL131978,726.625,965.25,87.0
AL131979,1349.5,0.0,0.0
AL131980,2426.375,1576.625,2436.0
AL131981,0.0,1.75,0.0
AL131984,48.875,14.25,0.75
AL131985,0.0,0.0,0.0
AL131987,3042.625,2382.25,3226.25
AL131988,0.0,0.0,0.0
AL131989,2240.125,1686.125,2289.5
AL131990,1156.0,2963.375,2383.75
AL131995,629.5,517.625,1167.0
AL131996,2121.1875,298.25,296.25
AL131998,1452.875,1732.875,2520.125
AL131999,589.75,594.0,1249.5
AL132000,614.125,971.75,647.875
AL132001,17.0,4.0,14.875
AL132002,290.875,681.125,496.75
AL132003,441.0,1447.75,504.25
AL132004,1580.0,2343.875,1022.125
AL132005,1658.0,1292.25,1472.25
AL132007,7.0,0.0,0.0
AL132008,0.0,953.25,434.25
AL132010,855.0,2310.5,1747.0
AL132011,0.0,0.0,0.0
AL132012,71.25,0.0,0.0
AL132013,36.875,213.75,41.0
AL132016,870.5,442.0,703.25
AL132017,0.0,2.25,0.0
AL132018,0.0,0.0,0.25
AL132019,728.375,1106.625,942.75
AL132020,868.75,710.75,939.0
AL132021,261.75,33.75,13.25
AL132022,1070.875,1153.25,378.0
AL132023,384.5,745.75,1176.25
AL132024,742.25,542.875,404.125
AL141944,1302.125,1795.25,1049.5
AL141949,0.0,0.0,0.0
AL141950,10.6875,0.0,0.0
AL141953,0.0,0.0,0.0
AL141954,2024.5,2417.625,1976.625
AL141959,5.25,0.0,1.875
AL141966,0.0,37.375,231.375
AL141967,1.0,5.625,5.75
AL141968,2071.75,1629.125,2027.25
AL141970,1130.625,1752.75,1638.75
AL141971,0.0,0.0,0.0
AL141972,6.5,6.0,0.75
AL141973,0.625,4.375,2.625
AL141974,1486.75,2137.5,2141.0
AL141975,22.75,161.125,2211.375
AL141976,27.375,2.25,0.0
AL141977,0.0,0.0,111.0
AL141978,0.0,0.0,0.0
AL141979,673.0,1391.75,581.75
AL141980,575.75,492.125,141.25
AL141981,2083.25,301.25,1209.0
AL141984,1542.0,829.25,365.25
AL141985,0.0,639.0625,909.0
AL141987,0.0,0.0,126.0
AL141988,0.0,0.0,0.0
AL141989,0.0,5.625,643.125
AL141990,101.75,13.75,1.625
AL141995,699.0,1612.0,1776.0
AL141998,3.25,4.0,0.0
AL141999,292.5,947.25,1120.375
AL142000,1961.5,787.75,1045.875
AL142001,28.875,139.125,1429.125
AL142002,1.5,979.5,1789.75
AL142003,981.5,592.25,778.25
AL142004,1.5,0.125,4.5
AL142005,1451.75,285.75,287.25
AL142007,198.875,1840.375,2173.0
AL142008,0.0,1878.5,2571.875
AL142010,676.25,1503.75,1641.75
AL142011,908.5,754.5,319.5
AL142012,1684.25,255.25,794.75
AL142013,0.5,0.0,0.0
AL142016,1350.25,2307.5,2694.125
AL142017,741.75,428.5,1178.75
AL142018,0.75,0.0,23.5
AL142019,2.5,3.0,1.25
AL142020,635.0,691.25,749.375
AL142021,219.75,0.0,3.0
AL142022,0.0,15.375,0.125
AL142023,1507.5,516.75,1427.0
AL142024,13.25,0.0,0.5
AL151949,0.4375,1.875,0.0
AL151950,25.5,27.5,0.1875
AL151954,0.0,25.25,25.0625
AL151966,1618.75,1577.5,2205.25
AL151967,209.625,1424.5,887.25
AL151968,140.875,0.0,0.0
AL151969,1342.875,1491.25,654.75
AL151970,1932.25,2514.625,953.875
AL151971,2.5,0.0,0.0
AL151972,2280.125,2726.75,2651.25
AL151973,0.0,0.0,0.0
AL151974,25.25,33.25,0.75
AL151975,730.0,644.0,647.0
AL151976,1652.25,1331.5,1076.75
AL151977,0.0625,0.0,0.0
AL151978,558.0,856.125,456.75
AL151979,2.5,0.0,661.0
AL151980,0.0,0.0,4.25
AL151981,1139.0,1745.0,2942.25
AL151984,2.25,853.75,897.25
AL151988,891.0,770.5,347.5
AL151989,0.0,130.875,61.625
AL151990,0.0,1.75,16.875
AL151995,258.75,1598.75,766.25
AL151999,762.5,1637.125,1068.8125
AL152000,926.875,2263.75,1866.0
AL152001,293.125,1042.875,1220.375
AL152003,2.5,417.625,345.625
AL152004,0.0,394.625,15.625
AL152005,196.0,412.25,388.75
AL152007,704.5,279.25,61.5
AL152008,1055.375,248.75,1878.5
AL152010,1155.5,269.5,592.25
AL152011,0.0,0.0,0.0
AL152012,2093.625,743.125,213.375
AL152013,15.4375,3.0,3.0
AL152016,0.0,0.25,0.0
AL152017,1693.25,874.25,2040.0
AL152018,607.25,511.25,1057.0
AL152019,816.75,1305.25,1102.25
AL152020,1.0,0.0,2.5
AL152021,22.875,22.25,905.0
AL152022,0.0,0.0,0.0
AL152023,1824.0,1306.75,1144.0
AL152024,0.125,1308.625,2500.375
AL161949,0.0,3.375,1.25
AL161950,470.3125,252.6875,192.5
AL161954,0.0,0.0,0.0
AL161966,1.125,7.3125,5.75
AL161967,841.0,1175.75,667.375
AL161968,0.5,0.375,0.0
AL161969,75.625,0.0,18.375
AL161970,0.25,67.75,264.75
AL161971,323.25,1618.25,2068.0
AL161972,7.625,21.625,58.375
AL161973,14.0,0.0,0.0
AL161974,0.0,347.25,743.5
AL161975,900.0,0.0,69.25
AL161976,0.0,0.0,0.0
AL161978,519.75,1019.875,1532.5
AL161979,1685.0,1679.5,2742.25
AL161980,501.0,94.375,4.1875
AL161981,1327.0,1089.5,252.875
AL161984,0.0,0.0,0.0
AL161988,804.75,788.75,410.0
AL161990,0.0,0.0,0.0
AL161995,742.0,1080.875,1255.5
AL161999,0.0,0.0,0.0
AL162000,0.0,0.5,0.0
AL162001,582.375,1548.875,1324.125
AL162003,1964.75,817.75,642.25
AL162004,0.0,0.0,0.0
AL162005,68.375,0.0,60.5
AL162007,3.75,0.0,0.0
AL162008,568.75,0.0,248.75
AL162010,0.0,0.0,5.25
AL162011,733.0,913.0,181.5
AL162012,18.5,0.0,1.0
AL162016,56.6875,0.6875,305.875
AL162017,1868.25,701.25,1154.5
AL162018,1234.75,1127.625,32.875
AL162019,5.875,21.5,3.25
AL162020,1311.25,1255.75,1121.25
AL162021,397.75,965.0,1150.875
AL162022,3.75,705.375,549.875
AL162023,2.0,0.625,0.0
AL162024,0.0,0.375,0.375
AL171966,0.0,0.0,0.0
AL171967,1280.125,2882.75,2373.625
AL171969,511.125,634.375,501.5
AL171971,11.25,0.125,0.25
AL171972,1608.625,1465.625,1314.125
AL171973,1538.5,1715.9375,1162.4375
AL171974,911.5,1149.0,1495.5
AL171975,0.0,0.75,0.25
AL171976,1565.75,444.25,4.75
AL171978,694.625,580.75,720.625
AL171979,0.875,64.875,27.5
AL171980,1725.5,1015.75,1371.625
AL171981,344.0,928.25,820.75
AL171984,375.75,0.0,0.0
AL171988,6.25,2.0,0.375
AL171995,0.125,0.0,0.0
AL172000,1.75,60.125,4.625
AL172001,15.75,24.875,63.125
AL172003,0.0,0.0,313.0
AL172005,1583.25,1478.5,919.625
AL172007,0.0,0.0,0.0
AL172008,421.125,0.0,0.0
AL172010,0.0,0.0,0.0
AL172011,300.0,680.0,290.75
AL172012,1949.75,2014.5,1510.625
AL172017,90.25,0.625,0.0
AL172019,341.25,0.0,0.0
AL172020,499.75,796.75,704.0
AL172021,207.875,700.25,566.125
AL172022,0.0,0.0,0.0
AL172023,2269.0,1047.75,1011.125
AL172024,31.375,1.125,15.125
AL181967,931.375,929.25,1252.375
AL181970,0.0,0.0,0.0
AL181971,878.25,738.75,1070.75
AL181972,1879.75,1612.875,1460.125
AL181974,0.0,0.0,0.0
AL181975,0.0,0.0,0.0
AL181976,1054.625,777.625,778.375
AL181978,0.0,272.25,941.125
AL181979,7.375,3.25,4.0
AL181980,107.8125,2.875,16.0
AL181981,1502.125,1613.25,1949.0
AL181984,0.0,0.0,215.875
AL181988,512.875,928.75,756.5
AL181995,323.0,242.375,433.625
AL182000,0.0,0.0,0.0
AL182003,0.0,0.0,366.875
AL182005,0.0,0.0,3.5
AL182010,1303.75,218.5,694.625
AL182011,808.625,1334.875,1411.0
AL182012,1334.5,33.25,1336.375
AL182017,0.0,0.0,0.0
AL182019,7.375,31.375,39.25
AL182020,596.75,208.75,237.75
AL182021,897.25,602.375,189.75
AL182023,1774.75,1229.5,2315.0
AL182024,1859.375,1538.25,1986.125
AL191967,0.375,0.0,0.0
AL191969,0.0,0.0,0.0
AL191970,0.875,17.5,218.75
AL191971,659.25,965.25,393.125
AL191972,2.6875,2.5625,2.0
AL191974,0.0,0.0,0.0
AL191975,1.0625,0.0,3.4375
AL191976,1384.375,1561.0,1652.0
AL191978,1.875,20.625,0.75
AL191979,1345.25,1282.875,1578.625
AL191981,277.0,202.5,235.0
AL191984,0.0,0.375,7.0
AL191988,42.25,1165.875,2148.5
AL191995,1804.625,2967.5,2002.875
AL192000,0.0,0.0,0.0
AL192003,775.0,583.75,469.125
AL192005,2003.625,818.125,756.875
AL192010,162.0,1468.25,1244.625
AL192011,6.0,29.75,15.75
AL192012,4.5,0.0,0.0
AL192017,0.0,0.0,0.0
AL192019,266.375,43.0,15.25
AL192020,0.0,0.0,0.0
AL192021,10.875,0.25,0.25
AL192023,363.625,368.25,445.125
AL192024,0.0,0.0,0.0
AL201969,600.75,6.125,2979.625
AL201970,0.0,0.0,0.0
AL201971,0.0,0.0,1925.25
AL201974,0.0,0.0,0.0
AL201975,2423.9375,1973.0625,1966.5
AL201976,0.0,0.0,0.0
AL201978,0.0,0.0,1274.375
AL201979,0.0,17.3125,0.25
AL201981,0.0,0.0,0.0
AL201984,52.125,538.625,218.25
AL201995,3.0,1927.875,1889.0625
AL202003,0.0,0.0,0.0
AL202005,255.25,478.5,309.375
AL202010,0.0,0.0,0.0
AL202011,133.25,0.0,1.0
AL202019,2.3125,1.625,0.0
AL202020,426.25,436.75,201.5
AL202021,242.625,150.625,289.125
AL202023,1902.5,3216.5,2190.125
AL211967,387.75,236.125,1978.0
AL211969,6.625,11.0,14.875
AL211970,11.75,0.0,15.625
AL211971,0.0,0.0,0.0
AL211975,0.0,0.0,0.0
AL211976,6.875,0.0,0.0
AL211978,11.5,91.0,38.375
AL211981,0.0,1.375,0.625
AL211995,0.0,0.0,0.0
AL212003,0.0,26.125,0.375
AL212005,21.375,3.375,0.0
AL212010,382.0,652.75,693.125
AL212020,301.0,1233.5,2250.5
AL212021,9.875,6.0,27.75
AL212023,1377.75,460.375,1721.625
AL221969,2.625,0.125,1.875
AL221970,237.375,0.0,120.25
AL221971,1967.875,1726.5,1548.0
AL221975,0.0,0.0,0.75
AL221978,298.5,487.125,287.0
AL221981,30.125,45.3125,24.3125
AL222005,3.625,15.75,7.5
AL222020,0.0,0.5,0.0
AL231967,203.25,405.625,1200.625
AL231969,0.0,0.0,0.0
AL231970,50.625,2.875,30.9375
AL231975,1.4375,2.875,7.5625
AL231978,0.0,21.5,19.5
AL232005,16.75,0.0,0.0
AL232020,562.75,484.25,353.0
AL241967,541.5,290.75,1426.25
AL241969,0.0,0.0,0.0
AL241978,3.25,0.625,3.375
AL242005,632.625,0.625,5.5
AL242020,32.0,1.0,4.75
AL251967,0.0,0.0,0.0
AL251969,0.0,0.0,0.0
AL252005,0.0,18.875,637.5
AL252020,3.0,0.75,46.75
AL261969,0.0,135.5,118.875
AL262005,0.125,1697.375,12.25
AL262020,993.0,3.0,71.75
AL271967,0.125,0.75,2.0
AL271969,56.125,2.75,112.125
AL272005,2410.875,1427.5625,1019.0
AL272020,7.625,0.125,32.875
AL281967,781.625,880.5,1145.0
AL281969,90.0,0.0,0.0
AL282005,0.0,397.25,131.0625
AL282020,0.0,0.0,0.0
AL291969,1269.75,353.875,1182.625
AL292005,0.0,313.125,31.875
AL292020,0.0,0.0,0.0
AL301969,0.0,0.0,0.0
AL302005,110.625,13.375,7.6875
AL302020,0.75,17.625,9.625
AL312005,0.0,0.0,0.0625
AL312020,0.0,0.0,0.0
