code,formation_datetime,formation_lat,formation_lon
AL011851,1851-06-25 00:00:00,28.0,265.2
AL011852,1852-08-19 00:00:00,20.5,292.9
AL011853,1853-08-05 12:00:00,32.5,291.0
AL011854,1854-06-25 00:00:00,26.0,267.5
AL011855,1855-08-06 12:00:00,22.2,262.0
AL011856,1856-08-09 00:00:00,25.0,276.1
AL011857,1857-06-30 00:00:00,34.0,285.5
AL011858,1858-06-12 12:00:00,19.0,274.5
AL011859,1859-07-01 12:00:00,21.5,262.5
AL011860,1860-08-08 00:00:00,27.9,275.9
AL011861,1861-07-06 00:00:00,15.1,301.5
AL011862,1862-06-15 00:00:00,32.0,284.4
AL011863,1863-08-08 00:00:00,37.7,309.2
AL011864,1864-07-16 00:00:00,30.8,284.0
AL011865,1865-05-30 00:00:00,13.0,280.0
AL011866,1866-07-11 12:00:00,28.0,272.7
AL011867,1867-06-21 12:00:00,29.5,280.0
AL011868,1868-09-03 00:00:00,27.4,291.0
AL011869,1869-08-12 00:00:00,40.5,312.5
AL011870,1870-07-30 18:00:00,30.5,272.0
AL011871,1871-06-01 00:00:00,24.1,279.0
AL011872,1872-07-09 00:00:00,23.5,268.0
AL011873,1873-06-01 06:00:00,24.2,281.2
AL011874,1874-07-02 00:00:00,25.8,274.9
AL011875,1875-08-16 00:00:00,29.5,285.5
AL011876,1876-09-09 00:00:00,39.0,299.2
AL011877,1877-08-01 00:00:00,23.1,287.9
AL011878,1878-07-01 00:00:00,25.4,272.7
AL011879,1879-08-09 00:00:00,31.5,283.0
AL011880,1880-06-21 00:00:00,26.7,273.5
AL011881,1881-08-01 00:00:00,23.0,274.5
AL011882,1882-08-24 06:00:00,37.5,308.0
AL011883,1883-08-18 00:00:00,19.2,311.5
AL011884,1884-09-01 00:00:00,38.5,297.5
AL011885,1885-08-07 00:00:00,24.1,301.9
AL011886,1886-06-13 06:00:00,23.2,264.3
AL011887,1887-05-15 00:00:00,29.3,296.2
AL011888,1888-06-16 00:00:00,27.5,266.8
AL011889,1889-05-16 06:00:00,21.5,295.9
AL011890,1890-05-27 12:00:00,20.5,277.0
AL011891,1891-07-03 06:00:00,21.7,267.0
AL011892,1892-06-09 00:00:00,20.8,276.9
AL011893,1893-06-12 06:00:00,20.5,264.8
AL011894,1894-06-06 00:00:00,19.0,282.6
AL011895,1895-08-14 06:00:00,27.2,268.7
AL011896,1896-07-04 12:00:00,20.9,278.9
AL011897,1897-08-31 06:00:00,14.0,336.0
AL011898,1898-08-02 00:00:00,26.8,280.8
AL011899,1899-06-26 12:00:00,27.5,267.0
AL011900,1900-08-27 00:00:00,15.0,317.9
AL011901,1901-06-11 00:00:00,19.3,277.7
AL011902,1902-06-12 12:00:00,17.7,276.0
AL011903,1903-07-21 00:00:00,20.0,292.2
AL011904,1904-06-10 12:00:00,13.0,279.5
AL011905,1905-09-06 12:00:00,11.6,301.5
AL011906,1906-06-08 12:00:00,19.4,276.4
AL011907,1907-06-24 12:00:00,16.0,282.0
AL011908,1908-03-06 12:00:00,23.8,299.8
AL011909,1909-06-15 00:00:00,10.6,277.5
AL011910,1910-08-23 06:00:00,15.0,298.0
AL011911,1911-08-04 12:00:00,31.0,274.0
AL011912,1912-06-07 12:00:00,28.0,272.0
AL011913,1913-06-21 06:00:00,11.0,280.0
AL011914,1914-09-15 00:00:00,25.2,283.6
AL011915,1915-07-31 06:00:00,27.4,283.5
AL011916,1916-05-13 12:00:00,21.0,280.0
AL011917,1917-07-06 12:00:00,12.0,301.0
AL011918,1918-08-01 00:00:00,12.6,301.5
AL011919,1919-07-02 06:00:00,24.6,275.7
AL011920,1920-09-07 00:00:00,11.1,323.4
AL011921,1921-06-16 00:00:00,16.5,277.6
AL011922,1922-06-12 12:00:00,15.5,277.7
AL011923,1923-06-22 12:00:00,20.0,265.0
AL011924,1924-06-18 00:00:00,17.6,274.8
AL011925,1925-08-18 00:00:00,29.0,284.5
AL011926,1926-07-22 06:00:00,12.8,303.5
AL011927,1927-08-18 12:00:00,14.0,320.0
AL011928,1928-08-03 00:00:00,18.8,296.4
AL011929,1929-06-27 00:00:00,21.3,266.7
AL011930,1930-08-21 18:00:00,20.6,305.5
AL011931,1931-06-24 12:00:00,18.0,273.0
AL011932,1932-05-05 12:00:00,14.7,285.0
AL011933,1933-05-14 12:00:00,13.3,278.0
AL011934,1934-06-04 12:00:00,17.0,273.0
AL011935,1935-05-15 00:00:00,17.0,291.5
AL011936,1936-06-12 00:00:00,18.1,272.7
AL011937,1937-07-29 00:00:00,26.5,274.3
AL011938,1938-01-01 12:00:00,32.3,319.4
AL011939,1939-06-12 06:00:00,17.6,272.2
AL011940,1940-05-19 12:00:00,22.0,289.0
AL011941,1941-09-11 00:00:00,27.1,273.3
AL011942,1942-08-03 00:00:00,16.2,274.8
AL011943,1943-07-25 18:00:00,28.0,272.3
AL011944,1944-07-13 06:00:00,19.6,291.4
AL011945,1945-06-20 12:00:00,19.0,274.3
AL011946,1946-06-13 12:00:00,27.5,273.5
AL011947,1947-07-31 06:00:00,19.5,266.4
AL011948,1948-05-22 06:00:00,17.1,286.8
AL011949,1949-08-21 00:00:00,21.2,298.5
AL011950,1950-08-12 00:00:00,17.1,304.5
AL011951,1951-01-02 12:00:00,30.5,302.0
AL011952,1952-02-02 06:00:00,18.5,272.8
AL011953,1953-05-25 18:00:00,14.4,278.2
AL011954,1954-05-28 12:00:00,30.7,280.0
AL011955,1955-07-31 06:00:00,27.5,272.5
AL011956,1956-06-12 00:00:00,20.0,268.5
AL011957,1957-06-08 06:00:00,25.0,270.8
AL011958,1958-06-14 06:00:00,21.1,265.5
AL011959,1959-05-28 06:00:00,23.3,273.5
AL011960,1960-06-22 06:00:00,19.2,266.8
AL011961,1961-07-17 18:00:00,10.5,314.0
AL011962,1962-08-26 12:00:00,25.7,280.3
AL011963,1963-07-31 18:00:00,11.0,320.6
AL011964,1964-06-03 12:00:00,18.5,273.9
AL011965,1965-06-13 18:00:00,23.1,269.0
AL011966,1966-06-05 00:00:00,16.0,275.3
AL011967,1967-06-10 12:00:00,17.0,275.0
AL011968,1968-06-01 06:00:00,17.0,274.5
AL011970,1970-05-17 18:00:00,11.5,281.0
AL011971,1971-07-04 12:00:00,33.5,284.5
AL011972,1972-05-23 18:00:00,31.2,281.8
AL011973,1973-04-18 12:00:00,24.0,295.0
AL011974,1974-06-22 12:00:00,19.0,265.0
AL011975,1975-06-24 12:00:00,32.5,308.0
AL011976,1976-05-21 12:00:00,24.0,271.0
AL011977,1977-06-13 12:00:00,25.0,265.5
AL011978,1978-01-18 12:00:00,22.0,316.0
AL011979,1979-06-11 12:00:00,17.4,278.9
AL011980,1980-07-17 00:00:00,30.5,283.5
AL011981,1981-04-06 12:00:00,21.0,298.5
AL011982,1982-06-02 12:00:00,21.7,272.9
AL011983,1983-07-23 12:00:00,10.0,322.0
AL011984,1984-06-11 12:00:00,28.0,284.5
AL011985,1985-07-15 18:00:00,29.4,295.8
AL011986,1986-06-05 00:00:00,26.2,284.2
AL011987,1987-05-24 12:00:00,21.2,291.5
AL011988,1988-08-05 18:00:00,32.0,282.5
AL011989,1989-06-15 18:00:00,20.7,265.7
AL011990,1990-05-24 18:00:00,18.8,276.0
AL011991,1991-06-29 12:00:00,25.9,282.0
AL011992,1992-04-21 12:00:00,24.0,301.0
AL011993,1993-05-31 12:00:00,21.5,276.0
AL011994,1994-06-30 06:00:00,21.7,276.4
AL011995,1995-06-03 00:00:00,17.4,275.7
AL011996,1996-06-17 18:00:00,26.8,282.2
AL011997,1997-05-31 18:00:00,28.5,282.6
AL011998,1998-07-27 12:00:00,11.3,334.6
AL011999,1999-06-11 18:00:00,27.1,301.9
AL012000,2000-06-07 18:00:00,21.0,267.0
AL012001,2001-06-05 12:00:00,27.5,265.0
AL012002,2002-07-14 18:00:00,34.3,283.2
AL012003,2003-04-18 00:00:00,29.1,293.8
AL012004,2004-07-31 18:00:00,30.3,281.7
AL012005,2005-06-08 18:00:00,16.9,276.0
AL012006,2006-06-10 06:00:00,20.0,275.0
AL012007,2007-05-06 12:00:00,35.5,286.0
AL012008,2008-05-31 00:00:00,17.5,272.5
AL012009,2009-05-26 18:00:00,30.6,284.6
AL012010,2010-06-24 18:00:00,15.9,278.0
AL012011,2011-06-28 06:00:00,19.9,267.2
AL012012,2012-05-19 00:00:00,33.1,283.0
AL012013,2013-06-05 18:00:00,25.1,273.4
AL012014,2014-06-28 18:00:00,32.0,281.8
AL012015,2015-05-06 06:00:00,26.8,280.8
AL012016,2016-01-07 00:00:00,26.6,284.7
AL012017,2017-04-16 06:00:00,35.8,309.7
AL012018,2018-05-25 12:00:00,18.8,272.9
AL012019,2019-05-20 18:00:00,28.1,291.4
AL012020,2020-05-16 18:00:00,28.0,281.3
AL012021,2021-05-20 00:00:00,30.3,304.5
AL012022,2022-06-02 18:00:00,21.3,272.5
AL012023,2023-01-15 00:00:00,36.4,288.7
AL012024,2024-06-17 18:00:00,19.9,267.3
AL021851,1851-07-05 12:00:00,22.2,262.4
AL021852,1852-09-05 00:00:00,17.0,295.9
AL021853,1853-08-10 12:00:00,12.0,300.0
AL021854,1854-08-23 12:00:00,33.0,305.0
AL021855,1855-08-10 00:00:00,44.0,318.0
AL021856,1856-08-13 00:00:00,12.1,303.9
AL021857,1857-09-06 18:00:00,26.5,287.0
AL021858,1858-08-05 12:00:00,45.0,320.0
AL021859,1859-08-17 00:00:00,38.5,293.0
AL021860,1860-08-24 00:00:00,28.2,282.9
AL021861,1861-08-13 12:00:00,20.5,290.0
AL021862,1862-08-18 00:00:00,28.8,288.5
AL021863,1863-08-18 00:00:00,39.4,301.5
AL021864,1864-07-25 12:00:00,24.0,271.0
AL021865,1865-06-30 12:00:00,26.0,262.5
AL021866,1866-08-13 00:00:00,14.7,297.4
AL021867,1867-07-28 00:00:00,18.5,303.4
AL021868,1868-10-01 00:00:00,25.2,265.4
AL021869,1869-08-16 00:00:00,27.0,268.4
AL021870,1870-08-30 00:00:00,21.7,300.5
AL021871,1871-06-08 00:00:00,23.4,269.6
AL021872,1872-08-20 00:00:00,14.3,330.3
AL021873,1873-08-13 00:00:00,13.9,335.0
AL021874,1874-08-03 00:00:00,24.7,306.4
AL021875,1875-09-01 00:00:00,10.5,324.0
AL021876,1876-09-12 00:00:00,17.7,301.5
AL021877,1877-09-14 00:00:00,21.5,268.0
AL021878,1878-08-08 00:00:00,15.0,299.5
AL021879,1879-08-13 00:00:00,19.0,302.0
AL021880,1880-08-04 00:00:00,16.0,300.2
AL021881,1881-08-11 12:00:00,25.6,271.3
AL021882,1882-09-02 00:00:00,19.5,292.5
AL021883,1883-08-24 00:00:00,22.7,301.5
AL021884,1884-09-03 00:00:00,11.0,318.5
AL021885,1885-08-21 00:00:00,21.2,293.0
AL021886,1886-06-17 00:00:00,19.1,275.2
AL021887,1887-05-17 00:00:00,15.6,283.1
AL021888,1888-07-04 12:00:00,26.0,265.6
AL021889,1889-06-15 00:00:00,19.8,276.3
AL021890,1890-08-18 12:00:00,14.0,298.0
AL021891,1891-08-17 06:00:00,13.3,335.6
AL021892,1892-08-15 00:00:00,18.0,305.5
AL021893,1893-07-04 12:00:00,11.1,280.8
AL021894,1894-08-05 06:00:00,26.4,270.7
AL021895,1895-08-22 00:00:00,13.4,301.7
AL021896,1896-08-30 06:00:00,14.0,300.4
AL021897,1897-09-10 06:00:00,23.7,280.0
AL021898,1898-08-30 06:00:00,29.3,280.9
AL021899,1899-07-28 12:00:00,17.0,290.5
AL021900,1900-09-07 00:00:00,14.5,332.0
AL021901,1901-07-01 12:00:00,9.0,306.0
AL021902,1902-06-21 00:00:00,17.2,267.9
AL021903,1903-08-06 06:00:00,11.8,317.7
AL021904,1904-09-08 00:00:00,16.2,306.0
AL021905,1905-09-11 12:00:00,19.5,309.0
AL021906,1906-06-14 06:00:00,22.9,283.6
AL021907,1907-09-18 12:00:00,25.0,281.0
AL021908,1908-05-24 12:00:00,21.0,288.3
AL021909,1909-06-25 12:00:00,25.0,276.0
AL021910,1910-08-26 12:00:00,26.7,268.3
AL021911,1911-08-08 12:00:00,25.5,277.5
AL021912,1912-07-12 12:00:00,25.0,286.0
AL021913,1913-08-14 12:00:00,32.0,292.0
AL021915,1915-08-05 12:00:00,14.0,334.0
AL021916,1916-06-28 12:00:00,12.5,280.5
AL021917,1917-08-06 00:00:00,32.0,292.5
AL021918,1918-08-22 06:00:00,12.0,302.5
AL021919,1919-09-02 12:00:00,16.0,299.0
AL021920,1920-09-16 06:00:00,11.7,283.5
AL021921,1921-09-04 12:00:00,21.0,265.0
AL021922,1922-09-13 00:00:00,10.4,313.2
AL021923,1923-09-01 00:00:00,29.4,287.0
AL021924,1924-07-28 06:00:00,28.5,281.5
AL021925,1925-08-25 12:00:00,30.0,282.0
AL021926,1926-07-29 12:00:00,16.0,314.0
AL021927,1927-09-02 06:00:00,16.7,340.0
AL021928,1928-08-07 12:00:00,11.5,299.7
AL021929,1929-09-19 00:00:00,23.0,296.4
AL021930,1930-08-29 00:00:00,12.8,316.5
AL021931,1931-07-11 06:00:00,15.7,277.7
AL021932,1932-08-12 00:00:00,22.0,269.7
AL021933,1933-06-24 12:00:00,9.0,317.5
AL021934,1934-07-12 00:00:00,30.7,280.6
AL021935,1935-08-16 06:00:00,10.9,304.0
AL021936,1936-06-19 06:00:00,22.3,269.6
AL021937,1937-08-02 18:00:00,22.8,284.5
AL021938,1938-08-08 06:00:00,17.5,297.7
AL021939,1939-08-07 18:00:00,19.3,296.1
AL021940,1940-08-03 12:00:00,28.5,276.9
AL021941,1941-09-17 12:00:00,23.7,272.0
AL021942,1942-08-17 12:00:00,19.0,274.5
AL021943,1943-08-13 12:00:00,17.1,299.5
AL021944,1944-07-24 06:00:00,13.4,303.4
AL021945,1945-07-19 06:00:00,25.7,270.0
AL021946,1946-07-05 06:00:00,31.4,280.7
AL021947,1947-08-09 06:00:00,12.7,284.5
AL021948,1948-07-07 18:00:00,27.5,270.6
AL021949,1949-08-23 06:00:00,18.0,300.0
AL021950,1950-08-18 12:00:00,12.0,306.0
AL021951,1951-05-16 00:00:00,32.0,292.0
AL021952,1952-08-18 06:00:00,14.6,341.0
AL021953,1953-07-11 18:00:00,26.1,278.7
AL021954,1954-06-18 00:00:00,25.8,279.2
AL021955,1955-08-03 06:00:00,15.3,320.0
AL021956,1956-07-25 18:00:00,20.8,267.5
AL021957,1957-06-24 12:00:00,21.0,267.0
AL021958,1958-08-08 12:00:00,16.5,339.5
AL021959,1959-06-15 18:00:00,21.1,265.3
AL021960,1960-07-09 12:00:00,12.0,304.2
AL021961,1961-09-02 06:00:00,13.3,318.4
AL021962,1962-08-27 06:00:00,16.0,342.0
AL021963,1963-08-20 00:00:00,11.2,312.6
AL021964,1964-07-28 06:00:00,19.1,314.0
AL021965,1965-08-21 06:00:00,32.4,307.7
AL021966,1966-06-30 00:00:00,29.0,296.0
AL021968,1968-06-18 00:00:00,25.0,278.7
AL021970,1970-07-19 00:00:00,18.5,276.5
AL021971,1971-07-07 12:00:00,29.0,268.0
AL021972,1972-06-14 12:00:00,20.0,271.0
AL021973,1973-05-02 12:00:00,25.0,297.5
AL021974,1974-06-24 18:00:00,24.0,272.0
AL021975,1975-06-27 00:00:00,27.5,281.0
AL021976,1976-06-07 06:00:00,26.8,281.0
AL021977,1977-07-18 06:00:00,25.8,273.2
AL021978,1978-06-21 12:00:00,25.2,273.5
AL021979,1979-06-19 12:00:00,10.0,315.0
AL021980,1980-07-17 12:00:00,25.0,270.0
AL021981,1981-04-19 12:00:00,11.0,281.0
AL021982,1982-06-18 00:00:00,25.8,273.6
AL021983,1983-07-27 12:00:00,12.0,333.0
AL021984,1984-06-18 12:00:00,20.5,266.0
AL021985,1985-07-21 06:00:00,26.0,275.0
AL021986,1986-06-23 18:00:00,25.6,272.8
AL021987,1987-08-08 00:00:00,34.3,282.5
AL021988,1988-08-08 00:00:00,30.4,269.7
AL021989,1989-06-24 18:00:00,27.0,264.0
AL021990,1990-07-22 06:00:00,8.8,318.1
AL021991,1991-07-05 18:00:00,23.4,263.8
AL021992,1992-06-25 12:00:00,24.5,274.5
AL021993,1993-06-18 00:00:00,20.5,268.1
AL021994,1994-07-20 06:00:00,32.2,281.1
AL021995,1995-07-05 06:00:00,32.0,288.0
AL021996,1996-07-05 00:00:00,9.8,326.0
AL021997,1997-06-30 12:00:00,32.0,282.8
AL021998,1998-08-19 12:00:00,14.7,311.9
AL021999,1999-07-02 18:00:00,20.2,265.0
AL022000,2000-06-23 00:00:00,9.5,340.2
AL022001,2001-07-11 18:00:00,10.9,317.9
AL022002,2002-08-04 18:00:00,29.0,271.5
AL022003,2003-06-11 00:00:00,9.5,319.2
AL022004,2004-08-03 12:00:00,12.9,306.4
AL022005,2005-06-28 18:00:00,19.7,264.6
AL022006,2006-07-16 12:00:00,37.2,291.3
AL022007,2007-05-31 00:00:00,18.1,273.0
AL022008,2008-07-03 06:00:00,12.7,337.1
AL022009,2009-08-10 06:00:00,14.3,336.0
AL022010,2010-07-07 06:00:00,21.5,268.9
AL022011,2011-07-16 06:00:00,30.7,280.3
AL022012,2012-05-25 12:00:00,30.1,283.9
AL022013,2013-06-16 00:00:00,12.4,278.5
AL022014,2014-07-19 12:00:00,9.0,331.0
AL022015,2015-06-16 00:00:00,27.0,265.7
AL022016,2016-05-27 06:00:00,27.2,287.9
AL022017,2017-06-18 18:00:00,7.5,310.4
AL022018,2018-07-04 12:00:00,10.0,325.1
AL022019,2019-07-10 12:00:00,28.5,273.5
AL022020,2020-05-27 06:00:00,31.5,281.2
AL022021,2021-06-13 18:00:00,31.9,281.9
AL022022,2022-06-27 18:00:00,8.3,309.5
AL022023,2023-05-31 18:00:00,26.4,274.1
AL022024,2024-06-28 12:00:00,8.9,320.4
AL031851,1851-07-10 12:00:00,12.0,300.0
AL031852,1852-09-09 00:00:00,26.4,269.6
AL031853,1853-08-30 00:00:00,12.1,336.8
AL031854,1854-09-07 00:00:00,26.4,283.4
AL031855,1855-08-11 12:00:00,12.5,277.0
AL031856,1856-08-19 00:00:00,32.5,284.5
AL031857,1857-09-22 00:00:00,32.5,286.5
AL031858,1858-09-14 00:00:00,25.2,275.4
AL031859,1859-09-02 00:00:00,17.3,300.3
AL031860,1860-09-11 12:00:00,40.0,309.5
AL031861,1861-08-25 00:00:00,34.4,298.0
AL031862,1862-09-12 00:00:00,22.2,304.0
AL031863,1863-08-19 00:00:00,26.5,293.4
AL031864,1864-08-26 00:00:00,14.8,305.5
AL031865,1865-08-20 00:00:00,30.3,281.7
AL031866,1866-09-04 00:00:00,33.0,291.9
AL031867,1867-08-02 12:00:00,14.0,283.0
AL031868,1868-10-05 00:00:00,17.0,279.4
AL031869,1869-08-27 00:00:00,32.7,313.3
AL031870,1870-09-01 00:00:00,16.0,332.4
AL031871,1871-08-14 00:00:00,26.5,287.6
AL031872,1872-09-09 00:00:00,12.5,300.6
AL031873,1873-09-18 00:00:00,22.7,270.1
AL031874,1874-08-29 00:00:00,13.6,325.5
AL031875,1875-09-08 00:00:00,13.9,304.7
AL031876,1876-09-16 00:00:00,19.0,302.2
AL031877,1877-09-16 00:00:00,25.5,309.5
AL031878,1878-08-19 00:00:00,35.5,299.5
AL031879,1879-08-19 00:00:00,16.7,278.9
AL031880,1880-08-15 00:00:00,14.1,301.2
AL031881,1881-08-11 00:00:00,16.0,329.0
AL031882,1882-09-14 00:00:00,26.5,268.5
AL031883,1883-09-04 00:00:00,14.0,302.1
AL031884,1884-09-10 00:00:00,28.7,280.9
AL031885,1885-08-29 00:00:00,25.0,266.6
AL031886,1886-06-27 12:00:00,18.3,280.3
AL031887,1887-06-11 12:00:00,20.5,276.0
AL031888,1888-08-14 12:00:00,23.0,289.0
AL031889,1889-08-19 06:00:00,16.8,290.8
AL031890,1890-08-26 12:00:00,16.6,305.7
AL031891,1891-08-18 12:00:00,13.3,302.0
AL031892,1892-09-03 06:00:00,11.5,327.0
AL031893,1893-08-13 12:00:00,9.6,309.5
AL031894,1894-08-30 00:00:00,13.2,325.2
AL031895,1895-09-28 00:00:00,19.3,274.0
AL031896,1896-09-18 00:00:00,17.1,304.9
AL031897,1897-09-20 12:00:00,24.3,276.2
AL031898,1898-09-03 06:00:00,40.8,317.9
AL031899,1899-08-03 00:00:00,11.7,329.0
AL031900,1900-09-08 12:00:00,10.0,341.5
AL031901,1901-07-04 00:00:00,9.5,304.5
AL031902,1902-09-16 06:00:00,7.7,329.2
AL031903,1903-09-09 06:00:00,21.4,287.6
AL031904,1904-09-28 00:00:00,12.0,280.0
AL031905,1905-09-24 06:00:00,17.7,276.0
AL031906,1906-08-22 06:00:00,28.7,306.9
AL031907,1907-09-27 06:00:00,22.3,265.9
AL031908,1908-07-24 12:00:00,27.5,285.0
AL031909,1909-06-26 12:00:00,21.0,288.0
AL031910,1910-09-05 06:00:00,17.0,301.7
AL031911,1911-08-23 06:00:00,25.2,294.5
AL031912,1912-09-02 00:00:00,38.2,287.5
AL031913,1913-08-26 12:00:00,12.5,339.0
AL031915,1915-08-27 12:00:00,18.0,315.5
AL031916,1916-07-10 06:00:00,11.5,307.9
AL031917,1917-08-30 06:00:00,15.5,315.5
AL031918,1918-08-23 06:00:00,27.7,286.7
AL031919,1919-09-02 00:00:00,33.0,287.3
AL031920,1920-09-19 06:00:00,30.4,283.2
AL031921,1921-09-06 00:00:00,10.0,320.0
AL031922,1922-09-18 00:00:00,28.8,280.6
AL031923,1923-09-07 00:00:00,11.7,340.6
AL031924,1924-08-16 06:00:00,10.5,305.4
AL031925,1925-09-06 00:00:00,22.0,266.8
AL031926,1926-08-20 12:00:00,12.5,284.5
AL031927,1927-09-22 12:00:00,10.3,324.0
AL031928,1928-09-01 18:00:00,17.2,287.2
AL031929,1929-09-25 00:00:00,32.0,293.5
AL031930,1930-10-18 12:00:00,20.0,264.5
AL031931,1931-08-10 18:00:00,13.5,299.0
AL031932,1932-08-26 18:00:00,20.5,290.8
AL031933,1933-07-14 00:00:00,14.9,300.0
AL031934,1934-07-22 06:00:00,32.1,280.6
AL031935,1935-08-29 06:00:00,23.3,291.2
AL031936,1936-06-26 18:00:00,26.2,264.5
AL031937,1937-08-24 12:00:00,17.5,299.0
AL031938,1938-08-10 00:00:00,11.2,301.4
AL031939,1939-08-15 00:00:00,31.4,298.0
AL031940,1940-08-05 18:00:00,18.9,295.2
AL031941,1941-09-18 00:00:00,26.8,281.3
AL031942,1942-08-23 12:00:00,14.8,286.0
AL031943,1943-08-19 06:00:00,13.5,304.5
AL031944,1944-07-30 12:00:00,21.5,291.0
AL031945,1945-08-02 00:00:00,13.6,301.7
AL031946,1946-08-25 00:00:00,21.0,266.0
AL031947,1947-08-18 18:00:00,23.3,278.0
AL031948,1948-08-26 00:00:00,20.4,299.4
AL031949,1949-08-30 18:00:00,11.9,304.2
AL031950,1950-08-21 12:00:00,11.1,333.6
AL031951,1951-08-02 06:00:00,20.9,307.1
AL031952,1952-08-27 18:00:00,32.2,282.4
AL031953,1953-08-11 06:00:00,22.8,285.6
AL031954,1954-06-24 12:00:00,22.2,266.3
AL031955,1955-08-07 06:00:00,15.7,318.8
AL031956,1956-08-09 06:00:00,13.5,312.8
AL031957,1957-08-08 00:00:00,27.0,272.6
AL031958,1958-08-11 06:00:00,12.0,339.5
AL031959,1959-06-18 00:00:00,26.3,273.7
AL031960,1960-07-27 18:00:00,27.7,274.9
AL031961,1961-09-03 12:00:00,12.5,283.0
AL031962,1962-09-12 00:00:00,15.9,314.1
AL031963,1963-09-09 12:00:00,25.5,292.5
AL031964,1964-08-05 18:00:00,27.3,272.3
AL031965,1965-08-27 00:00:00,11.0,309.5
AL031966,1966-07-13 00:00:00,17.0,302.5
AL031967,1967-06-15 18:00:00,29.0,286.0
AL031968,1968-06-22 06:00:00,20.0,265.0
AL031969,1969-06-08 00:00:00,19.0,277.6
AL031970,1970-07-28 18:00:00,34.2,285.2
AL031971,1971-07-10 12:00:00,27.0,263.0
AL031972,1972-06-19 00:00:00,27.5,291.0
AL031973,1973-06-24 12:00:00,30.0,280.5
AL031974,1974-06-30 12:00:00,18.0,339.0
AL031975,1975-07-04 12:00:00,30.0,287.0
AL031976,1976-06-11 12:00:00,26.5,279.0
AL031977,1977-07-25 12:00:00,25.5,276.0
AL031978,1978-07-10 12:00:00,15.5,332.5
AL031979,1979-07-08 12:00:00,20.4,290.0
AL031980,1980-07-22 00:00:00,23.2,286.5
AL031981,1981-05-06 18:00:00,18.4,276.4
AL031982,1982-08-28 12:00:00,13.7,337.8
AL031983,1983-08-15 12:00:00,27.3,269.5
AL031984,1984-07-24 06:00:00,11.8,312.2
AL031985,1985-08-09 18:00:00,31.5,279.5
AL031986,1986-07-23 12:00:00,24.0,305.1
AL031987,1987-08-09 12:00:00,26.3,266.4
AL031988,1988-08-21 12:00:00,14.9,316.7
AL031989,1989-07-09 18:00:00,12.8,322.2
AL031990,1990-07-24 12:00:00,34.0,285.0
AL031991,1991-08-16 00:00:00,25.6,285.7
AL031992,1992-07-24 18:00:00,28.6,297.9
AL031993,1993-08-04 12:00:00,10.4,319.7
AL031994,1994-08-14 12:00:00,28.7,272.8
AL031995,1995-07-12 00:00:00,17.1,305.1
AL031996,1996-07-24 18:00:00,11.8,297.4
AL031997,1997-07-11 06:00:00,30.4,290.1
AL031998,1998-08-21 06:00:00,25.3,267.7
AL031999,1999-08-18 18:00:00,19.5,265.6
AL032000,2000-08-03 18:00:00,10.8,342.0
AL032001,2001-08-02 12:00:00,25.7,275.2
AL032002,2002-08-05 18:00:00,32.0,282.8
AL032003,2003-06-28 06:00:00,19.5,271.0
AL032004,2004-08-09 12:00:00,11.4,300.8
AL032005,2005-07-03 18:00:00,18.3,273.3
AL032006,2006-07-18 12:00:00,32.3,286.7
AL032007,2007-07-31 00:00:00,35.5,293.5
AL032008,2008-07-19 00:00:00,31.7,280.2
AL032009,2009-08-15 06:00:00,11.8,328.0
AL032010,2010-07-22 06:00:00,21.5,286.2
AL032011,2011-07-20 06:00:00,33.0,300.5
AL032012,2012-06-17 00:00:00,28.8,291.2
AL032013,2013-07-07 12:00:00,9.3,318.6
AL032014,2014-07-29 06:00:00,9.6,322.9
AL032015,2015-07-12 00:00:00,35.4,284.6
AL032016,2016-06-05 12:00:00,21.6,272.0
AL032017,2017-06-19 18:00:00,23.6,271.4
AL032018,2018-07-05 06:00:00,30.7,291.5
AL032019,2019-07-22 12:00:00,24.6,282.6
AL032020,2020-06-01 18:00:00,19.4,269.1
AL032021,2021-06-17 18:00:00,22.5,267.8
AL032022,2022-07-01 18:00:00,31.8,279.5
AL032023,2023-06-19 06:00:00,10.7,322.7
AL032024,2024-06-30 18:00:00,19.7,264.6
AL041851,1851-08-16 00:00:00,13.4,312.0
AL041852,1852-09-22 00:00:00,16.1,301.5
AL041853,1853-09-08 00:00:00,37.0,307.0
AL041854,1854-09-18 00:00:00,28.2,266.4
AL041855,1855-08-24 00:00:00,12.0,304.1
AL041856,1856-08-21 12:00:00,23.0,277.5
AL041857,1857-09-24 00:00:00,16.0,305.3
AL041858,1858-09-17 00:00:00,18.4,318.6
AL041859,1859-09-12 06:00:00,35.5,302.5
AL041860,1860-09-11 00:00:00,25.1,276.2
AL041861,1861-09-17 12:00:00,28.5,310.0
AL041862,1862-10-06 00:00:00,13.0,299.0
AL041863,1863-08-27 00:00:00,29.5,284.5
AL041864,1864-09-05 00:00:00,33.0,287.5
AL041865,1865-09-06 00:00:00,16.0,304.5
AL041866,1866-09-18 12:00:00,15.0,330.5
AL041867,1867-08-31 00:00:00,30.8,288.4
AL041868,1868-10-15 00:00:00,26.1,286.7
AL041869,1869-09-01 00:00:00,28.0,287.0
AL041870,1870-09-09 00:00:00,24.2,296.0
AL041871,1871-08-17 00:00:00,11.2,329.3
AL041872,1872-09-30 00:00:00,13.0,328.3
AL041873,1873-09-22 00:00:00,22.2,273.9
AL041874,1874-09-02 00:00:00,20.4,265.4
AL041875,1875-09-24 00:00:00,23.4,266.6
AL041876,1876-09-29 00:00:00,14.1,301.2
AL041877,1877-09-21 00:00:00,11.7,304.5
AL041878,1878-08-25 00:00:00,24.7,282.9
AL041879,1879-08-29 00:00:00,23.5,271.5
AL041880,1880-08-24 00:00:00,24.7,302.5
AL041881,1881-08-16 00:00:00,20.2,273.0
AL041882,1882-09-21 00:00:00,28.5,283.2
AL041883,1883-10-22 00:00:00,27.5,282.4
AL041884,1884-10-07 00:00:00,16.2,283.4
AL041885,1885-09-17 00:00:00,21.2,264.5
AL041886,1886-07-14 06:00:00,18.9,277.1
AL041887,1887-07-20 00:00:00,12.0,302.4
AL041888,1888-08-31 00:00:00,19.3,299.7
AL041889,1889-09-01 00:00:00,11.9,305.0
AL041890,1890-10-31 00:00:00,14.3,279.7
AL041891,1891-09-02 06:00:00,19.3,301.8
AL041892,1892-09-08 18:00:00,22.0,267.2
AL041893,1893-08-15 06:00:00,14.0,323.5
AL041894,1894-09-18 00:00:00,13.4,309.5
AL041895,1895-10-02 00:00:00,17.4,277.1
AL041896,1896-09-22 06:00:00,16.7,298.2
AL041897,1897-09-25 00:00:00,19.6,277.1
AL041898,1898-09-05 12:00:00,11.2,333.1
AL041899,1899-08-29 06:00:00,16.8,302.7
AL041900,1900-09-11 00:00:00,20.0,274.8
AL041901,1901-08-02 00:00:00,32.6,321.6
AL041902,1902-10-03 00:00:00,14.0,266.2
AL041903,1903-09-12 00:00:00,22.5,304.4
AL041904,1904-10-12 06:00:00,15.3,284.3
AL041905,1905-10-01 06:00:00,11.0,280.8
AL041906,1906-08-25 12:00:00,14.0,339.0
AL041907,1907-10-17 06:00:00,26.3,292.6
AL041908,1908-07-29 00:00:00,29.6,266.0
AL041909,1909-07-13 12:00:00,12.3,299.5
AL041910,1910-09-24 06:00:00,27.8,299.5
AL041911,1911-09-03 12:00:00,12.0,303.0
AL041912,1912-09-10 12:00:00,29.0,276.0
AL041913,1913-08-30 12:00:00,28.5,287.5
AL041915,1915-08-31 12:00:00,15.0,280.5
AL041916,1916-07-11 06:00:00,25.9,288.8
AL041917,1917-09-20 00:00:00,13.4,302.9
AL041918,1918-08-31 12:00:00,35.0,309.0
AL041919,1919-09-29 00:00:00,27.5,284.5
AL041920,1920-09-23 12:00:00,32.5,303.0
AL041921,1921-09-08 00:00:00,23.0,296.6
AL041922,1922-10-11 00:00:00,12.0,284.5
AL041923,1923-09-10 00:00:00,27.0,287.0
AL041924,1924-08-26 00:00:00,13.7,312.0
AL041925,1925-11-27 00:00:00,20.2,274.1
AL041926,1926-09-01 00:00:00,13.8,318.8
AL041927,1927-09-23 00:00:00,19.0,310.8
AL041928,1928-09-06 00:00:00,14.2,343.0
AL041929,1929-10-15 00:00:00,31.8,322.6
AL041931,1931-08-16 06:00:00,14.2,300.7
AL041932,1932-08-30 18:00:00,18.8,296.4
AL041933,1933-07-24 12:00:00,31.0,303.0
AL041934,1934-08-20 18:00:00,13.5,302.3
AL041935,1935-08-30 00:00:00,20.5,274.0
AL041936,1936-07-26 06:00:00,23.2,275.5
AL041937,1937-09-09 00:00:00,17.9,305.5
AL041938,1938-08-23 06:00:00,13.9,286.2
AL041939,1939-09-23 00:00:00,19.3,265.8
AL041940,1940-08-26 12:00:00,26.2,294.7
AL041941,1941-09-23 18:00:00,13.7,299.7
AL041942,1942-08-25 06:00:00,27.5,297.5
AL041943,1943-09-01 06:00:00,24.5,300.5
AL041944,1944-08-16 18:00:00,12.1,300.5
AL041945,1945-08-17 18:00:00,17.4,306.5
AL041946,1946-09-12 00:00:00,23.5,281.0
AL041947,1947-09-04 06:00:00,14.5,339.9
AL041948,1948-08-30 18:00:00,12.9,304.6
AL041949,1949-09-03 00:00:00,18.5,294.6
AL041950,1950-08-30 18:00:00,15.2,304.4
AL041951,1951-08-12 00:00:00,12.1,315.9
AL041952,1952-08-31 06:00:00,15.4,306.1
AL041953,1953-08-28 06:00:00,14.0,339.5
AL041954,1954-07-10 12:00:00,31.8,279.0
AL041955,1955-08-21 12:00:00,11.4,318.0
AL041956,1956-09-07 00:00:00,24.8,285.0
AL041957,1957-09-02 06:00:00,13.0,338.7
AL041958,1958-08-23 18:00:00,25.0,287.0
AL041959,1959-07-04 12:00:00,31.5,281.0
AL041960,1960-08-17 18:00:00,26.0,285.3
AL041961,1961-09-05 12:00:00,13.5,342.3
AL041962,1962-09-29 06:00:00,14.5,311.1
AL041963,1963-09-16 12:00:00,26.7,266.3
AL041964,1964-08-08 06:00:00,33.0,293.0
AL041965,1965-09-16 06:00:00,13.3,339.9
AL041966,1966-07-21 06:00:00,31.5,316.0
AL041970,1970-07-31 00:00:00,18.5,277.5
AL041971,1971-08-03 12:00:00,31.0,296.5
AL041972,1972-07-10 12:00:00,27.0,281.5
AL041973,1973-07-01 18:00:00,26.0,292.2
AL041974,1974-07-13 12:00:00,28.5,273.0
AL041975,1975-07-24 00:00:00,26.0,291.6
AL041976,1976-07-20 12:00:00,31.0,288.0
AL041977,1977-08-01 12:00:00,11.5,342.5
AL041978,1978-07-30 18:00:00,25.7,263.0
AL041979,1979-07-09 12:00:00,22.0,264.0
AL041980,1980-07-31 12:00:00,11.0,330.0
AL041981,1981-06-03 06:00:00,19.4,265.7
AL041982,1982-09-06 00:00:00,16.8,307.0
AL041983,1983-08-23 18:00:00,26.0,284.0
AL041984,1984-08-06 12:00:00,37.0,291.8
AL041985,1985-08-12 00:00:00,18.5,279.3
AL041986,1986-08-04 06:00:00,24.0,267.1
AL041987,1987-08-13 00:00:00,12.5,313.0
AL041988,1988-08-31 18:00:00,20.1,269.0
AL041989,1989-07-30 12:00:00,22.5,270.0
AL041990,1990-07-31 00:00:00,10.1,337.8
AL041991,1991-08-24 12:00:00,14.5,336.9
AL041992,1992-08-16 18:00:00,10.8,324.5
AL041993,1993-08-14 12:00:00,14.1,300.5
AL041994,1994-08-16 12:00:00,11.3,320.6
AL041995,1995-07-28 18:00:00,26.2,273.4
AL041996,1996-08-19 06:00:00,17.3,279.8
AL041997,1997-07-13 00:00:00,31.3,286.4
AL041998,1998-08-24 06:00:00,13.4,325.7
AL041999,1999-08-19 00:00:00,13.5,341.1
AL042000,2000-08-08 12:00:00,28.2,285.8
AL042001,2001-08-14 18:00:00,12.8,323.0
AL042002,2002-08-29 12:00:00,9.5,328.8
AL042003,2003-07-07 00:00:00,11.1,306.5
AL042004,2004-08-13 12:00:00,12.3,338.2
AL042005,2005-07-04 18:00:00,12.0,299.2
AL042006,2006-08-01 00:00:00,16.3,301.9
AL042007,2007-08-13 06:00:00,12.2,331.1
AL042008,2008-07-20 12:00:00,17.8,276.4
AL042009,2009-08-16 06:00:00,27.0,276.6
AL042010,2010-08-02 12:00:00,12.5,319.3
AL042011,2011-07-27 06:00:00,21.6,274.3
AL042012,2012-06-23 12:00:00,25.5,272.4
AL042013,2013-07-22 18:00:00,11.3,340.0
AL042014,2014-08-23 18:00:00,21.5,287.8
AL042015,2015-08-17 00:00:00,9.6,330.7
AL042016,2016-06-18 18:00:00,19.4,268.4
AL042017,2017-07-05 12:00:00,11.8,324.1
AL042018,2018-08-02 18:00:00,41.2,326.3
AL042019,2019-08-20 18:00:00,40.1,300.3
AL042020,2020-06-22 06:00:00,38.6,292.9
AL042021,2021-06-27 18:00:00,29.8,287.2
AL042023,2023-06-22 00:00:00,10.4,320.1
AL042024,2024-08-02 12:00:00,20.4,284.2
AL051851,1851-09-13 00:00:00,32.5,286.5
AL051852,1852-10-06 00:00:00,17.0,286.2
AL051853,1853-09-21 12:00:00,20.0,265.0
AL051854,1854-10-20 00:00:00,25.0,292.4
AL051855,1855-09-15 00:00:00,26.7,270.9
AL051856,1856-08-25 00:00:00,21.0,290.2
AL051858,1858-09-22 12:00:00,21.9,286.0
AL051859,1859-09-15 00:00:00,28.0,271.0
AL051860,1860-09-18 00:00:00,22.2,293.9
AL051861,1861-09-27 06:00:00,28.5,282.5
AL051862,1862-10-14 00:00:00,33.0,290.4
AL051863,1863-09-09 00:00:00,18.5,299.8
AL051864,1864-10-22 00:00:00,28.5,288.0
AL051865,1865-09-07 00:00:00,29.7,268.0
AL051866,1866-09-22 00:00:00,40.0,297.5
AL051867,1867-09-08 12:00:00,17.0,302.0
AL051869,1869-09-04 00:00:00,26.2,271.6
AL051870,1870-09-17 00:00:00,30.2,291.9
AL051871,1871-08-30 00:00:00,26.7,294.4
AL051872,1872-10-22 00:00:00,23.4,270.7
AL051873,1873-09-26 00:00:00,14.7,297.7
AL051874,1874-09-08 00:00:00,25.8,289.4
AL051875,1875-10-07 00:00:00,23.7,291.5
AL051876,1876-10-12 00:00:00,12.0,281.0
AL051877,1877-09-24 00:00:00,21.2,292.0
AL051878,1878-09-01 00:00:00,8.5,305.8
AL051879,1879-10-03 00:00:00,14.5,282.4
AL051880,1880-08-26 00:00:00,19.5,317.5
AL051881,1881-08-21 00:00:00,17.6,303.0
AL051882,1882-09-24 00:00:00,30.3,283.2
AL051885,1885-09-18 00:00:00,15.0,306.3
AL051886,1886-08-12 06:00:00,10.5,302.0
AL051887,1887-07-30 06:00:00,9.9,309.9
AL051888,1888-09-06 06:00:00,23.5,288.3
AL051889,1889-09-02 00:00:00,15.9,317.1
AL051891,1891-09-16 00:00:00,19.3,313.5
AL051892,1892-09-12 00:00:00,15.3,340.5
AL051893,1893-08-15 12:00:00,32.2,299.6
AL051894,1894-10-01 00:00:00,12.5,280.9
AL051895,1895-10-12 00:00:00,12.0,315.2
AL051896,1896-10-07 00:00:00,22.5,268.8
AL051897,1897-10-09 18:00:00,12.4,298.3
AL051898,1898-09-12 06:00:00,12.9,280.9
AL051899,1899-09-03 00:00:00,13.2,321.6
AL051900,1900-10-04 06:00:00,21.2,298.7
AL051901,1901-08-18 12:00:00,11.5,307.0
AL051902,1902-11-01 00:00:00,20.0,292.7
AL051903,1903-09-19 00:00:00,20.8,288.4
AL051904,1904-10-19 06:00:00,25.8,314.6
AL051905,1905-10-05 06:00:00,23.0,271.1
AL051906,1906-09-03 12:00:00,10.2,327.0
AL051907,1907-11-06 00:00:00,31.5,320.3
AL051908,1908-08-30 12:00:00,33.0,287.5
AL051909,1909-08-06 00:00:00,16.6,280.5
AL051910,1910-10-09 06:00:00,11.2,280.5
AL051911,1911-09-15 12:00:00,34.0,305.0
AL051912,1912-10-03 12:00:00,28.5,271.5
AL051913,1913-10-02 12:00:00,41.0,289.0
AL051915,1915-09-19 12:00:00,25.5,296.5
AL051916,1916-08-04 12:00:00,24.0,266.0
AL051918,1918-09-02 00:00:00,24.6,303.0
AL051919,1919-11-10 00:00:00,32.0,301.5
AL051920,1920-09-25 06:00:00,25.0,277.0
AL051921,1921-10-15 12:00:00,24.0,276.0
AL051922,1922-10-12 00:00:00,16.5,275.5
AL051923,1923-09-24 18:00:00,21.0,287.0
AL051924,1924-09-13 00:00:00,24.0,275.5
AL051926,1926-09-10 06:00:00,25.6,305.7
AL051927,1927-09-30 12:00:00,23.0,291.0
AL051928,1928-09-08 12:00:00,18.0,312.0
AL051929,1929-10-19 12:00:00,26.5,308.5
AL051931,1931-09-01 00:00:00,18.6,299.1
AL051932,1932-09-04 00:00:00,36.8,312.8
AL051933,1933-07-24 12:00:00,14.0,305.5
AL051934,1934-08-26 06:00:00,27.4,270.6
AL051935,1935-09-23 06:00:00,14.8,285.3
AL051936,1936-07-27 06:00:00,23.6,286.0
AL051937,1937-09-10 06:00:00,31.3,294.5
AL051938,1938-09-09 12:00:00,13.0,314.0
AL051939,1939-10-11 12:00:00,17.5,297.5
AL051940,1940-09-07 18:00:00,15.2,312.7
AL051941,1941-10-03 18:00:00,21.2,297.6
AL051942,1942-09-15 18:00:00,12.5,301.2
AL051943,1943-09-13 00:00:00,26.0,282.2
AL051944,1944-08-18 12:00:00,20.5,275.0
AL051945,1945-08-24 00:00:00,20.5,265.6
AL051946,1946-10-01 12:00:00,32.5,323.5
AL051947,1947-09-07 00:00:00,27.7,274.4
AL051948,1948-09-01 18:00:00,24.3,265.2
AL051949,1949-09-03 06:00:00,23.7,271.0
AL051950,1950-09-01 06:00:00,19.7,276.8
AL051951,1951-08-27 06:00:00,12.3,334.4
AL051952,1952-09-08 00:00:00,42.0,337.0
AL051953,1953-08-29 18:00:00,26.3,279.1
AL051954,1954-07-27 12:00:00,27.8,269.9
AL051955,1955-08-25 18:00:00,24.6,274.9
AL051956,1956-09-10 06:00:00,20.5,268.9
AL051957,1957-09-07 06:00:00,23.9,270.2
AL051958,1958-08-30 06:00:00,12.5,302.0
AL051959,1959-07-22 18:00:00,27.5,268.8
AL051960,1960-08-29 18:00:00,10.2,337.2
AL051961,1961-09-10 12:00:00,11.2,329.0
AL051962,1962-10-14 06:00:00,22.5,287.0
AL051963,1963-09-19 06:00:00,14.0,321.7
AL051964,1964-08-20 18:00:00,13.1,315.7
AL051965,1965-09-24 12:00:00,17.3,275.0
AL051966,1966-07-22 12:00:00,10.0,325.0
AL051968,1968-08-10 06:00:00,25.9,280.0
AL051969,1969-07-25 12:00:00,11.0,305.0
AL051970,1970-08-02 12:00:00,14.0,342.0
AL051971,1971-08-06 12:00:00,25.5,275.5
AL051972,1972-07-16 12:00:00,37.0,321.5
AL051973,1973-07-19 12:00:00,10.5,326.0
AL051974,1974-07-16 00:00:00,29.0,285.0
AL051975,1975-07-25 06:00:00,21.0,267.5
AL051976,1976-07-23 12:00:00,10.5,336.0
AL051977,1977-08-29 12:00:00,26.9,271.6
AL051978,1978-08-05 12:00:00,25.3,269.6
AL051979,1979-07-10 12:00:00,30.0,280.2
AL051980,1980-08-13 00:00:00,15.0,339.0
AL051981,1981-06-17 12:00:00,19.5,268.4
AL051982,1982-09-09 00:00:00,26.2,269.0
AL051983,1983-09-10 12:00:00,30.2,295.6
AL051984,1984-08-18 06:00:00,33.0,295.0
AL051985,1985-08-28 00:00:00,19.8,286.0
AL051986,1986-08-13 12:00:00,30.1,276.0
AL051987,1987-08-18 00:00:00,14.8,340.0
AL051988,1988-09-03 00:00:00,32.5,299.5
AL051989,1989-07-31 06:00:00,14.8,318.2
AL051990,1990-08-04 00:00:00,13.2,280.5
AL051991,1991-08-28 12:00:00,10.5,329.2
AL051992,1992-09-17 18:00:00,33.8,301.0
AL051993,1993-08-22 18:00:00,19.9,307.4
AL051994,1994-08-29 12:00:00,20.5,267.0
AL051995,1995-07-31 00:00:00,22.3,286.8
AL051996,1996-08-19 18:00:00,12.4,340.1
AL051997,1997-07-16 12:00:00,27.4,267.4
AL051998,1998-08-31 12:00:00,21.6,266.5
AL051999,1999-08-24 00:00:00,21.5,292.3
AL052000,2000-08-13 18:00:00,22.5,266.5
AL052001,2001-08-22 12:00:00,17.9,295.7
AL052002,2002-09-01 18:00:00,29.2,281.2
AL052003,2003-07-16 12:00:00,30.8,305.9
AL052004,2004-08-13 18:00:00,9.0,314.4
AL052005,2005-07-11 00:00:00,10.7,317.6
AL052006,2006-08-21 18:00:00,11.6,338.3
AL052007,2007-08-15 00:00:00,23.7,269.3
AL052008,2008-08-03 12:00:00,28.1,272.6
AL052009,2009-08-26 09:00:00,24.3,290.4
AL052010,2010-08-10 06:00:00,25.7,277.0
AL052011,2011-08-02 00:00:00,14.9,298.6
AL052012,2012-08-01 12:00:00,11.6,313.3
AL052013,2013-08-15 00:00:00,13.9,336.7
AL052014,2014-09-01 12:00:00,19.2,267.7
AL052015,2015-08-24 18:00:00,14.3,314.9
AL052016,2016-08-02 06:00:00,16.3,282.5
AL052017,2017-07-17 00:00:00,10.3,312.3
AL052018,2018-08-15 00:00:00,36.9,314.5
AL052019,2019-08-24 06:00:00,10.3,313.6
AL052020,2020-07-04 06:00:00,30.4,288.8
AL052021,2021-06-30 18:00:00,9.4,317.2
AL052022,2022-08-31 12:00:00,37.5,313.4
AL052023,2023-07-11 12:00:00,36.5,304.5
AL052024,2024-08-11 18:00:00,14.4,312.8
AL061851,1851-10-16 00:00:00,28.7,282.0
AL061853,1853-09-26 00:00:00,25.8,298.0
AL061856,1856-09-18 00:00:00,32.0,311.2
AL061858,1858-10-21 00:00:00,21.5,286.4
AL061859,1859-10-02 00:00:00,17.5,284.6
AL061860,1860-09-30 00:00:00,22.4,269.0
AL061861,1861-10-06 00:00:00,20.0,314.0
AL061862,1862-11-22 00:00:00,10.5,280.5
AL061863,1863-09-16 00:00:00,24.7,280.1
AL061865,1865-09-28 12:00:00,25.5,290.5
AL061866,1866-09-24 00:00:00,13.2,325.0
AL061867,1867-09-29 00:00:00,30.1,286.4
AL061869,1869-09-07 00:00:00,27.0,285.5
AL061870,1870-10-05 00:00:00,17.5,286.0
AL061871,1871-09-05 00:00:00,26.0,269.9
AL061874,1874-09-25 00:00:00,17.5,273.6
AL061875,1875-10-12 00:00:00,27.3,285.2
AL061877,1877-10-13 00:00:00,27.0,312.0
AL061878,1878-09-12 00:00:00,12.5,315.0
AL061879,1879-10-09 00:00:00,14.2,304.0
AL061880,1880-09-06 00:00:00,23.9,271.4
AL061881,1881-09-07 00:00:00,23.7,291.0
AL061882,1882-10-05 00:00:00,14.2,278.4
AL061885,1885-09-24 00:00:00,26.4,272.2
AL061886,1886-08-15 00:00:00,14.6,305.5
AL061887,1887-08-14 12:00:00,17.0,301.0
AL061888,1888-09-23 12:00:00,24.3,279.0
AL061889,1889-09-12 00:00:00,15.7,300.5
AL061891,1891-09-29 06:00:00,20.7,305.4
AL061892,1892-09-25 06:00:00,19.5,267.8
AL061893,1893-08-15 12:00:00,18.1,339.8
AL061894,1894-10-11 00:00:00,10.8,302.3
AL061895,1895-10-13 06:00:00,19.4,266.3
AL061896,1896-10-26 06:00:00,8.7,315.8
AL061897,1897-10-23 06:00:00,24.5,282.7
AL061898,1898-09-20 12:00:00,11.0,280.2
AL061899,1899-10-02 06:00:00,20.0,275.9
AL061900,1900-10-10 06:00:00,21.0,268.6
AL061901,1901-08-25 12:00:00,16.0,338.0
AL061903,1903-09-26 06:00:00,22.9,301.2
AL061904,1904-10-31 12:00:00,20.0,268.7
AL061906,1906-09-19 12:00:00,12.0,283.0
AL061908,1908-09-07 12:00:00,15.4,308.3
AL061909,1909-08-20 06:00:00,15.4,304.7
AL061911,1911-10-26 00:00:00,22.5,284.5
AL061912,1912-10-11 12:00:00,18.5,279.3
AL061913,1913-10-28 00:00:00,18.0,273.5
AL061915,1915-09-21 12:00:00,12.3,299.0
AL061916,1916-08-12 06:00:00,13.4,305.0
AL061918,1918-09-09 00:00:00,13.9,300.2
AL061921,1921-10-20 00:00:00,12.7,279.9
AL061923,1923-10-12 06:00:00,10.4,267.0
AL061924,1924-09-20 00:00:00,15.8,337.4
AL061926,1926-09-11 00:00:00,16.6,278.3
AL061927,1927-10-16 00:00:00,16.5,273.0
AL061928,1928-10-10 00:00:00,16.7,324.4
AL061931,1931-09-06 18:00:00,12.4,297.3
AL061932,1932-09-09 06:00:00,19.2,266.7
AL061933,1933-08-13 12:00:00,12.3,338.5
AL061934,1934-09-01 00:00:00,28.8,288.0
AL061935,1935-10-18 12:00:00,13.2,279.0
AL061936,1936-08-04 06:00:00,18.8,300.0
AL061937,1937-09-13 06:00:00,17.0,303.6
AL061938,1938-09-09 12:00:00,12.8,340.6
AL061939,1939-10-28 12:00:00,15.0,278.0
AL061940,1940-09-18 12:00:00,12.0,278.5
AL061941,1941-10-15 06:00:00,20.7,291.0
AL061942,1942-09-18 12:00:00,35.0,295.0
AL061943,1943-09-15 18:00:00,23.8,266.1
AL061944,1944-09-09 00:00:00,25.0,265.0
AL061945,1945-08-29 06:00:00,13.6,277.7
AL061946,1946-10-05 18:00:00,18.2,272.5
AL061947,1947-09-20 06:00:00,19.2,282.3
AL061948,1948-09-04 06:00:00,14.3,339.8
AL061949,1949-09-05 06:00:00,27.3,319.6
AL061950,1950-09-08 06:00:00,15.5,319.0
AL061951,1951-09-01 06:00:00,12.5,328.0
AL061952,1952-09-24 00:00:00,20.0,290.8
AL061953,1953-09-08 06:00:00,18.3,294.9
AL061954,1954-08-25 12:00:00,23.8,285.0
AL061955,1955-09-02 06:00:00,19.0,328.9
AL061956,1956-09-11 18:00:00,23.5,284.3
AL061957,1957-09-16 00:00:00,20.8,267.0
AL061958,1958-09-04 12:00:00,10.1,315.2
AL061959,1959-08-18 00:00:00,14.3,302.1
AL061960,1960-09-12 18:00:00,22.0,267.0
AL061961,1961-09-12 12:00:00,25.8,282.0
AL061962,1962-06-29 00:00:00,32.2,282.3
AL061963,1963-09-23 12:00:00,11.2,308.5
AL061964,1964-08-28 12:00:00,14.0,343.0
AL061965,1965-10-12 12:00:00,16.5,312.5
AL061966,1966-08-21 00:00:00,12.9,339.5
AL061968,1968-08-26 12:00:00,26.6,273.0
AL061969,1969-07-25 06:00:00,9.0,333.0
AL061971,1971-08-10 12:00:00,26.7,280.1
AL061972,1972-07-31 12:00:00,29.0,303.0
AL061973,1973-07-30 12:00:00,32.6,285.9
AL061974,1974-08-10 12:00:00,38.0,290.0
AL061975,1975-07-28 12:00:00,29.0,274.0
AL061976,1976-07-28 18:00:00,28.0,307.7
AL061977,1977-09-03 06:00:00,26.8,273.7
AL061978,1978-08-07 12:00:00,13.0,325.0
AL061979,1979-07-15 12:00:00,12.5,313.7
AL061980,1980-08-14 00:00:00,12.7,324.5
AL061981,1981-06-29 12:00:00,36.0,295.0
AL061982,1982-09-13 12:00:00,19.8,290.5
AL061983,1983-09-26 18:00:00,28.0,287.0
AL061984,1984-08-28 18:00:00,10.5,309.0
AL061985,1985-09-08 12:00:00,20.0,333.0
AL061986,1986-08-30 12:00:00,12.5,325.5
AL061987,1987-08-30 12:00:00,14.0,328.0
AL061988,1988-09-07 00:00:00,12.5,342.5
AL061989,1989-08-08 18:00:00,15.8,339.2
AL061990,1990-08-02 18:00:00,38.0,337.0
AL061991,1991-09-04 12:00:00,26.7,304.1
AL061992,1992-09-21 18:00:00,30.0,327.0
AL061993,1993-08-23 12:00:00,13.6,329.2
AL061994,1994-09-09 12:00:00,13.1,303.2
AL061995,1995-08-05 18:00:00,20.2,264.8
AL061996,1996-08-23 12:00:00,14.0,339.0
AL061997,1997-07-17 06:00:00,12.0,308.5
AL061998,1998-09-08 18:00:00,25.5,265.5
AL061999,1999-08-24 06:00:00,11.5,306.4
AL062000,2000-08-17 12:00:00,14.2,308.1
AL062001,2001-09-01 18:00:00,12.5,325.7
AL062002,2002-09-05 18:00:00,28.0,266.2
AL062003,2003-07-19 18:00:00,12.3,316.5
AL062004,2004-08-25 00:00:00,11.1,324.8
AL062005,2005-07-21 18:00:00,25.0,285.0
AL062006,2006-08-24 18:00:00,12.7,298.4
AL062007,2007-08-31 12:00:00,11.5,303.4
AL062008,2008-08-15 12:00:00,18.4,292.6
AL062009,2009-09-01 18:00:00,16.7,302.7
AL062010,2010-08-21 12:00:00,10.7,328.9
AL062011,2011-08-12 12:00:00,34.7,294.0
AL062012,2012-08-03 06:00:00,12.2,336.9
AL062013,2013-08-25 12:00:00,18.7,265.8
AL062014,2014-09-10 18:00:00,13.7,326.8
AL062015,2015-08-30 00:00:00,11.6,342.5
AL062016,2016-08-16 18:00:00,12.0,327.8
AL062017,2017-07-30 18:00:00,28.4,274.6
AL062018,2018-08-30 06:00:00,12.8,343.1
AL062019,2019-08-26 12:00:00,31.7,287.3
AL062020,2020-07-05 12:00:00,27.7,271.2
AL062021,2021-08-09 18:00:00,13.9,301.3
AL062022,2022-09-02 18:00:00,17.9,301.4
AL062023,2023-08-19 00:00:00,14.7,313.4
AL062024,2024-09-08 18:00:00,21.4,265.5
AL071853,1853-09-28 12:00:00,15.0,323.0
AL071859,1859-10-16 00:00:00,25.1,284.9
AL071860,1860-10-20 00:00:00,23.5,289.4
AL071861,1861-10-07 12:00:00,35.3,284.7
AL071863,1863-09-18 12:00:00,22.5,263.5
AL071865,1865-10-18 00:00:00,9.5,279.6
AL071866,1866-10-29 06:00:00,29.5,284.2
AL071867,1867-10-02 00:00:00,23.5,263.5
AL071869,1869-09-11 00:00:00,11.2,321.3
AL071870,1870-10-07 12:00:00,12.0,325.0
AL071871,1871-09-30 00:00:00,21.1,267.9
AL071874,1874-10-31 00:00:00,13.5,281.6
AL071877,1877-10-24 00:00:00,24.5,265.9
AL071878,1878-09-24 00:00:00,15.1,288.1
AL071879,1879-10-24 00:00:00,20.2,275.4
AL071880,1880-09-08 00:00:00,32.0,286.5
AL071881,1881-09-18 00:00:00,35.3,292.0
AL071885,1885-09-26 00:00:00,24.2,304.3
AL071886,1886-08-20 12:00:00,31.7,289.0
AL071887,1887-08-18 06:00:00,18.0,300.0
AL071888,1888-10-08 12:00:00,21.7,266.6
AL071889,1889-09-12 06:00:00,15.2,334.3
AL071891,1891-10-04 12:00:00,15.0,281.0
AL071892,1892-10-05 00:00:00,11.5,303.8
AL071893,1893-08-20 06:00:00,11.8,332.8
AL071894,1894-10-21 06:00:00,21.0,299.7
AL071896,1896-11-27 00:00:00,10.9,298.9
AL071898,1898-09-25 00:00:00,16.2,301.7
AL071899,1899-10-10 12:00:00,10.0,325.0
AL071900,1900-10-24 00:00:00,15.0,295.5
AL071901,1901-08-29 06:00:00,13.6,337.6
AL071903,1903-10-01 00:00:00,17.7,302.7
AL071906,1906-09-22 00:00:00,30.3,328.1
AL071908,1908-09-16 12:00:00,24.7,269.5
AL071909,1909-08-22 00:00:00,23.0,274.3
AL071912,1912-11-11 06:00:00,11.2,280.3
AL071916,1916-08-21 06:00:00,16.0,299.7
AL071921,1921-11-19 00:00:00,20.9,295.0
AL071923,1923-10-15 00:00:00,21.6,296.2
AL071924,1924-09-24 00:00:00,11.3,337.8
AL071926,1926-09-11 12:00:00,15.4,314.0
AL071927,1927-10-30 12:00:00,19.5,280.0
AL071931,1931-09-08 18:00:00,15.2,307.0
AL071932,1932-09-16 00:00:00,30.4,318.4
AL071933,1933-08-14 00:00:00,14.2,294.7
AL071934,1934-09-05 06:00:00,23.9,285.8
AL071935,1935-10-30 06:00:00,32.3,299.1
AL071936,1936-08-07 18:00:00,26.6,272.3
AL071937,1937-09-16 12:00:00,23.1,265.8
AL071938,1938-10-10 18:00:00,16.0,272.5
AL071940,1940-09-22 00:00:00,29.3,310.6
AL071942,1942-09-27 06:00:00,29.8,296.5
AL071943,1943-09-28 06:00:00,29.0,294.2
AL071944,1944-09-09 06:00:00,20.8,301.5
AL071945,1945-09-03 18:00:00,21.0,275.4
AL071946,1946-10-31 18:00:00,21.9,286.5
AL071947,1947-10-05 18:00:00,25.0,281.5
AL071948,1948-09-07 12:00:00,36.0,302.0
AL071949,1949-09-11 18:00:00,31.0,287.2
AL071950,1950-09-27 06:00:00,24.6,309.0
AL071951,1951-09-02 18:00:00,12.6,339.7
AL071952,1952-09-24 12:00:00,12.6,311.3
AL071953,1953-09-15 00:00:00,18.9,296.0
AL071954,1954-08-31 12:00:00,20.5,291.4
AL071955,1955-09-03 18:00:00,19.5,266.7
AL071956,1956-09-20 18:00:00,18.0,273.5
AL071957,1957-09-20 12:00:00,31.7,294.2
AL071958,1958-09-14 06:00:00,17.4,292.5
AL071959,1959-09-09 06:00:00,16.8,314.2
AL071960,1960-09-17 06:00:00,20.9,296.0
AL071961,1961-09-30 06:00:00,16.0,302.0
AL071962,1962-11-26 12:00:00,33.0,287.0
AL071963,1963-09-28 12:00:00,9.2,313.7
AL071964,1964-09-04 06:00:00,17.7,324.4
AL071965,1965-09-04 00:00:00,36.0,305.5
AL071966,1966-09-01 12:00:00,13.7,311.6
AL071969,1969-08-10 18:00:00,26.3,288.3
AL071970,1970-08-11 06:00:00,19.0,340.0
AL071971,1971-08-12 12:00:00,26.0,276.5
AL071972,1972-08-05 12:00:00,15.0,345.0
AL071973,1973-08-09 12:00:00,13.0,340.0
AL071974,1974-08-12 12:00:00,10.5,317.0
AL071975,1975-08-24 12:00:00,22.4,290.2
AL071976,1976-08-06 06:00:00,26.0,287.2
AL071977,1977-09-05 12:00:00,32.8,280.0
AL071978,1978-08-07 12:00:00,13.0,307.5
AL071979,1979-07-23 12:00:00,17.0,324.5
AL071980,1980-08-20 12:00:00,36.0,287.0
AL071981,1981-07-02 06:00:00,24.0,281.0
AL071982,1982-09-24 00:00:00,25.3,288.5
AL071984,1984-08-30 12:00:00,13.1,319.0
AL071985,1985-09-11 12:00:00,11.5,299.5
AL071986,1986-09-01 12:00:00,17.6,273.8
AL071987,1987-09-05 12:00:00,15.2,328.7
AL071988,1988-09-07 06:00:00,22.8,268.0
AL071989,1989-08-18 00:00:00,14.3,337.6
AL071990,1990-08-11 12:00:00,9.0,327.9
AL071991,1991-09-07 00:00:00,10.4,334.2
AL071992,1992-09-22 12:00:00,32.5,285.4
AL071993,1993-09-07 12:00:00,24.7,292.5
AL071994,1994-09-21 18:00:00,10.1,330.1
AL071995,1995-08-08 00:00:00,14.3,329.2
AL071996,1996-08-26 00:00:00,12.7,337.0
AL071997,1997-09-03 06:00:00,10.9,315.9
AL071998,1998-09-15 12:00:00,9.7,334.9
AL071999,1999-09-05 18:00:00,21.6,263.6
AL072000,2000-08-19 18:00:00,12.0,315.5
AL072001,2001-09-07 18:00:00,13.9,331.6
AL072002,2002-09-07 12:00:00,24.3,312.5
AL072003,2003-07-25 12:00:00,29.3,279.9
AL072004,2004-08-27 12:00:00,31.8,281.9
AL072005,2005-07-23 18:00:00,19.3,267.1
AL072006,2006-09-03 18:00:00,14.1,320.6
AL072007,2007-09-08 00:00:00,30.1,288.2
AL072008,2008-08-25 00:00:00,13.5,292.6
AL072009,2009-09-07 18:00:00,11.8,336.0
AL072010,2010-08-24 00:00:00,12.4,340.7
AL072011,2011-08-13 06:00:00,26.2,302.0
AL072012,2012-08-09 18:00:00,13.7,317.0
AL072013,2013-09-04 18:00:00,16.2,294.1
AL072014,2014-10-10 00:00:00,22.0,298.8
AL072015,2015-09-05 06:00:00,12.0,336.9
AL072016,2016-08-21 12:00:00,11.0,340.6
AL072017,2017-08-06 18:00:00,15.5,278.5
AL072018,2018-09-02 18:00:00,22.4,283.0
AL072019,2019-09-03 06:00:00,23.6,266.0
AL072020,2020-07-20 12:00:00,8.9,323.2
AL072021,2021-08-13 06:00:00,15.0,313.3
AL072022,2022-09-14 06:00:00,16.0,312.1
AL072023,2023-08-18 12:00:00,15.4,327.1
AL072024,2024-09-11 12:00:00,15.7,332.1
AL081853,1853-10-19 00:00:00,27.5,281.5
AL081859,1859-10-24 00:00:00,20.2,266.7
AL081861,1861-11-01 06:00:00,25.5,277.9
AL081863,1863-09-26 12:00:00,31.1,289.9
AL081867,1867-10-09 12:00:00,17.5,297.2
AL081869,1869-09-14 12:00:00,16.0,317.0
AL081870,1870-10-10 00:00:00,34.0,309.5
AL081871,1871-10-10 00:00:00,22.7,302.0
AL081877,1877-11-28 00:00:00,23.2,283.5
AL081878,1878-10-09 00:00:00,23.5,268.7
AL081879,1879-11-18 00:00:00,21.7,286.5
AL081880,1880-09-27 00:00:00,23.2,316.5
AL081885,1885-10-10 12:00:00,23.9,277.0
AL081886,1886-09-16 00:00:00,21.0,294.5
AL081887,1887-09-01 00:00:00,28.1,306.3
AL081888,1888-11-01 06:00:00,12.3,300.1
AL081889,1889-09-29 12:00:00,11.3,308.0
AL081891,1891-10-07 12:00:00,18.0,275.0
AL081892,1892-10-13 00:00:00,26.0,288.8
AL081893,1893-09-04 06:00:00,18.4,274.7
AL081898,1898-09-25 18:00:00,20.5,275.5
AL081899,1899-10-15 12:00:00,25.5,282.5
AL081901,1901-09-09 06:00:00,17.6,309.3
AL081903,1903-10-05 00:00:00,25.5,287.5
AL081906,1906-10-08 06:00:00,11.3,283.6
AL081908,1908-09-21 12:00:00,12.5,314.0
AL081909,1909-08-28 00:00:00,23.7,287.0
AL081916,1916-08-27 06:00:00,14.0,312.4
AL081923,1923-10-16 12:00:00,20.5,265.0
AL081924,1924-09-27 00:00:00,16.5,274.0
AL081926,1926-09-21 12:00:00,29.0,311.0
AL081927,1927-11-19 00:00:00,20.5,309.6
AL081931,1931-09-23 06:00:00,18.5,308.3
AL081932,1932-09-18 00:00:00,20.8,265.0
AL081933,1933-08-22 06:00:00,12.6,335.1
AL081934,1934-09-16 12:00:00,13.2,302.8
AL081935,1935-11-03 00:00:00,34.0,298.5
AL081936,1936-08-15 06:00:00,20.6,273.2
AL081937,1937-09-20 06:00:00,15.2,316.7
AL081938,1938-10-16 12:00:00,32.0,296.0
AL081940,1940-10-20 00:00:00,12.0,280.9
AL081942,1942-09-30 12:00:00,24.0,289.0
AL081943,1943-10-01 06:00:00,24.0,299.3
AL081944,1944-09-19 06:00:00,19.3,276.4
AL081945,1945-09-09 12:00:00,16.4,301.7
AL081947,1947-10-08 00:00:00,34.7,317.2
AL081948,1948-09-18 06:00:00,18.2,280.8
AL081949,1949-09-13 06:00:00,16.0,328.0
AL081950,1950-10-01 06:00:00,25.6,271.6
AL081951,1951-09-19 18:00:00,19.4,266.8
AL081952,1952-09-25 12:00:00,12.4,337.3
AL081953,1953-09-15 18:00:00,23.2,269.6
AL081954,1954-09-05 00:00:00,19.8,294.7
AL081955,1955-09-10 06:00:00,13.6,318.6
AL081956,1956-10-31 00:00:00,20.0,285.3
AL081957,1957-10-23 00:00:00,23.3,302.0
AL081958,1958-09-21 06:00:00,17.0,308.0
AL081959,1959-09-20 12:00:00,19.8,291.7
AL081960,1960-09-01 00:00:00,23.0,311.0
AL081961,1961-10-17 00:00:00,19.7,282.1
AL081963,1963-10-17 18:00:00,25.5,288.0
AL081964,1964-09-05 06:00:00,14.5,342.0
AL081965,1965-09-29 00:00:00,32.0,284.5
AL081966,1966-09-20 12:00:00,21.5,264.6
AL081968,1968-09-13 18:00:00,14.5,330.0
AL081969,1969-08-14 12:00:00,13.0,324.5
AL081970,1970-08-07 12:00:00,14.0,341.5
AL081971,1971-08-18 12:00:00,13.0,307.5
AL081972,1972-08-12 12:00:00,32.0,283.0
AL081973,1973-08-18 06:00:00,20.5,276.3
AL081974,1974-08-24 12:00:00,24.0,274.5
AL081975,1975-08-28 12:00:00,33.3,313.7
AL081976,1976-08-18 00:00:00,26.0,276.0
AL081977,1977-09-17 12:00:00,10.0,324.5
AL081978,1978-08-09 12:00:00,26.5,270.0
AL081979,1979-07-31 12:00:00,17.0,306.0
AL081980,1980-08-25 00:00:00,15.9,328.4
AL081981,1981-07-25 06:00:00,23.3,268.2
AL081982,1982-09-30 12:00:00,24.8,294.6
AL081984,1984-08-31 00:00:00,36.6,293.1
AL081985,1985-09-15 18:00:00,23.6,289.2
AL081986,1986-09-07 06:00:00,10.5,308.0
AL081987,1987-09-06 00:00:00,12.8,296.7
AL081988,1988-09-08 18:00:00,12.0,306.0
AL081989,1989-08-26 00:00:00,16.8,339.0
AL081990,1990-08-24 06:00:00,12.6,314.1
AL081991,1991-09-08 18:00:00,24.2,310.9
AL081992,1992-09-25 12:00:00,11.0,325.3
AL081993,1993-09-14 18:00:00,10.6,279.3
AL081994,1994-09-24 12:00:00,16.0,275.5
AL081995,1995-08-09 18:00:00,23.7,265.2
AL081996,1996-09-03 12:00:00,14.9,319.0
AL081997,1997-10-04 18:00:00,24.2,295.5
AL081998,1998-09-17 12:00:00,26.9,269.7
AL081999,1999-09-07 18:00:00,14.6,314.4
AL082000,2000-09-01 12:00:00,14.8,314.8
AL082001,2001-09-11 18:00:00,25.8,275.9
AL082002,2002-09-08 12:00:00,29.0,289.0
AL082003,2003-08-14 18:00:00,26.4,276.7
AL082004,2004-08-27 18:00:00,29.0,294.8
AL082005,2005-08-02 18:00:00,28.2,291.2
AL082006,2006-09-10 18:00:00,20.2,306.2
AL082007,2007-09-12 06:00:00,13.0,316.4
AL082008,2008-08-28 00:00:00,19.4,302.7
AL082009,2009-09-25 06:00:00,14.8,331.0
AL082010,2010-08-30 00:00:00,14.0,318.2
AL082011,2011-08-19 00:00:00,15.4,278.0
AL082012,2012-08-15 12:00:00,27.6,305.4
AL082013,2013-09-06 12:00:00,22.4,262.6
AL082014,2014-10-11 18:00:00,16.4,305.1
AL082015,2015-09-08 06:00:00,31.1,297.8
AL082016,2016-08-27 00:00:00,30.7,295.0
AL082017,2017-08-12 00:00:00,22.4,293.2
AL082018,2018-09-07 12:00:00,13.4,343.2
AL082019,2019-09-03 00:00:00,16.1,329.9
AL082020,2020-07-23 00:00:00,25.7,271.7
AL082021,2021-08-15 00:00:00,35.8,296.6
AL082022,2022-09-19 12:00:00,28.7,313.7
AL082023,2023-08-19 18:00:00,12.8,299.5
AL091863,1863-09-29 00:00:00,28.5,264.3
AL091867,1867-10-27 00:00:00,19.0,309.5
AL091869,1869-10-01 12:00:00,17.0,292.5
AL091870,1870-10-19 00:00:00,19.5,275.9
AL091878,1878-10-09 00:00:00,15.6,322.0
AL091880,1880-10-05 00:00:00,18.2,274.9
AL091886,1886-09-22 00:00:00,22.9,293.3
AL091887,1887-09-11 12:00:00,13.3,303.0
AL091888,1888-11-17 00:00:00,23.2,304.0
AL091889,1889-10-05 06:00:00,20.0,277.5
AL091891,1891-10-12 12:00:00,12.5,298.7
AL091892,1892-10-21 00:00:00,23.0,267.4
AL091893,1893-09-25 06:00:00,11.6,335.0
AL091898,1898-10-02 06:00:00,11.4,302.3
AL091899,1899-10-26 00:00:00,16.2,281.2
AL091901,1901-09-12 00:00:00,11.1,331.9
AL091903,1903-10-21 06:00:00,21.2,288.0
AL091906,1906-10-14 06:00:00,33.7,298.0
AL091908,1908-10-14 12:00:00,11.7,281.5
AL091909,1909-09-13 12:00:00,17.5,289.0
AL091916,1916-09-04 12:00:00,24.2,284.5
AL091923,1923-10-24 06:00:00,19.3,300.2
AL091924,1924-10-11 12:00:00,25.5,272.0
AL091926,1926-10-03 00:00:00,14.5,281.0
AL091931,1931-10-13 12:00:00,24.8,284.4
AL091932,1932-09-25 06:00:00,16.8,303.3
AL091933,1933-08-23 12:00:00,21.2,296.5
AL091934,1934-09-18 00:00:00,14.4,337.5
AL091936,1936-08-20 06:00:00,25.5,283.7
AL091937,1937-09-26 06:00:00,23.2,280.6
AL091938,1938-11-07 06:00:00,20.2,287.6
AL091940,1940-10-24 18:00:00,22.0,287.5
AL091942,1942-10-10 06:00:00,29.6,288.7
AL091943,1943-10-11 06:00:00,12.7,299.5
AL091944,1944-09-21 12:00:00,17.1,318.5
AL091945,1945-09-12 00:00:00,19.0,301.5
AL091947,1947-10-08 18:00:00,13.5,277.7
AL091948,1948-10-03 12:00:00,16.7,276.5
AL091949,1949-09-20 12:00:00,26.0,268.2
AL091950,1950-10-08 06:00:00,23.3,269.6
AL091951,1951-09-29 00:00:00,20.2,274.2
AL091952,1952-10-06 12:00:00,15.2,309.0
AL091953,1953-09-23 12:00:00,15.0,282.0
AL091954,1954-09-06 06:00:00,34.0,315.8
AL091955,1955-09-12 00:00:00,19.2,293.9
AL091956,1956-06-07 06:00:00,34.0,284.9
AL091958,1958-09-24 06:00:00,17.5,308.5
AL091959,1959-09-27 12:00:00,26.8,310.1
AL091961,1961-10-26 00:00:00,10.5,281.0
AL091963,1963-10-25 06:00:00,14.8,301.7
AL091964,1964-09-13 06:00:00,14.7,315.5
AL091965,1965-10-16 06:00:00,27.5,282.0
AL091966,1966-09-21 12:00:00,9.9,324.9
AL091968,1968-09-14 12:00:00,31.9,287.0
AL091969,1969-08-14 00:00:00,18.3,280.3
AL091970,1970-08-18 00:00:00,11.5,315.7
AL091971,1971-08-20 12:00:00,11.5,313.0
AL091972,1972-08-16 12:00:00,14.0,343.0
AL091973,1973-08-25 12:00:00,11.0,346.0
AL091974,1974-08-26 12:00:00,27.0,291.0
AL091975,1975-09-03 12:00:00,13.5,336.0
AL091976,1976-08-18 12:00:00,31.7,291.8
AL091977,1977-09-22 12:00:00,20.0,265.0
AL091978,1978-08-26 12:00:00,23.4,271.6
AL091979,1979-08-25 12:00:00,11.7,323.9
AL091980,1980-09-01 00:00:00,15.6,322.0
AL091981,1981-08-02 18:00:00,36.1,292.2
AL091984,1984-09-06 12:00:00,21.0,264.0
AL091985,1985-09-16 12:00:00,13.3,336.4
AL091986,1986-09-10 18:00:00,21.8,309.2
AL091987,1987-09-07 00:00:00,28.6,282.0
AL091988,1988-09-19 18:00:00,13.4,328.4
AL091989,1989-08-27 06:00:00,13.0,311.8
AL091990,1990-08-25 00:00:00,12.5,325.0
AL091991,1991-10-15 00:00:00,18.9,274.3
AL091992,1992-09-26 18:00:00,26.2,290.9
AL091993,1993-09-18 18:00:00,26.7,298.2
AL091994,1994-09-27 12:00:00,13.8,339.2
AL091995,1995-08-22 00:00:00,13.2,327.0
AL091996,1996-09-24 12:00:00,8.6,336.7
AL091997,1997-10-14 12:00:00,20.0,291.3
AL091998,1998-09-19 00:00:00,13.4,333.4
AL091999,1999-09-11 12:00:00,12.6,335.8
AL092000,2000-09-08 18:00:00,27.5,266.5
AL092001,2001-09-19 18:00:00,13.4,278.1
AL092002,2002-09-12 00:00:00,26.3,273.4
AL092003,2003-08-21 18:00:00,14.5,294.5
AL092004,2004-09-02 18:00:00,9.7,332.4
AL092005,2005-08-04 18:00:00,12.9,326.5
AL092006,2006-09-12 12:00:00,11.9,338.0
AL092007,2007-09-12 06:00:00,27.3,265.0
AL092008,2008-09-01 06:00:00,17.2,323.0
AL092009,2009-09-27 18:00:00,46.0,316.8
AL092010,2010-09-01 00:00:00,12.2,327.8
AL092011,2011-08-21 00:00:00,15.0,301.0
AL092012,2012-08-20 12:00:00,15.7,315.2
AL092013,2013-09-08 00:00:00,13.0,342.4
AL092014,2014-10-21 00:00:00,19.5,264.7
AL092015,2015-09-15 00:00:00,11.5,319.7
AL092016,2016-08-28 18:00:00,23.8,278.6
AL092017,2017-08-16 06:00:00,13.7,314.2
AL092018,2018-09-07 12:00:00,13.5,325.0
AL092019,2019-09-12 12:00:00,23.0,285.8
AL092020,2020-07-28 12:00:00,12.5,306.0
AL092021,2021-08-26 12:00:00,16.5,281.1
AL092022,2022-09-22 18:00:00,12.3,293.7
AL092023,2023-08-21 12:00:00,24.7,270.8
AL092024,2024-09-23 12:00:00,17.2,278.3
AL101869,1869-10-04 00:00:00,31.5,284.5
AL101870,1870-10-23 12:00:00,21.0,288.0
AL101878,1878-10-13 00:00:00,16.6,323.8
AL101880,1880-10-10 00:00:00,23.9,294.7
AL101886,1886-10-08 00:00:00,19.9,277.5
AL101887,1887-09-14 18:00:00,23.0,306.3
AL101891,1891-11-03 00:00:00,24.1,286.2
AL101893,1893-09-27 12:00:00,16.4,278.3
AL101898,1898-10-21 00:00:00,18.5,274.2
AL101899,1899-11-07 00:00:00,11.7,281.7
AL101901,1901-09-21 00:00:00,13.7,287.0
AL101903,1903-11-17 06:00:00,19.0,323.0
AL101906,1906-10-15 06:00:00,21.0,290.6
AL101908,1908-10-19 12:00:00,35.0,288.0
AL101909,1909-09-24 00:00:00,22.0,277.0
AL101916,1916-09-13 12:00:00,20.5,304.0
AL101924,1924-10-14 00:00:00,15.7,276.5
AL101926,1926-10-14 06:00:00,11.5,278.8
AL101931,1931-10-18 12:00:00,17.2,274.5
AL101932,1932-09-28 00:00:00,35.5,311.0
AL101933,1933-08-26 18:00:00,18.9,267.7
AL101934,1934-10-01 12:00:00,26.1,321.7
AL101936,1936-08-25 18:00:00,13.3,334.5
AL101937,1937-10-02 00:00:00,24.5,272.3
AL101942,1942-10-13 12:00:00,19.4,283.1
AL101943,1943-10-20 12:00:00,16.0,279.0
AL101944,1944-09-30 00:00:00,33.1,315.9
AL101945,1945-10-02 06:00:00,15.5,279.0
AL101947,1947-10-17 00:00:00,19.0,296.8
AL101948,1948-11-08 18:00:00,25.8,294.0
AL101949,1949-09-20 12:00:00,14.2,299.2
AL101950,1950-10-11 12:00:00,22.4,313.0
AL101951,1951-10-12 06:00:00,15.5,279.8
AL101952,1952-10-20 12:00:00,11.4,282.3
AL101953,1953-10-02 06:00:00,13.1,324.5
AL101954,1954-09-10 12:00:00,22.5,265.5
AL101955,1955-09-21 12:00:00,13.2,307.4
AL101956,1956-10-09 06:00:00,15.3,314.0
AL101958,1958-10-04 12:00:00,18.5,278.9
AL101959,1959-10-06 18:00:00,23.2,267.5
AL101961,1961-11-02 00:00:00,22.5,301.0
AL101963,1963-06-01 12:00:00,26.0,282.2
AL101964,1964-09-28 12:00:00,21.2,280.0
AL101965,1965-11-26 18:00:00,26.0,302.0
AL101966,1966-09-27 00:00:00,10.8,316.8
AL101968,1968-09-18 12:00:00,12.6,332.2
AL101970,1970-09-03 12:00:00,17.4,316.0
AL101971,1971-08-28 12:00:00,24.0,287.0
AL101972,1972-08-22 12:00:00,36.5,296.0
AL101973,1973-09-01 18:00:00,20.5,273.5
AL101974,1974-08-29 06:00:00,16.8,304.2
AL101975,1975-09-03 12:00:00,11.5,342.5
AL101976,1976-08-20 12:00:00,14.0,312.0
AL101977,1977-09-26 18:00:00,28.5,288.5
AL101978,1978-08-30 00:00:00,26.2,300.3
AL101979,1979-08-25 12:00:00,18.0,265.5
AL101980,1980-09-04 12:00:00,17.7,336.0
AL101981,1981-08-07 06:00:00,10.5,334.3
AL101984,1984-09-08 12:00:00,28.5,282.6
AL101985,1985-09-21 18:00:00,29.6,285.7
AL101986,1986-11-18 18:00:00,22.8,297.2
AL101987,1987-09-08 18:00:00,10.8,341.6
AL101988,1988-09-28 18:00:00,9.0,314.5
AL101989,1989-08-30 12:00:00,11.6,339.0
AL101990,1990-09-04 00:00:00,7.2,336.6
AL101991,1991-10-24 12:00:00,13.4,317.7
AL101992,1992-10-22 12:00:00,26.3,299.2
AL101993,1993-09-29 18:00:00,30.0,296.8
AL101994,1994-09-29 06:00:00,20.5,274.0
AL101995,1995-08-22 12:00:00,13.2,310.7
AL101996,1996-10-04 18:00:00,22.7,263.8
AL101998,1998-09-21 06:00:00,9.6,342.6
AL101999,1999-09-19 06:00:00,25.0,272.2
AL102000,2000-09-10 18:00:00,30.9,289.1
AL102001,2001-09-21 12:00:00,25.1,295.8
AL102002,2002-09-14 18:00:00,10.0,299.5
AL102003,2003-08-27 18:00:00,14.6,329.3
AL102004,2004-09-07 12:00:00,31.5,320.3
AL102005,2005-08-13 12:00:00,13.3,316.4
AL102006,2006-09-27 18:00:00,26.1,307.4
AL102007,2007-09-21 12:00:00,29.1,274.6
AL102008,2008-09-02 00:00:00,12.3,338.1
AL102009,2009-10-06 00:00:00,15.1,310.8
AL102010,2010-09-04 18:00:00,17.5,264.4
AL102011,2011-08-25 00:00:00,12.3,331.0
AL102012,2012-08-21 18:00:00,10.7,328.3
AL102013,2013-09-12 06:00:00,19.3,267.8
AL102015,2015-09-15 12:00:00,9.4,335.8
AL102016,2016-09-12 00:00:00,20.0,311.5
AL102018,2018-09-12 00:00:00,37.0,320.2
AL102019,2019-09-17 00:00:00,12.6,317.4
AL102020,2020-07-29 18:00:00,12.7,340.3
AL102021,2021-08-27 12:00:00,13.1,312.7
AL102022,2022-09-23 06:00:00,16.6,340.6
AL102023,2023-08-26 12:00:00,20.8,273.9
AL102024,2024-09-24 12:00:00,38.7,301.6
AL111870,1870-10-30 00:00:00,17.0,274.5
AL111878,1878-10-18 00:00:00,17.2,280.4
AL111880,1880-10-20 12:00:00,27.1,284.7
AL111886,1886-10-10 00:00:00,29.1,299.5
AL111887,1887-10-06 12:00:00,19.7,275.3
AL111893,1893-10-20 12:00:00,18.0,278.0
AL111898,1898-10-27 06:00:00,17.9,298.8
AL111901,1901-10-05 00:00:00,12.0,308.5
AL111906,1906-11-05 00:00:00,18.5,277.5
AL111909,1909-10-06 12:00:00,10.7,284.0
AL111916,1916-09-17 12:00:00,13.0,314.5
AL111924,1924-11-05 12:00:00,12.5,280.0
AL111926,1926-11-12 06:00:00,11.2,280.8
AL111931,1931-11-01 12:00:00,17.5,276.5
AL111932,1932-10-07 00:00:00,15.6,277.6
AL111933,1933-08-31 06:00:00,18.1,303.6
AL111934,1934-10-01 12:00:00,20.6,276.0
AL111936,1936-08-28 00:00:00,18.1,273.8
AL111937,1937-10-18 12:00:00,35.4,314.7
AL111942,1942-11-05 00:00:00,21.8,288.0
AL111944,1944-09-30 06:00:00,14.4,300.7
AL111945,1945-10-10 12:00:00,14.0,282.1
AL111949,1949-09-27 06:00:00,13.2,270.0
AL111950,1950-10-13 06:00:00,16.0,275.8
AL111951,1951-10-15 06:00:00,27.7,284.0
AL111952,1952-11-24 18:00:00,22.5,300.0
AL111953,1953-10-03 18:00:00,22.7,278.7
AL111954,1954-09-15 12:00:00,25.5,271.0
AL111955,1955-09-23 12:00:00,20.0,314.5
AL111956,1956-10-14 12:00:00,22.6,280.2
AL111958,1958-05-25 00:00:00,25.0,279.5
AL111959,1959-10-14 06:00:00,14.0,286.5
AL111961,1961-11-04 00:00:00,19.7,265.7
AL111964,1964-10-09 06:00:00,15.5,277.0
AL111966,1966-11-04 12:00:00,25.5,309.5
AL111967,1967-08-28 18:00:00,15.8,324.2
AL111970,1970-09-05 12:00:00,15.0,342.0
AL111971,1971-09-03 12:00:00,27.5,272.5
AL111972,1972-08-29 12:00:00,29.0,281.5
AL111973,1973-09-06 12:00:00,18.0,274.0
AL111974,1974-09-02 12:00:00,10.0,341.0
AL111975,1975-09-06 12:00:00,21.5,265.0
AL111976,1976-08-27 12:00:00,12.5,322.5
AL111977,1977-10-01 12:00:00,10.0,314.0
AL111978,1978-08-30 12:00:00,27.8,269.0
AL111979,1979-08-29 06:00:00,11.0,334.5
AL111980,1980-09-04 18:00:00,28.3,269.4
AL111981,1981-08-17 06:00:00,12.8,327.0
AL111984,1984-09-14 00:00:00,20.3,263.9
AL111985,1985-10-07 00:00:00,17.8,290.8
AL111987,1987-09-13 12:00:00,14.0,306.0
AL111988,1988-10-10 18:00:00,8.9,317.8
AL111989,1989-09-10 12:00:00,13.2,340.0
AL111990,1990-09-18 12:00:00,15.0,315.0
AL111991,1991-10-25 18:00:00,27.1,295.1
AL111994,1994-11-02 00:00:00,22.7,313.0
AL111995,1995-08-22 18:00:00,23.7,281.3
AL111996,1996-10-11 12:00:00,17.3,273.5
AL111998,1998-09-23 12:00:00,33.3,294.6
AL111999,1999-10-04 06:00:00,20.1,265.9
AL112000,2000-09-14 12:00:00,19.8,272.7
AL112001,2001-10-04 12:00:00,12.3,301.8
AL112002,2002-09-17 12:00:00,32.7,307.6
AL112003,2003-08-30 12:00:00,24.3,267.6
AL112004,2004-09-13 18:00:00,15.9,300.0
AL112005,2005-08-22 12:00:00,19.4,265.5
AL112007,2007-09-23 00:00:00,36.2,313.9
AL112008,2008-09-25 00:00:00,21.5,290.0
AL112009,2009-11-04 06:00:00,11.0,278.7
AL112010,2010-09-08 06:00:00,14.0,337.3
AL112011,2011-08-26 12:00:00,27.3,301.0
AL112012,2012-08-28 18:00:00,23.9,316.6
AL112013,2013-09-28 00:00:00,21.1,310.0
AL112015,2015-09-26 18:00:00,26.8,291.3
AL112016,2016-09-13 06:00:00,27.3,279.8
AL112017,2017-08-30 00:00:00,16.1,333.1
AL112018,2018-09-21 18:00:00,12.9,307.5
AL112019,2019-09-17 12:00:00,28.3,264.3
AL112020,2020-08-10 18:00:00,11.1,325.8
AL112021,2021-08-28 12:00:00,32.1,308.3
AL112022,2022-09-26 18:00:00,13.8,324.2
AL112023,2023-08-29 00:00:00,27.7,308.3
AL112024,2024-09-27 06:00:00,17.1,318.5
AL121878,1878-11-25 00:00:00,14.6,309.7
AL121886,1886-10-21 18:00:00,17.8,287.0
AL121887,1887-10-08 00:00:00,21.0,285.9
AL121893,1893-11-05 00:00:00,26.7,289.2
AL121901,1901-10-15 00:00:00,21.0,280.0
AL121909,1909-11-08 12:00:00,10.5,279.0
AL121916,1916-10-02 06:00:00,26.5,285.4
AL121931,1931-11-11 12:00:00,11.5,281.0
AL121932,1932-10-08 00:00:00,23.6,303.0
AL121933,1933-09-08 00:00:00,15.4,303.4
AL121934,1934-10-19 18:00:00,15.3,283.1
AL121936,1936-09-07 06:00:00,20.8,302.2
AL121944,1944-10-11 00:00:00,35.5,319.6
AL121949,1949-10-02 18:00:00,24.0,303.2
AL121950,1950-10-17 06:00:00,22.0,318.0
AL121951,1951-12-03 12:00:00,39.0,307.0
AL121953,1953-10-07 06:00:00,20.5,273.6
AL121954,1954-09-24 18:00:00,14.1,284.2
AL121955,1955-10-10 06:00:00,28.8,317.8
AL121956,1956-11-19 00:00:00,25.0,313.0
AL121958,1958-10-15 18:00:00,21.3,291.3
AL121959,1959-08-02 00:00:00,35.0,283.5
AL121961,1961-11-17 18:00:00,22.5,305.0
AL121964,1964-11-05 00:00:00,11.6,279.9
AL121966,1966-06-28 12:00:00,19.7,277.5
AL121967,1967-09-04 18:00:00,15.0,341.0
AL121968,1968-09-23 12:00:00,26.4,286.5
AL121969,1969-08-24 18:00:00,29.4,280.8
AL121970,1970-09-08 12:00:00,15.8,277.2
AL121971,1971-09-03 12:00:00,13.5,342.5
AL121972,1972-09-03 12:00:00,30.5,308.5
AL121973,1973-09-14 12:00:00,10.5,337.6
AL121974,1974-09-02 18:00:00,27.2,292.1
AL121975,1975-09-11 12:00:00,32.0,298.0
AL121976,1976-09-04 12:00:00,32.0,283.0
AL121977,1977-10-03 12:00:00,27.5,317.0
AL121978,1978-09-03 12:00:00,14.0,344.0
AL121979,1979-08-30 00:00:00,25.5,270.9
AL121980,1980-09-06 00:00:00,12.5,341.0
AL121981,1981-08-26 18:00:00,20.7,267.4
AL121984,1984-09-15 12:00:00,13.7,338.7
AL121985,1985-10-26 00:00:00,24.5,269.5
AL121987,1987-09-20 00:00:00,9.8,308.7
AL121988,1988-11-17 18:00:00,14.9,285.7
AL121989,1989-09-16 18:00:00,11.3,316.0
AL121990,1990-09-21 06:00:00,14.0,328.0
AL121991,1991-10-28 18:00:00,44.0,301.0
AL121994,1994-11-08 12:00:00,11.9,277.7
AL121995,1995-08-26 12:00:00,15.4,327.3
AL121996,1996-10-14 12:00:00,12.8,279.6
AL121998,1998-10-05 00:00:00,13.9,313.6
AL121999,1999-10-06 00:00:00,14.4,315.2
AL122000,2000-09-15 12:00:00,14.9,307.8
AL122001,2001-10-06 12:00:00,10.6,309.4
AL122002,2002-09-20 18:00:00,28.3,308.2
AL122003,2003-09-03 18:00:00,27.4,272.3
AL122004,2004-09-16 06:00:00,11.2,330.8
AL122005,2005-08-23 18:00:00,23.1,284.9
AL122007,2007-09-25 00:00:00,10.0,324.1
AL122008,2008-09-26 00:00:00,39.0,325.0
AL122010,2010-09-12 06:00:00,12.9,339.5
AL122011,2011-08-28 00:00:00,9.5,341.0
AL122012,2012-08-28 12:00:00,12.9,332.6
AL122013,2013-10-03 06:00:00,21.5,273.2
AL122015,2015-11-08 18:00:00,22.2,288.5
AL122016,2016-09-12 18:00:00,13.1,341.0
AL122017,2017-09-04 06:00:00,9.3,326.5
AL122018,2018-09-22 06:00:00,7.7,338.2
AL122019,2019-09-22 00:00:00,11.5,301.2
AL122020,2020-08-14 12:00:00,36.6,285.8
AL122021,2021-08-31 18:00:00,11.5,339.4
AL122022,2022-10-04 12:00:00,13.6,330.5
AL122023,2023-08-30 00:00:00,14.9,338.7
AL122024,2024-09-29 18:00:00,13.8,327.9
AL131887,1887-10-09 06:00:00,19.1,300.3
AL131901,1901-10-30 12:00:00,19.3,292.7
AL131916,1916-10-06 06:00:00,11.7,300.8
AL131931,1931-11-22 06:00:00,22.0,296.3
AL131932,1932-10-18 00:00:00,25.5,318.0
AL131933,1933-09-10 12:00:00,16.5,272.3
AL131934,1934-11-20 06:00:00,22.7,299.3
AL131936,1936-09-08 06:00:00,13.1,311.5
AL131944,1944-10-12 12:00:00,16.0,279.5
AL131949,1949-10-13 06:00:00,20.8,285.3
AL131950,1950-10-18 00:00:00,25.5,270.5
AL131953,1953-11-23 06:00:00,22.1,304.7
AL131954,1954-09-25 06:00:00,29.2,303.5
AL131955,1955-10-14 18:00:00,12.5,280.7
AL131959,1959-08-28 06:00:00,33.7,305.6
AL131964,1964-07-23 00:00:00,33.8,279.0
AL131966,1966-07-25 12:00:00,28.0,273.0
AL131967,1967-09-05 12:00:00,13.4,303.0
AL131968,1968-09-25 18:00:00,20.0,275.0
AL131969,1969-08-29 00:00:00,12.0,298.0
AL131970,1970-09-12 00:00:00,25.4,282.5
AL131971,1971-09-05 18:00:00,11.4,302.0
AL131972,1972-09-05 00:00:00,23.8,280.6
AL131973,1973-09-24 12:00:00,28.5,282.5
AL131974,1974-09-04 18:00:00,14.7,309.5
AL131975,1975-09-13 06:00:00,17.5,305.9
AL131976,1976-09-05 12:00:00,26.5,275.0
AL131977,1977-10-13 18:00:00,26.9,297.1
AL131978,1978-09-04 00:00:00,12.0,321.0
AL131979,1979-09-01 12:00:00,19.9,338.0
AL131980,1980-09-20 12:00:00,14.6,282.8
AL131981,1981-08-31 12:00:00,29.8,287.3
AL131984,1984-09-16 18:00:00,28.6,294.5
AL131985,1985-11-15 18:00:00,21.1,296.2
AL131987,1987-10-09 06:00:00,15.0,277.4
AL131988,1988-05-31 12:00:00,20.3,275.3
AL131989,1989-10-02 00:00:00,11.9,317.0
AL131990,1990-10-03 12:00:00,15.6,300.7
AL131995,1995-08-28 18:00:00,11.4,332.5
AL131996,1996-11-13 12:00:00,10.5,282.5
AL131998,1998-10-22 00:00:00,11.6,283.9
AL131999,1999-10-12 12:00:00,15.9,278.0
AL132000,2000-09-21 12:00:00,11.5,337.0
AL132001,2001-10-11 06:00:00,27.5,297.0
AL132002,2002-09-21 18:00:00,10.2,315.4
AL132003,2003-09-06 00:00:00,13.8,328.6
AL132004,2004-09-19 18:00:00,13.3,327.6
AL132005,2005-08-28 12:00:00,14.0,314.9
AL132007,2007-09-25 18:00:00,21.8,265.2
AL132008,2008-10-06 00:00:00,18.5,268.3
AL132010,2010-09-13 18:00:00,16.3,281.5
AL132011,2011-09-02 00:00:00,26.6,268.6
AL132012,2012-09-02 00:00:00,28.9,323.3
AL132013,2013-10-21 06:00:00,27.6,304.1
AL132016,2016-09-19 06:00:00,13.2,333.3
AL132017,2017-09-05 12:00:00,22.2,262.8
AL132018,2018-09-22 00:00:00,35.0,315.0
AL132019,2019-09-22 18:00:00,10.9,341.2
AL132020,2020-08-20 00:00:00,14.4,312.7
AL132021,2021-09-08 18:00:00,28.4,273.2
AL132022,2022-10-06 12:00:00,11.4,293.5
AL132023,2023-09-05 12:00:00,12.2,320.4
AL132024,2024-10-01 00:00:00,10.2,335.6
AL141887,1887-10-10 06:00:00,28.2,321.0
AL141916,1916-10-09 06:00:00,18.5,284.4
AL141932,1932-10-30 06:00:00,15.0,304.6
AL141933,1933-09-16 06:00:00,11.3,302.1
AL141936,1936-09-09 12:00:00,19.0,266.0
AL141944,1944-11-01 00:00:00,12.2,278.7
AL141949,1949-10-13 06:00:00,21.8,310.8
AL141950,1950-10-25 12:00:00,24.7,317.8
AL141953,1953-12-07 18:00:00,18.0,307.5
AL141954,1954-10-05 06:00:00,12.0,301.5
AL141959,1959-09-09 00:00:00,32.3,292.5
AL141966,1966-09-27 18:00:00,18.0,331.0
AL141967,1967-09-04 18:00:00,31.0,282.0
AL141968,1968-10-13 12:00:00,14.0,279.5
AL141970,1970-09-22 12:00:00,15.5,339.0
AL141971,1971-09-06 00:00:00,25.5,288.5
AL141972,1972-09-19 12:00:00,37.5,300.5
AL141973,1973-10-08 18:00:00,30.0,294.2
AL141974,1974-09-14 12:00:00,15.3,295.0
AL141975,1975-09-18 06:00:00,17.5,326.5
AL141976,1976-09-13 12:00:00,28.0,278.5
AL141977,1977-10-16 18:00:00,17.3,276.8
AL141978,1978-09-08 12:00:00,23.0,266.0
AL141979,1979-09-04 12:00:00,15.5,339.0
AL141980,1980-10-01 00:00:00,33.6,340.0
AL141981,1981-09-03 12:00:00,16.2,299.7
AL141984,1984-09-23 00:00:00,31.3,301.7
AL141985,1985-12-07 12:00:00,11.2,283.0
AL141987,1987-10-31 18:00:00,16.5,282.5
AL141988,1988-08-13 00:00:00,25.0,285.5
AL141989,1989-10-12 12:00:00,19.4,267.6
AL141990,1990-10-06 06:00:00,36.0,316.0
AL141995,1995-09-09 12:00:00,17.9,318.1
AL141998,1998-11-24 00:00:00,28.3,332.0
AL141999,1999-10-17 18:00:00,9.8,309.2
AL142000,2000-09-25 12:00:00,11.2,330.4
AL142001,2001-10-27 12:00:00,27.2,325.1
AL142002,2002-10-14 12:00:00,16.9,277.4
AL142003,2003-09-08 06:00:00,11.6,338.3
AL142004,2004-10-08 12:00:00,24.0,264.6
AL142005,2005-09-01 12:00:00,18.8,314.5
AL142007,2007-09-28 06:00:00,14.0,334.2
AL142008,2008-10-12 06:00:00,15.5,323.4
AL142010,2010-09-20 00:00:00,15.2,328.0
AL142011,2011-09-06 18:00:00,11.5,324.1
AL142012,2012-09-10 12:00:00,15.5,322.0
AL142013,2013-11-17 00:00:00,23.9,307.6
AL142016,2016-09-28 12:00:00,13.4,300.2
AL142017,2017-09-14 18:00:00,10.4,336.9
AL142018,2018-10-06 18:00:00,17.8,273.4
AL142019,2019-10-08 18:00:00,35.0,285.9
AL142020,2020-08-20 18:00:00,14.1,279.5
AL142021,2021-09-12 12:00:00,21.0,264.8
AL142022,2022-10-11 12:00:00,19.0,265.9
AL142023,2023-09-07 12:00:00,15.5,334.0
AL142024,2024-10-04 18:00:00,21.0,265.4
AL151887,1887-10-15 12:00:00,14.0,312.0
AL151916,1916-11-11 00:00:00,12.3,284.5
AL151932,1932-11-03 06:00:00,13.8,312.2
AL151933,1933-09-24 12:00:00,29.4,325.0
AL151936,1936-09-18 18:00:00,19.0,300.3
AL151949,1949-11-01 12:00:00,26.0,314.5
AL151950,1950-10-27 12:00:00,26.0,334.0
AL151954,1954-11-16 18:00:00,23.7,316.5
AL151966,1966-10-03 12:00:00,13.5,338.0
AL151967,1967-09-19 12:00:00,13.0,341.0
AL151968,1968-11-24 18:00:00,25.0,288.2
AL151969,1969-09-07 12:00:00,18.0,332.5
AL151970,1970-09-30 12:00:00,15.0,305.5
AL151971,1971-09-08 12:00:00,28.5,286.5
AL151972,1972-09-20 12:00:00,13.0,327.0
AL151973,1973-10-10 12:00:00,24.0,289.5
AL151974,1974-09-18 12:00:00,28.0,302.0
AL151975,1975-09-22 18:00:00,10.3,325.2
AL151976,1976-09-20 12:00:00,13.5,332.0
AL151977,1977-10-24 12:00:00,25.5,264.5
AL151978,1978-09-12 00:00:00,29.8,280.0
AL151979,1979-09-15 00:00:00,20.3,273.2
AL151980,1980-10-16 00:00:00,16.2,274.8
AL151981,1981-09-07 00:00:00,14.8,306.0
AL151984,1984-09-25 12:00:00,23.4,287.0
AL151988,1988-08-20 12:00:00,13.0,339.0
AL151989,1989-11-28 12:00:00,17.1,276.0
AL151990,1990-10-09 12:00:00,22.5,280.5
AL151995,1995-09-12 18:00:00,11.7,309.1
AL151999,1999-10-28 18:00:00,11.4,279.1
AL152000,2000-09-28 18:00:00,16.1,277.1
AL152001,2001-10-29 18:00:00,13.3,276.4
AL152003,2003-09-24 12:00:00,28.2,297.6
AL152004,2004-10-10 00:00:00,30.0,294.8
AL152005,2005-09-05 18:00:00,28.4,293.0
AL152007,2007-10-11 12:00:00,29.5,307.4
AL152008,2008-10-13 06:00:00,15.4,291.0
AL152010,2010-09-23 12:00:00,13.7,285.2
AL152011,2011-09-06 18:00:00,20.3,266.1
AL152012,2012-10-02 12:00:00,12.4,322.0
AL152013,2013-12-03 18:00:00,34.3,332.3
AL152016,2016-10-04 06:00:00,23.2,300.2
AL152017,2017-09-16 12:00:00,12.2,310.3
AL152018,2018-10-08 12:00:00,9.3,333.3
AL152019,2019-10-14 12:00:00,12.6,340.7
AL152020,2020-08-30 18:00:00,30.2,279.3
AL152021,2021-09-16 06:00:00,30.4,285.7
AL152022,2022-10-30 18:00:00,15.7,286.7
AL152023,2023-09-15 06:00:00,13.6,317.8
AL152024,2024-10-18 18:00:00,17.2,275.2
AL161887,1887-10-29 12:00:00,26.5,274.0
AL161933,1933-10-01 00:00:00,20.5,289.6
AL161936,1936-10-09 18:00:00,20.3,268.7
AL161949,1949-11-03 06:00:00,18.0,277.5
AL161950,1950-11-10 00:00:00,33.7,301.5
AL161954,1954-12-30 06:00:00,22.1,309.1
AL161966,1966-11-13 18:00:00,30.9,333.3
AL161967,1967-09-25 00:00:00,12.0,333.0
AL161968,1968-09-10 00:00:00,32.0,282.0
AL161969,1969-09-07 00:00:00,26.3,279.6
AL161970,1970-09-26 12:00:00,22.2,284.6
AL161971,1971-09-10 12:00:00,16.0,344.0
AL161972,1972-10-01 12:00:00,29.5,306.5
AL161973,1973-10-16 06:00:00,16.3,278.0
AL161974,1974-09-23 12:00:00,18.0,276.0
AL161975,1975-09-25 12:00:00,19.0,276.0
AL161976,1976-09-22 12:00:00,25.5,269.0
AL161978,1978-09-13 18:00:00,11.0,297.5
AL161979,1979-09-16 12:00:00,15.6,311.5
AL161980,1980-11-07 18:00:00,13.6,277.4
AL161981,1981-09-11 18:00:00,14.0,311.0
AL161984,1984-10-07 06:00:00,24.1,291.1
AL161988,1988-08-20 18:00:00,12.5,299.3
AL161990,1990-10-16 00:00:00,22.2,299.6
AL161995,1995-09-26 18:00:00,10.4,322.3
AL161999,1999-11-13 18:00:00,16.7,278.4
AL162000,2000-10-04 12:00:00,29.0,278.6
AL162001,2001-11-04 00:00:00,33.9,309.6
AL162003,2003-09-25 18:00:00,11.8,322.3
AL162004,2004-11-26 00:00:00,28.0,320.0
AL162005,2005-09-06 06:00:00,25.8,281.4
AL162007,2007-10-24 00:00:00,18.0,299.8
AL162008,2008-10-14 12:00:00,15.5,277.2
AL162010,2010-09-28 00:00:00,19.4,275.9
AL162011,2011-09-20 06:00:00,11.6,323.0
AL162012,2012-10-10 18:00:00,25.5,287.5
AL162016,2016-11-17 18:00:00,12.5,279.3
AL162017,2017-10-03 12:00:00,10.7,279.2
AL162018,2018-10-26 18:00:00,25.4,314.7
AL162019,2019-10-17 12:00:00,22.2,264.3
AL162020,2020-09-01 06:00:00,15.9,284.8
AL162021,2021-09-19 00:00:00,16.4,307.3
AL162022,2022-10-30 18:00:00,34.2,296.0
AL162023,2023-09-21 12:00:00,28.5,284.0
AL162024,2024-10-19 00:00:00,21.0,293.5
AL171887,1887-11-27 12:00:00,22.1,293.0
AL171933,1933-10-01 06:00:00,15.3,278.6
AL171936,1936-12-02 12:00:00,27.0,333.0
AL171966,1966-11-19 18:00:00,23.0,308.0
AL171967,1967-09-26 12:00:00,15.4,338.5
AL171969,1969-09-13 18:00:00,11.2,313.5
AL171971,1971-09-11 00:00:00,27.1,288.0
AL171972,1972-10-05 12:00:00,11.5,342.0
AL171973,1973-11-17 12:00:00,10.0,280.0
AL171974,1974-09-27 12:00:00,10.7,314.9
AL171975,1975-10-03 12:00:00,28.0,327.0
AL171976,1976-09-26 12:00:00,23.0,302.0
AL171978,1978-09-18 12:00:00,13.0,344.0
AL171979,1979-10-12 12:00:00,16.9,272.7
AL171980,1980-11-12 12:00:00,13.0,280.0
AL171981,1981-09-12 00:00:00,11.8,286.2
AL171984,1984-10-25 06:00:00,26.2,288.6
AL171988,1988-09-04 00:00:00,28.0,266.5
AL171995,1995-09-27 18:00:00,19.1,272.7
AL172000,2000-10-15 12:00:00,30.0,288.8
AL172001,2001-11-23 06:00:00,30.5,309.0
AL172003,2003-09-27 18:00:00,18.5,275.3
AL172005,2005-09-17 12:00:00,13.3,305.5
AL172007,2007-12-10 12:00:00,18.3,298.2
AL172008,2008-11-05 18:00:00,13.7,278.3
AL172010,2010-10-06 06:00:00,22.0,292.8
AL172011,2011-09-23 00:00:00,8.3,342.5
AL172012,2012-10-12 18:00:00,14.7,297.3
AL172017,2017-10-06 12:00:00,31.8,320.5
AL172019,2019-10-25 12:00:00,24.7,265.2
AL172020,2020-09-07 00:00:00,16.9,318.7
AL172021,2021-09-19 00:00:00,10.4,332.6
AL172022,2022-11-06 12:00:00,20.6,293.2
AL172023,2023-09-23 06:00:00,15.5,323.4
AL172024,2024-10-31 18:00:00,39.2,319.0
AL181887,1887-12-04 12:00:00,19.2,305.9
AL181933,1933-10-25 06:00:00,13.5,279.9
AL181967,1967-09-26 12:00:00,12.5,313.0
AL181970,1970-10-12 12:00:00,24.5,291.5
AL181971,1971-09-11 18:00:00,11.0,311.5
AL181972,1972-10-16 12:00:00,12.0,331.0
AL181974,1974-10-04 00:00:00,21.0,284.8
AL181975,1975-10-14 12:00:00,21.0,268.0
AL181976,1976-09-26 12:00:00,12.0,325.0
AL181978,1978-09-21 12:00:00,20.0,269.0
AL181979,1979-10-23 12:00:00,29.0,294.0
AL181980,1980-11-25 00:00:00,36.0,314.0
AL181981,1981-09-21 12:00:00,13.5,327.5
AL181984,1984-11-05 18:00:00,14.7,291.2
AL181988,1988-09-27 18:00:00,11.5,339.4
AL181995,1995-10-04 18:00:00,8.3,328.6
AL182000,2000-10-19 12:00:00,26.2,300.1
AL182003,2003-10-10 18:00:00,19.1,291.2
AL182005,2005-09-18 00:00:00,21.3,290.1
AL182010,2010-10-11 00:00:00,13.9,278.2
AL182011,2011-10-22 00:00:00,12.7,279.0
AL182012,2012-10-21 18:00:00,14.3,282.6
AL182017,2017-10-27 18:00:00,17.5,275.8
AL182019,2019-10-23 18:00:00,40.0,321.7
AL182020,2020-09-06 18:00:00,14.6,341.9
AL182021,2021-09-22 18:00:00,10.0,326.9
AL182023,2023-09-28 06:00:00,15.6,315.5
AL182024,2024-11-03 18:00:00,12.7,283.0
AL191887,1887-12-07 06:00:00,12.5,301.5
AL191933,1933-10-26 00:00:00,27.8,284.8
AL191967,1967-10-01 18:00:00,20.3,267.0
AL191969,1969-09-19 12:00:00,24.0,274.6
AL191970,1970-10-20 12:00:00,34.0,312.0
AL191971,1971-09-21 06:00:00,11.5,321.2
AL191972,1972-11-01 18:00:00,35.0,312.5
AL191974,1974-10-30 12:00:00,23.5,300.5
AL191975,1975-10-24 18:00:00,29.1,280.7
AL191976,1976-10-03 12:00:00,15.0,321.0
AL191978,1978-10-02 12:00:00,31.7,328.5
AL191979,1979-10-24 12:00:00,12.0,283.0
AL191981,1981-09-26 00:00:00,8.0,322.0
AL191984,1984-11-23 12:00:00,26.5,280.5
AL191988,1988-10-19 18:00:00,12.9,287.3
AL191995,1995-10-07 18:00:00,14.0,277.9
AL192000,2000-10-25 00:00:00,21.5,290.5
AL192003,2003-10-13 00:00:00,9.5,323.0
AL192005,2005-09-30 12:00:00,11.8,327.3
AL192010,2010-10-19 18:00:00,17.2,276.6
AL192011,2011-11-06 00:00:00,28.5,290.0
AL192012,2012-10-21 18:00:00,20.1,309.2
AL192017,2017-11-04 12:00:00,25.5,307.7
AL192019,2019-10-27 00:00:00,40.5,308.5
AL192020,2020-09-11 18:00:00,25.4,281.4
AL192021,2021-09-24 06:00:00,31.4,298.0
AL192023,2023-10-10 18:00:00,9.6,329.8
AL192024,2024-11-13 18:00:00,16.1,281.6
AL201933,1933-11-15 12:00:00,11.2,280.1
AL201969,1969-09-20 12:00:00,16.0,313.0
AL201970,1970-09-01 12:00:00,25.7,263.4
AL201971,1971-10-06 12:00:00,17.5,275.5
AL201974,1974-11-10 12:00:00,21.0,291.0
AL201975,1975-10-27 12:00:00,13.0,279.0
AL201976,1976-10-12 12:00:00,20.0,314.0
AL201978,1978-10-07 18:00:00,18.0,304.4
AL201979,1979-11-07 12:00:00,24.5,303.9
AL201981,1981-10-29 12:00:00,25.0,312.5
AL201984,1984-12-12 12:00:00,34.5,299.5
AL201995,1995-10-20 12:00:00,13.8,306.2
AL202003,2003-12-04 12:00:00,12.9,283.8
AL202005,2005-10-01 12:00:00,18.9,274.4
AL202010,2010-10-28 18:00:00,25.6,298.8
AL202011,2011-08-31 12:00:00,37.1,295.7
AL202019,2019-11-19 06:00:00,19.4,301.9
AL202020,2020-09-12 06:00:00,11.0,328.6
AL202021,2021-09-29 00:00:00,7.0,338.0
AL202023,2023-10-18 18:00:00,12.9,309.0
AL211967,1967-10-05 12:00:00,16.5,341.7
AL211969,1969-09-21 12:00:00,34.0,288.0
AL211970,1970-09-19 18:00:00,26.8,304.7
AL211971,1971-10-18 00:00:00,25.0,301.5
AL211975,1975-11-08 12:00:00,16.5,275.0
AL211976,1976-10-22 18:00:00,19.1,304.2
AL211978,1978-10-13 12:00:00,40.5,329.0
AL211981,1981-11-03 00:00:00,16.9,278.8
AL211995,1995-10-27 00:00:00,24.6,300.8
AL212003,2003-12-07 18:00:00,27.5,325.5
AL212005,2005-10-04 00:00:00,33.8,328.2
AL212010,2010-10-29 06:00:00,9.0,306.3
AL212020,2020-09-14 00:00:00,17.5,331.8
AL212021,2021-10-25 18:00:00,32.5,283.7
AL212023,2023-10-23 12:00:00,11.4,277.4
AL221969,1969-09-23 12:00:00,40.5,325.0
AL221970,1970-11-13 00:00:00,13.0,278.0
AL221971,1971-11-12 12:00:00,12.0,281.5
AL221975,1975-11-29 12:00:00,25.0,308.0
AL221978,1978-10-26 12:00:00,8.0,334.0
AL221981,1981-11-12 12:00:00,31.0,286.0
AL222005,2005-10-05 06:00:00,27.3,280.3
AL222020,2020-09-17 06:00:00,21.1,265.1
AL231967,1967-10-14 06:00:00,27.0,288.5
AL231969,1969-09-29 12:00:00,23.5,274.5
AL231970,1970-11-26 00:00:00,35.0,300.0
AL231975,1975-12-09 12:00:00,41.6,317.1
AL231978,1978-10-28 18:00:00,23.5,287.3
AL232005,2005-10-08 06:00:00,26.1,302.6
AL232020,2020-09-17 00:00:00,10.2,335.0
AL241967,1967-10-15 12:00:00,15.5,317.5
AL241969,1969-10-01 12:00:00,19.0,276.3
AL241978,1978-11-03 12:00:00,30.0,285.0
AL242005,2005-10-08 06:00:00,32.9,339.4
AL242020,2020-09-14 12:00:00,47.2,338.0
AL251967,1967-10-19 12:00:00,20.5,306.0
AL251969,1969-10-07 12:00:00,19.8,291.8
AL252005,2005-10-15 18:00:00,17.6,281.5
AL252020,2020-10-02 00:00:00,16.6,276.7
AL261969,1969-10-17 00:00:00,18.0,274.7
AL262005,2005-10-22 12:00:00,15.8,292.5
AL262020,2020-10-04 18:00:00,16.4,283.8
AL271967,1967-06-20 00:00:00,30.0,282.0
AL271969,1969-10-28 12:00:00,30.5,317.5
AL272005,2005-10-26 18:00:00,10.4,279.1
AL272020,2020-10-16 12:00:00,31.5,305.1
AL281967,1967-09-01 12:00:00,14.5,335.0
AL281969,1969-10-28 12:00:00,38.0,291.0
AL282005,2005-11-14 00:00:00,13.2,297.9
AL282020,2020-10-24 12:00:00,18.4,277.4
AL291969,1969-11-20 12:00:00,11.2,280.2
AL292005,2005-11-19 12:00:00,27.0,312.0
AL292020,2020-10-31 18:00:00,14.9,287.6
AL301969,1969-08-07 12:00:00,22.0,264.5
AL302005,2005-11-29 06:00:00,31.5,310.8
AL302020,2020-11-08 12:00:00,28.4,312.5
AL312005,2005-12-30 00:00:00,23.9,324.4
AL312020,2020-11-12 12:00:00,15.5,289.1
